-- MySQL dump 10.13  Distrib 8.0.20, for Linux (x86_64)
--
-- Host: mysql    Database: census3
-- ------------------------------------------------------
-- Server version	5.7.27-0ubuntu0.18.04.1

/*!40101 SET @OLD_CHARACTER_SET_CLIENT=@@CHARACTER_SET_CLIENT */;
/*!40101 SET @OLD_CHARACTER_SET_RESULTS=@@CHARACTER_SET_RESULTS */;
/*!40101 SET @OLD_COLLATION_CONNECTION=@@COLLATION_CONNECTION */;
/*!50503 SET NAMES utf8mb4 */;
/*!40103 SET @OLD_TIME_ZONE=@@TIME_ZONE */;
/*!40103 SET TIME_ZONE='+00:00' */;
/*!40014 SET @OLD_UNIQUE_CHECKS=@@UNIQUE_CHECKS, UNIQUE_CHECKS=0 */;
/*!40014 SET @OLD_FOREIGN_KEY_CHECKS=@@FOREIGN_KEY_CHECKS, FOREIGN_KEY_CHECKS=0 */;
/*!40101 SET @OLD_SQL_MODE=@@SQL_MODE, SQL_MODE='NO_AUTO_VALUE_ON_ZERO' */;
/*!40111 SET @OLD_SQL_NOTES=@@SQL_NOTES, SQL_NOTES=0 */;

--
-- Table structure for table `city`
--

DROP TABLE IF EXISTS `city`;
/*!40101 SET @saved_cs_client     = @@character_set_client */;
/*!50503 SET character_set_client = utf8mb4 */;
CREATE TABLE `city` (
  `id` int(11) NOT NULL AUTO_INCREMENT,
  `name` varchar(50) COLLATE utf8mb4_unicode_ci NOT NULL,
  PRIMARY KEY (`id`)
) ENGINE=InnoDB AUTO_INCREMENT=9 DEFAULT CHARSET=utf8mb4 COLLATE=utf8mb4_unicode_ci;
/*!40101 SET character_set_client = @saved_cs_client */;

--
-- Dumping data for table `city`
--

LOCK TABLES `city` WRITE;
/*!40000 ALTER TABLE `city` DISABLE KEYS */;
INSERT INTO `city` VALUES (1,'Juneau'),(2,'Ketchikan'),(3,'Petersburg'),(4,'Sitka'),(5,'Wrangell'),(6,'Fairbanks'),(7,'Nome'),(8,'Anchorage');
/*!40000 ALTER TABLE `city` ENABLE KEYS */;
UNLOCK TABLES;

--
-- Table structure for table `city_state`
--

DROP TABLE IF EXISTS `city_state`;
/*!40101 SET @saved_cs_client     = @@character_set_client */;
/*!50503 SET character_set_client = utf8mb4 */;
CREATE TABLE `city_state` (
  `id` int(11) NOT NULL AUTO_INCREMENT,
  `state_id` int(11) NOT NULL,
  `county_id` int(11) NOT NULL,
  `city_id` int(11) NOT NULL,
  PRIMARY KEY (`id`),
  KEY `IDX_E01975AC5D83CC1` (`state_id`),
  KEY `IDX_E01975AC85E73F45` (`county_id`),
  KEY `IDX_E01975AC8BAC62AF` (`city_id`),
  CONSTRAINT `FK_E01975AC5D83CC1` FOREIGN KEY (`state_id`) REFERENCES `state` (`id`),
  CONSTRAINT `FK_E01975AC85E73F45` FOREIGN KEY (`county_id`) REFERENCES `county` (`id`),
  CONSTRAINT `FK_E01975AC8BAC62AF` FOREIGN KEY (`city_id`) REFERENCES `city` (`id`)
) ENGINE=InnoDB AUTO_INCREMENT=9 DEFAULT CHARSET=utf8mb4 COLLATE=utf8mb4_unicode_ci;
/*!40101 SET character_set_client = @saved_cs_client */;

--
-- Dumping data for table `city_state`
--

LOCK TABLES `city_state` WRITE;
/*!40000 ALTER TABLE `city_state` DISABLE KEYS */;
INSERT INTO `city_state` VALUES (1,2,2,1),(2,2,2,2),(3,2,2,3),(4,2,2,4),(5,2,2,5),(6,2,3,6),(7,2,4,7),(8,2,5,8);
/*!40000 ALTER TABLE `city_state` ENABLE KEYS */;
UNLOCK TABLES;

--
-- Table structure for table `county`
--

DROP TABLE IF EXISTS `county`;
/*!40101 SET @saved_cs_client     = @@character_set_client */;
/*!50503 SET character_set_client = utf8mb4 */;
CREATE TABLE `county` (
  `id` int(11) NOT NULL AUTO_INCREMENT,
  `name` varchar(40) COLLATE utf8mb4_unicode_ci NOT NULL,
  PRIMARY KEY (`id`)
) ENGINE=InnoDB AUTO_INCREMENT=6 DEFAULT CHARSET=utf8mb4 COLLATE=utf8mb4_unicode_ci;
/*!40101 SET character_set_client = @saved_cs_client */;

--
-- Dumping data for table `county`
--

LOCK TABLES `county` WRITE;
/*!40000 ALTER TABLE `county` DISABLE KEYS */;
INSERT INTO `county` VALUES (1,'Alaska State County'),(2,'First Judicial Division County'),(3,'Fourth Judicial Division County'),(4,'Second Judicial Division County'),(5,'Third Judicial Division County');
/*!40000 ALTER TABLE `county` ENABLE KEYS */;
UNLOCK TABLES;

--
-- Table structure for table `doctrine_migration_versions`
--

DROP TABLE IF EXISTS `doctrine_migration_versions`;
/*!40101 SET @saved_cs_client     = @@character_set_client */;
/*!50503 SET character_set_client = utf8mb4 */;
CREATE TABLE `doctrine_migration_versions` (
  `version` varchar(191) COLLATE utf8_unicode_ci NOT NULL,
  `executed_at` datetime DEFAULT NULL,
  `execution_time` int(11) DEFAULT NULL,
  PRIMARY KEY (`version`)
) ENGINE=InnoDB DEFAULT CHARSET=utf8 COLLATE=utf8_unicode_ci;
/*!40101 SET character_set_client = @saved_cs_client */;

--
-- Dumping data for table `doctrine_migration_versions`
--

LOCK TABLES `doctrine_migration_versions` WRITE;
/*!40000 ALTER TABLE `doctrine_migration_versions` DISABLE KEYS */;
INSERT INTO `doctrine_migration_versions` VALUES ('DoctrineMigrations\\Version20200810014637','2020-08-09 21:46:51',432);
/*!40000 ALTER TABLE `doctrine_migration_versions` ENABLE KEYS */;
UNLOCK TABLES;

--
-- Table structure for table `ed_summary`
--

DROP TABLE IF EXISTS `ed_summary`;
/*!40101 SET @saved_cs_client     = @@character_set_client */;
/*!50503 SET character_set_client = utf8mb4 */;
CREATE TABLE `ed_summary` (
  `id` int(11) NOT NULL AUTO_INCREMENT,
  `state_id` int(11) NOT NULL,
  `county_id` int(11) NOT NULL,
  `ed` varchar(20) COLLATE utf8mb4_unicode_ci NOT NULL,
  `description` varchar(2048) COLLATE utf8mb4_unicode_ci DEFAULT NULL,
  `year` smallint(6) NOT NULL,
  `sortkey` varchar(20) COLLATE utf8mb4_unicode_ci NOT NULL,
  PRIMARY KEY (`id`),
  KEY `IDX_A892F9D5D83CC1` (`state_id`),
  KEY `IDX_A892F9D85E73F45` (`county_id`),
  CONSTRAINT `FK_A892F9D5D83CC1` FOREIGN KEY (`state_id`) REFERENCES `state` (`id`),
  CONSTRAINT `FK_A892F9D85E73F45` FOREIGN KEY (`county_id`) REFERENCES `county` (`id`)
) ENGINE=InnoDB AUTO_INCREMENT=244 DEFAULT CHARSET=utf8mb4 COLLATE=utf8mb4_unicode_ci;
/*!40101 SET character_set_client = @saved_cs_client */;

--
-- Dumping data for table `ed_summary`
--

LOCK TABLES `ed_summary` WRITE;
/*!40000 ALTER TABLE `ed_summary` DISABLE KEYS */;
INSERT INTO `ed_summary` VALUES (1,2,2,'1-1','HYDER RECORDING DISTRICT - NO. 1 INCLUDING HYDER TOWN, BANDIT MOUNTAIN MINING CAMP, SALMON RIVER MINING CAMP, TEXAS CREEK MINING CAMP, AND W SHORE OF PORTLAND CANAL N OF S ENTRANCE TO TOMBSTONE BAY; HYDER TOWN',1940,'001001'),(2,2,2,'1-2','KETCHIKAN RECORDING DISTRICT - NO. 3, KETCHIKAN TOWN COMPRISING PART BOUNDED ON NE BY CORPORATE LIMITS, ON SE BY CORPORATE LIMITS, ON SW BY CORPORATE LIMITS, AND ON NW BY MISSION ST EXTENDED, MISSION ST, BAWDEN ST, GRANT ST, AND GRANT ST EXTENDED INCLUDING UPPER NICKEYVILLE ANNEXATION',1940,'001002'),(3,2,2,'1-3','KETCHIKAN RECORDING DISTRICT - NO. 3, KETCHIKAN TOWN COMPRISING PART BOUNDED ON NE BY CORPORATE LIMITS, ON SE BY GRANT ST EXTENDED, GRANT ST, BAWDEN ST, MISSION ST, AND MISSION ST EXTENDED, ON SW BY CORPORATE LIMITS, AND ON NW BY TREMONT ST EXTENDED AND TREMONT ST; KETCHIKAN GENERAL HOSPITAL, HOSPITAL OF THE LITTLE FLOWER, FEDERAL JAIL',1940,'001003'),(4,2,2,'1-4','KETCHIKAN RECORDING DISTRICT - NO. 3, KETCHIKAN TOWN COMPRISING PART BOUNDED ON NE BY CORPORATE LIMITS, ON SE BY TREMONT ST EXTENDED AND TREMONT ST, ON SW BY CORPORATE LIMITS, AND ON NW BY CORPORATE LIMITS INCLUDING CHARCOAL POINT ANNEXATION',1940,'001004'),(5,2,2,'1-5','KETCHIKAN RECORDING DISTRICT - NO. 3 COMPRISING U.S. COAST GUARD PATROL BOATS IN KETCHIKAN HARBOR; COAST GUARD PATROL BOATS',1940,'001005'),(6,2,2,'1-6','KETCHIKAN RECORDING DISTRICT - NO. 3 COMPRISING TREE POINT LIGHTHOUSE IN DIXON ENTRANCE',1940,'001006'),(7,2,2,'1-7','KETCHIKAN RECORDING DISTRICT - NO. 3 COMPRISING MARY ISLAND LIGHTHOUSE IN REVILLAGIGEDO CHANNEL',1940,'001007'),(8,2,2,'1-8','KETCHIKAN RECORDING DISTRICT - NO. 3 COMPRISING GUARD ISLAND LIGHTHOUSE ON NORTH ISLAND IN TONGASS NARROWS',1940,'001008'),(9,2,2,'1-9','KETCHIKAN RECORDING DISTRICT - NO. 3 COMPRISING LINCOLN ROCK FOG-SIGNAL IN CLARENCE STRAIT ON W SIDE OF LINCOLN ISLAND',1940,'001009'),(10,2,2,'1-10','KETCHIKAN RECORDING DISTRICT - NO. 3 COMPRISING KETCHIKAN-WARD COVE RD FROM WESTERLY BOUNDARY OF KETCHIKAN TOWN TO MUD BAY INCLUDING POWERHOUSE VILLAGE AND WACKER CITY VILLAGE; POWERHOUSE VILLAGE, WACKER CITY VILLAGE',1940,'001010'),(11,2,2,'1-11','KETCHIKAN RECORDING DISTRICT - NO. 3 COMPRISING PENNOCK ISLAND',1940,'001011'),(12,2,2,'1-12','KETCHIKAN RECORDING DISTRICT - NO. 3 COMPRISING KETCHIKAN-HERRING COVE RD FROM SOUTHEASTERLY BOUNDARY OF KETCHIKAN TOWN TO MOUNTAIN POINT INCLUDING NEW ENGLAND POWER PLANT AND SAXMAN VILLAGE; SAXMAN VILLAGE',1940,'001012'),(13,2,2,'1-13','KETCHIKAN RECORDING DISTRICT - NO. 3 COMPRISING E COAST OF PRINCE OF WALES ISLAND FROM NARROW POINT TO CAPE CHACON TOGETHER WITH ISLANDS TRIBUTARY THERETO AND W AND S COASTS OF GRAVINA ISLAND FROM VALLENAR POINT TO GRAVINA POINT AND KETCHIKAN RECORDING DISTRICT - NO. 3 COMPRISING NORTHEASTERN SHORE OF GRAVINA ISLAND FROM GRAVINA POINT TO VALLENAR POINT AND KETCHIKAN RECORDING DISTRICT - NO. 3 COMPRISING KASAAN VILLAGE',1940,'001013'),(14,2,2,'1-14','KETCHIKAN RECORDING DISTRICT - NO. 3 COMPRISING ANNETTE ISLAND INCLUDING METLAKAHTLA TOWN; METLAKAHTLA TOWN',1940,'001014'),(15,2,2,'1-15','KETCHIKAN RECORDING DISTRICT - NO. 3 INCLUDING BAYVIEW VILLAGE, CRAIG TOWN, HYDABURG TOWN, KLAWAK CITY, SHAKAN VILLAGE, BEAUCLAIR VILLAGE CANNERY, CALDER MARBLE QUARRY, COPPERMOUNT VILLAGE, HOWKAN, HUNTERS BAY VILLAGE CANNERY, JUMBO MINE VILLAGE, KARKEEN VILLAGE CANNERY, KLINKWAN, ROSE INLET VILLAGE, SUKKWAN VILLAGE, SULZER VILLAGE, TOKEEN VILLAGE, VIEW COVE VILLAGE, WARM CHUCK VILLAGE CANNERY (HECATA ISLAND), AND ISLANDS OFF W COAST OF PRINCE OF WALES ISLAND; BAYVIEW VILLAGE, CRAIG TOWN, HYDABURG TOWN, KLAWAK CITY, SHAKAN VILLAGE, VIEW COVE VILLAGE',1940,'001015'),(16,2,2,'1-16','KETCHIKAN RECORDING DISTRICT - NO. 3 INCLUDING HIDDEN INLET VILLAGE, BEHM CANAL-ROE POINT CANNERY, BELL ISLAND HOT SPRINGS, BETTON ISLAND, BOCA DE QUADRA-NORTHWESTERN FISHERIES CANNERY, BOCA DE QUADRA BAY-SOUTHEASTERN ALASKA CANNERY, CAT ISLAND, CHICKAMIN RIVER ANCHORAGE, DUKE ISLAND, FITZGIBBON COVE ANCHORAGE, FOGGY POINT FISH TRAP, GRANT ISLAND, HASSLER ISLAND, HOTSPUR ISLAND, KAHSHAKES COVE VILLAGE, KONAGUMIT ISLAND, KELP ISLAND, LINCOLN CHANNEL ANCHORAGE, MARTIN ARM ANCHORAGE, NAKAT INLET CANNERY VILLAGE, PERCY ISLANDS, PORTLAND CANAL S OF S ENTRANCE TO TOMBSTONE BAY, QUADRA LAKE HATCHERY, RIVERS POINT ANCHORAGE, SITKLAN ISLAND, SMEATON BAY ANCHORAGE, SMEATON ISLAND ANCHORAGE, UNUK RIVER, VERY INLET, AND WALKER COVE ANCHORAGE; HIDDEN INLET VILLAGE',1940,'001016'),(17,2,2,'1-17','WRANGELL RECORDING DISTRICT - NO. 7 COMPRISING WRANGELL TOWN; WRANGELL GENERAL HOSPITAL, BISHOP ROWE GENERAL HOSPITAL, FEDERAL JAIL',1940,'001017'),(18,2,2,'1-18','WRANGELL RECORDING DISTRICT - NO. 7 COMPRISING NORTHERN ADDITION TO WRANGELL TOWN VILLAGE, POINT HIGHLAND RD TO ALASKA PACKERS ASSOCIATION CANNERY, STIKINE RIVER DELTA (INCLUDING DRY ISLAND AND FARM ISLAND), WRANGELL-SHUMAKER BAY RD, BLAKE CHANNEL, BROWNSON ISLAND, CARLTON ISLAND, EASTERN PASSAGE, ETOLIN ISLAND, KADIN ISLAND, MABEL ISLAND, NORTHERN KASHEVAROFF ISLAND, ONSLOW ISLAND, RYNDA ISLAND, STONE ISLANDS, SUNNARY BAY TROLLING CAMP, WORONKOFSKI ISLAND, ZAREMBO ISLAND, ZIMOVIA STRAIT, AND WRANGELL INSTITUTE; NORTHERN ADDITION TO WRANGELL TOWN VILLAGE, WRANGELL INSTITUTE',1940,'001018'),(19,2,2,'1-19','PETERSBURG RECORDING DISTRICT - NO. 4 COMPRISING PETERSBURG TOWN; FEDERAL JAIL',1940,'001019'),(20,2,2,'1-20','PETERSBURG RECORDING DISTRICT - NO. 4 COMPRISING LEVEL ISLAND AND MITKOFF ISLAND INCLUDING DOYHOF VILLAGE (SCOW BAY), MOUNTAIN POINT CANNERY, WOEWODSKY ISLAND, AND WEST PETERSBURG VILLAGE; DOYHOF VILLAGE, WEST PETERSBURG VILLAGE',1940,'001020'),(21,2,2,'1-21','PETERSBURG RECORDING DISTRICT - NO. 4 COMPRISING CONCLUSION ISLAND, KEKU INLET, KEKU STRAIT (INCLUDING HOUND ISLAND), KUIU ISLAND (INCLUDING PILLARS CANNERY AND KUPREANOF ISLANDS), SUMNER ISLAND, STRAIT ISLAND, AND SUKOI ISLANDS AND PETERSBURG RECORDING DISTRICT - NO. 4 COMPRISING KAKE VILLAGE AND PETERSBURG RECORDING DISTRICT - NO. 4 COMPRISING CORONATION ISLAND AND SPANISH ISLANDS',1940,'001021'),(22,2,2,'1-22','PETERSBURG RECORDING DISTRICT - NO. 4 COMPRISING CAPE DECISION LIGHTHOUSE AT S END OF SUMNER STRAIT',1940,'001022'),(23,2,2,'1-23','PETERSBURG RECORDING DISTRICT - NO. 4 COMPRISING SOUTHWESTERLY PORTION OF BARANOF ISLAND FROM CAPE OMMANEY TO SOUTHEASTERLY SHORES OF WHALE BAY AND GREAT ARM, EASTERLY PORTION OF BARANOF ISLAND FROM CAPE OMMANEY TO SOUTHERLY SHORES OF KELP BAY AND MIDDLE ARM (INCLUDING BARANOF VILLAGE IN WARM SPRINGS BAY AND HIDDEN FALLS VILLAGE IN HIDDEN INLET), AND WOODEN ISLAND; BARANOF VILLAGE, HIDDEN FALLS VILLAGE AND PETERSBURG RECORDING DISTRICT - NO. 4 COMPRISING PORT ALEXANDER CITY',1940,'001023'),(24,2,2,'1-24','JUNEAU RECORDING DISTRICT - NO. 2, JUNEAU CITY COMPRISING PART BOUNDED ON NE BY CORPORATE LIMITS, ON E BY CORPORATE LIMITS, ON SW BY CORPORATE LIMITS, AND ON W AND NW BY 2ND ST AND 2ND ST EXTENDED',1940,'001024'),(25,2,2,'1-25','JUNEAU RECORDING DISTRICT - NO. 2, JUNEAU CITY COMPRISING PART BOUNDED ON N BY CORPORATE LIMITS, ON E BY CORPORATE LIMITS, ON S BY 2ND ST AND 2ND ST EXTENDED, AND ON W BY MAIN ST, 4TH ST, CALHOUN AV, AND CALHOUN AV EXTENDED; ST. ANN\'S HOSPITAL, ST. ANN\'S SCHOOL',1940,'001025'),(26,2,2,'1-26','JUNEAU RECORDING DISTRICT - NO. 2, JUNEAU CITY COMPRISING PART BOUNDED ON N BY CORPORATE LIMITS, ON E BY CALHOUN AV EXTENDED, CALHOUN AV, 4TH ST, AND MAIN ST, ON SE BY 2ND ST AND 2ND ST EXTENDED, ON S BY CORPORATE LIMITS, AND ON W BY CORPORATE LIMITS; FEDERAL JAIL, U.S. GOVERNMENT HOSPITAL FOR NATIVES',1940,'001026'),(27,2,2,'1-27','JUNEAU RECORDING DISTRICT - NO. 2 COMPRISING GLACIER GOVERNMENT HIGHWAY FROM CORPORATE LIMITS OF JUNEAU CITY TO EAGLE RIVER INCLUDING ALASKA-JUNEAU POWER HOUSE, AUKE BAY, AUKE LAKE, LOOP GOVERNMENT RD, EAGLE RIVER LANDING AND FARMING DISTRICT, LENA COVE, MENDENHALL VALLEY FARMING DISTRICT, PEARL HARBOR, SALMON CREEK POWER HOUSE NO. 1, SALMON CREEK POWER HOUSE NO. 2, TEE HARBOR, PERSEVERANCE RD (INCLUDING ALASKA-JUNEAU BOARDING HOUSE, EBNER MINE, LAST CHANCE BASIN, AND SILVER BOW BASIN), AND THANE GOVERNMENT HIGHWAY (INCLUDING DUPONT POWDER STATION, SHEEP CREEK BASIN, AND THANE VILLAGE); ALASKA-JUNEAU BOARDING HOUSE, GLACIER HIGHWAY, THANE VILLAGE',1940,'001027'),(28,2,2,'1-28','JUNEAU RECORDING DISTRICT - NO. 2 COMPRISING U.S. COAST GUARD CUTTERS IN JUNEAU HARBOR; THE HAIDA, ANY OTHER CUTTER STATIONED AT JUNEAU CITY',1940,'001028'),(29,2,2,'1-29','JUNEAU RECORDING DISTRICT - NO. 2 COMPRISING SENTINEL ISLAND LIGHTHOUSE IN FAVORITE CHANNEL',1940,'001029'),(30,2,2,'1-30','JUNEAU RECORDING DISTRICT - NO. 2 COMPRISING FIVE-FINGER LIGHTHOUSE IN STEPHEN\'S PASSAGE',1940,'001030'),(31,2,2,'1-31','JUNEAU RECORDING DISTRICT - NO. 2 COMPRISING ELDRED ROCK LIGHTHOUSE IN LYNN CANAL',1940,'001031'),(32,2,2,'1-32','JUNEAU RECORDING DISTRICT - NO. 2 COMPRISING POINT RETREAT LIGHTHOUSE ON CHATHAM STRAIT',1940,'001032'),(33,2,2,'1-33','JUNEAU RECORDING DISTRICT - NO. 2 COMPRISING CAPE SPENCER LIGHTHOUSE ON SEACOAST',1940,'001033'),(34,2,2,'1-34','JUNEAU RECORDING DISTRICT - NO. 2 COMPRISING DOUGLAS TOWN',1940,'001034'),(35,2,2,'1-35','JUNEAU RECORDING DISTRICT - NO. 2 COMPRISING DOUGLAS ISLAND INCLUDING TREADWELL VILLAGE; TREADWELL VILLAGE',1940,'001035'),(36,2,2,'1-36','JUNEAU RECORDING DISTRICT - NO. 2 COMPRISING E SHORE OF STEPHEN\'S PASSAGE FROM WINDHAM BAY TO TAKU INLET INCLUDING ANNEX CREEK POWER HOUSE (TAKU INLET), DOTY COVE, GRAND ISLAND, HOLKHAM BAY (INCLUDING ENDICOTT ARM, HARBOR ISLAND, SUMDUM P.O., AND TRACY ARM), LIMESTONE INLET, MIDWAY ISLANDS, PLEASANT BAY, PORT SNETTISHAM (INCLUDING SNETTISHAM P.O., SPEEL RIVER, AND WHITING RIVER), SOUTH HARBOR, AND TAKU HARBOR AND JUNEAU RECORDING DISTRICT - NO. 2 COMPRISING TAKU INLET AND TAKU RIVER VALLEY TO INTERNATIONAL BOUNDARY (INCLUDING MARY JOYCE CAMP (FORMERLY DEVIGHNE CAMP)) AND JUNEAU RECORDING DISTRICT - NO. 2 COMPRISING WINDHAM BAY AND WINDHAM P.O.',1940,'001036'),(37,2,2,'1-37','JUNEAU RECORDING DISTRICT - NO. 2 COMPRISING SOUTHWESTERLY PORTION OF MAINLAND BETWEEN S POINT OF ENTRANCE TO LE CONTE BAY AND S POINT OF ENTRANCE TO WINDHAM BAY AND ADJACENT ISLANDS INCLUDING BIRD ISLAND, CAPE FANSHAW, ENTRANCE ISLAND, FANSHAW BAY, FARRAGUT BAY, HOBART BAY, LE CONTE BAY, PORT HOUGHTON, REED ISLAND (FARRAGUT BAY), ROBERTS ISLAND, RUTH ISLAND (THOMAS BAY), STORM ISLAND, SUNSET ISLAND, THOMAS BAY, TWINS ISLANDS, WALKER ISLAND (PORT HOUGHTON), AND WHITNEY ISLAND',1940,'001037'),(38,2,2,'1-38','JUNEAU RECORDING DISTRICT - NO. 2 COMPRISING SOUTHEASTERLY SHORE OF ADMIRALTY ISLAND FROM POINT GARDNER TO N POINT OF ENTRANCE OF GAMBIER BAY AND ADJACENT ISLANDS INCLUDING BROTHERS ISLAND, CARROLL ISLAND, CHAPIN BAY, ELGIN HARBOR, GAMBIER BAY AND ALL ISLANDS THEREIN, GAMBIER ISLAND, HERRING BAY, LESNOF ISLAND, MURDER COVE, PYBUS BAY AND ITS ISLANDS, SURPRISE COVE, TYEE P.O., AND WOEWODSKY HARBOR AND WESTERLY SHORE OF ADMIRALTY ISLAND FROM POINT GARDNER TO POINT RETREAT AND ADJACENT ISLANDS INCLUDING CHIAK BAY, FAVORITE BAY, FUNTER BAY INCLUDING CANNERY AND MINING CAMPS, GAME COVE, HAWK INLET INCLUDING CANNERY AND MINING CAMPS, HEPBURN COVE, HOOD BAY, JOHNSONS COVE, KANALKU BAY INCLUDING COAL MINING CAMP, KOOTZNAHOO INLET, MITCHELL BAY, PILEDRIVER COVE, WHITEWATER BAY, AND WILSON COVE AND JUNEAU RECORDING DISTRICT - NO. 2 COMPRISING ANGOON AND KILLISNOO VILLAGES; ANGOON VILLAGE',1940,'001038'),(39,2,2,'1-39','JUNEAU RECORDING DISTRICT - NO. 2 COMPRISING E SHORE OF ADMIRALTY ISLAND FROM BARLOW COVE TO GAMBIER BAY INCLUDING COLT ISLAND, HORSE ISLAND, YOUNG BAY, OLIVER INLET, GLASS PENINSULA, SEYMOUR CANAL AND ISLANDS, WINDFALL HARBOR, MOLE HARBOR, SPUHN ISLAND, AND COUGHLAN ISLAND AND JUNEAU RECORDING DISTRICT - NO. 2 COMPRISING E SHORE OF LYNN CANAL N OF EAGLE RIVER TO A POINT OPPOSITE CHILKAT ISLANDS INCLUDING BERNERS BAY, ECHO COVE, JUALIN MINES, AND COMET AND W SHORE OF LYNN CANAL FROM DAVIDSON GLACIER TO COURIERDIEN ISLAND INCLUDING WILLIAM HENRY BAY, ST. JAMES BAY, CHILKAT ISLANDS, SULLIVAN ISLAND, BENJAMIN ISLAND, LINCOLN ISLAND, HUMP ISLAND, AARON ISLAND, AND GULL ISLAND',1940,'001039'),(40,2,2,'1-40','JUNEAU RECORDING DISTRICT - NO. 2 COMPRISING NORTHERLY SHORES OF CROSS SOUND AND ICY STRAIT (FROM CAPE SPENCER TO, BUT NOT INCLUDING, CONIERDEEN ISLAND) INCLUDING ANSLEY ISLAND, BARTLETT COVE, BEARDSLEY ISLANDS, BERG BAY, COMPOSITE ISLAND, DIXON HARBOR, DRAKE ISLAND, DUNDAS BAY, EXCURSION INLET, FRANCIS ISLAND, GARFORTH ISLAND, GEIKIE INLET, GLACIER BAY, GRANES BAY, HUGH MILLER INLET, ICY PASSAGE, LITUYA BAY, LONE ISLAND, MARBLE ISLANDS, MUIR INLET, NORTH INDIAN PASS, PLEASANT ISLAND, POINT GUSTAVUS, PORPOISE ISLAND, REID INLET AND ITS ISLANDS, SANDY COVE, SEFREE ISLAND, STRAWBERRY POINT, STURGISS ISLAND, SUGARLOAF ISLAND, TAYLOR BAY, TIDAL INLET, AND WILLOUGHBY ISLAND',1940,'001040'),(41,2,2,'1-41','JUNEAU RECORDING DISTRICT - NO. 2 COMPRISING ALERNKLIN RIVER, BLACKSAND ISLAND, DANGEROUS RIVER, DISENCHANTMENT BAY, DRY BAY VILLAGE, KHANTACK ISLAND, KNIGHT ISLAND, UMATAK FIORD, RUSSELL FIORD, SEATAK VILLAGE, AND YAKUTAT VILLAGE; DRY BAY VILLAGE, YAKUTAT VILLAGE',1940,'001041'),(42,2,2,'1-42','SKAGWAY RECORDING DISTRICT - NO. 6 COMPRISING SKAGWAY CITY; WHITE PASS AND YUKON RAILROAD HOSPITAL, PIUS X MISSION, FEDERAL JAIL',1940,'001042'),(43,2,2,'1-43','SKAGWAY RECORDING DISTRICT - NO. 6 COMPRISING BURRO CREEK, DYEA VALLEY, SKAGWAY VALLEY TO SUMMIT OF WHITE PASS (INCLUDING CLIFTON STATION, GLACIER STATION, AND WHITE PASS STATION), AND SMUGGLER\'S COVE',1940,'001043'),(44,2,2,'1-44','SKAGWAY RECORDING DISTRICT - NO. 6 COMPRISING HAINES TOWN; HAINES HOUSE (PRESBYTERIAN ORPHANAGE), FEDERAL JAIL',1940,'001044'),(45,2,2,'1-45','SKAGWAY RECORDING DISTRICT - NO. 6 COMPRISING CHILKOOT BARRACKS (FORMERLY FORT WILLIAM H. SEWARD); STATION HOSPITAL (ARMY)',1940,'001045'),(46,2,2,'1-46','SKAGWAY RECORDING DISTRICT - NO. 6 COMPRISING YENDISTUCKEY NATIVE RESERVATION AT KLUKWAN; KLUKWAN VILLAGE',1940,'001046'),(47,2,2,'1-47','SKAGWAY RECORDING DISTRICT - NO. 6 COMPRISING CHILKOOT NATIVE RESERVATION - CHILKOOT LAKE',1940,'001047'),(48,2,2,'1-48','SKAGWAY RECORDING DISTRICT - NO. 6 W OF CHILKOOT RIVER AND LYNN CANAL INCLUDING WELLS VILLAGE, CHILKOOT RD, HAINES-JONES POINT RD, HAINES-MUD BAY RD, HAINES-WELLS RD (INCLUDING FARMING DISTRICTS IN VICINITY OF HAINES TOWN AND ADJACENT TO AFORESAID ROADS), CHILKAT INLET, CHILKOOT INLET, KACHU ISLAND, PLEASANT CAMPS, PORCUPINE CAMP, PYRAMID HARBOR, PYRAMID ISLAND, AND TAISANKA HARBOR',1940,'001048'),(49,2,2,'1-49','SITKA RECORDING DISTRICT - NO. 5 COMPRISING SITKA TOWN; ALASKA PIONEERS HOME, ALASKA PIONEERS HOME HOSPITAL, SHELDON JACKSON SCHOOL, FEDERAL JAIL',1940,'001049'),(50,2,2,'1-50','SITKA RECORDING DISTRICT - NO. 5 COMPRISING FARMING SECTION IN VICINITY OF SITKA TOWN INCLUDING SITKA HARBOR AND SITKA SAWMILL BAY RD, ALEUTKINA BAY, APPLE ISLANDS, BIG GAVANSKI ISLAND, CAMP COOGAN BAY, DEEP INLET, EMGETEN ISLAND, GALANKIN ISLAND, JAMESTOWN BAY, KASIANA ISLANDS, KATLIAN BAY, KUTCLIMA ISLANDS, LITTLE GOVANSKI ISLAND, LONG ISLAND, NO THOROFARE BAY, SALMON COVE, SIGNAKA ISLAND, SILVER BAY, WHALE ISLAND, AND SANDY COVE; AGRICULTURAL EXPERIMENTAL FARM',1940,'001050'),(51,2,2,'1-51','SITKA RECORDING DISTRICT - NO. 5 COMPRISING U.S. NAVY FLEET AIR BASE ON JAPONSKI ISLAND',1940,'001051'),(52,2,2,'1-52','SITKA RECORDING DISTRICT - NO. 5 COMPRISING GODDARD VILLAGE AND WESTERLY COAST OF BARANOF ISLAND FROM CAPE BURUNOF TO WHALE BAY INCLUDING ADJACENT ISLANDS, BIORKA ISLAND, CRAWFISH INLET, GREAT ARM (NW SHORE), HOT SPRINGS BAY, ILPUT ISLAND, KANGA BAY, KANGA ISLAND, KITA ISLAND, KOKA ISLAND, NECKER BAY, NECKER ISLANDS, PEISAR ISLAND, REDOUBT BAY, REDOUBT LAKE, SMALL ARM, AND NW SHORE OF WHALE BAY; GODDARD VILLAGE, GODDARD SANITARIUM',1940,'001052'),(53,2,2,'1-53','SITKA RECORDING DISTRICT - NO. 5 COMPRISING W COAST OF CHICHAGOF ISLAND FROM LISIANSKI STRAIT TO SALISBURY SOUND AND ADJACENT ISLANDS INCLUDING FALCON ARM, FORD ARM, GOULDING HARBOR, HILL ISLAND, HOONISH HOT SPRINGS, HOGAN ISLAND, ILIN BAY, KHAZ BAY, KLAG BAY, BLOKACHEF ISLAND, KRUGOF ISLAND (W PORTION FROM SCRAGGY POINT TO POINT OF SHOALS), LISIANSKI STRAIT, OGDEN PASSAGE, RADIOVILLE, SALISBURY SOUND, SLOCUM ARM, STAG BAY, AND YAKOBI ISLAND',1940,'001053'),(54,2,2,'1-54','SITKA RECORDING DISTRICT - NO. 5 COMPRISING U.S. NAVAL DIRECTION FINDER STATION AT SOAPSTONE POINT',1940,'001054'),(55,2,2,'1-55','SITKA RECORDING DISTRICT - NO. 5 COMPRISING CHICHAGOF VILLAGE, CHICHAGOF POWER HOUSE, AND HIRST-CHICHAGOF MINE; CHICHAGOF VILLAGE, HIRSH-CHICHAGOF MINE',1940,'001055'),(56,2,2,'1-56','SITKA RECORDING DISTRICT - NO. 5 COMPRISING W SHORE OF BARANOF ISLAND N OF KATLIAN BAY TO POINT KAKUL AND ADJACENT ISLANDS INCLUDING APPLETON COVE, BEEHIVE ISLAND, BRADY ISLAND, CROSSWISE ISLAND, CROW BAY, DEEP BAY, FISH BAY, GAGARI ISLAND, HALLECK ISLAND, HANUS BAY, HOONISH SOUND, KANE ISLANDS, KRESTOF ISLAND, KRUZOF ISLAND (EASTERLY PORTION FROM SCRAGGY POINT TO POINT OF SHOALS), MAGOUN ISLANDS, MIDDLE ISLAND, MOSER ISLAND, NAKWASINA PASSAGE, NEVA STRAIT, NORTH ARM, OLGA STRAIT, PARTOSHIKOF ISLAND, PATTERSON BAY, PERIL STRAIT, RODMAN BAY, SAOOK BAY, SCRAGGY ISLAND, SERGITUS NARROWS, SIGNINAKA ISLAND, SOUND ISLANDS, SOUTH ARM, AND WHALE BAY',1940,'001056'),(57,2,2,'1-57','SITKA RECORDING DISTRICT - NO. 5 COMPRISING HOONAH VILLAGE; FEDERAL JAIL',1940,'001057'),(58,2,2,'1-58','SITKA RECORDING DISTRICT - NO. 5 COMPRISING EASTERLY SHORES OF BARANOF ISLAND AND CHICHAGOF ISLAND FROM N SHORES OF KELP BAY AND MIDDLE ARM TO N POINT OF ENTRANCE TO PORT FREDERICK INCLUDING BASKET BAY, CEDAR COVE, CHATHAM P.O., FAIRWAY ISLAND, FALSE BAY, FRESHWATER BAY, GYPSUM P.O., PANLOFF HARBOR, PORT FREDERICK, PORTAGE ARM, SITKOH BAY, SPASKAIA BAY, SPASKAIA ISLAND, TENAKEE INLET, TRADERS ISLANDS, AND WACHUSETTS COVE AND SITKA RECORDING DISTRICT - NO. 5 COMPRISING TENAKEE VILLAGE; FEDERAL JAIL',1940,'001058'),(59,2,2,'1-59','SITKA RECORDING DISTRICT - NO. 5 COMPRISING SOUTHERLY PORTION OF CROSS SOUND AND ICY STRAIT FROM CAPE BINGHAM (YAKOBI ISLAND) TO N POINT OF ENTRANCE TO PORT FREDERICK INCLUDING APEX-EL NIDO MINE, GEORGE ISLANDS, HOONISH ISLAND, IDAHO INLET, INIAN ISLANDS, LEMESURIER ISLAND, LISIANSKI INLET, MUD BAY, PORT ALTHORP, SISTERS ISLANDS, SOUTH INDIAN PASS, AND THREE HILL ISLAND AND SITKA RECORDING DISTRICT - NO. 5 COMPRISING ELFIN COVE VILLAGE (ON N SHORE OF CHICHAGOF ISLAND)',1940,'001059'),(60,2,3,'4-1','FAIRBANKS RECORDING DISTRICT - NO. 36, FAIRBANKS TOWN COMPRISING PART W OF CUSHMAN ST AND S OF CHENA RIVER (SLOUGH); FEDERAL DETENTION HOSPITAL, FEDERAL JAIL',1940,'004001'),(61,2,3,'4-2','FAIRBANKS RECORDING DISTRICT - NO. 36, FAIRBANKS TOWN COMPRISING PART E OF CUSHMAN ST AND AREA WITHIN CORPORATE LIMITS OF FAIRBANKS TOWN N OF CHENA RIVER (SLOUGH); ST. JOSEPH\'S HOSPITAL',1940,'004002'),(62,2,3,'4-3','FAIRBANKS RECORDING DISTRICT - NO. 36 COMPRISING POINTS ALONG ALASKA RAILROAD FROM MILE 456 TO CORPORATE LIMITS OF FAIRBANKS TOWN, GARDEN ISLAND VILLAGE, AND GRAEHL VILLAGE; GARDEN ISLAND VILLAGE, GRAEHL VILLAGE',1940,'004003'),(63,2,3,'4-4','FAIRBANKS RECORDING DISTRICT - NO. 36 COMPRISING POINTS ALONG RICHARDSON HIGHWAY (FAIRBANKS-VALDEZ TRAIL) FROM FAIRBANKS TO SUMMIT LAKE AND REGION TRIBUTARY TO TANANA RIVER INCLUDING BEALS CACHE (ABANDONED), BIRCH LAKE, CASEYS (ABANDONED), DONELLY, DRY CREEK, EIGHTEEN-MILE ROAD HOUSE (FORMERLY BYLERS), GORDON (ABANDONED), LITTLE DELTA RIVER, MILLERS, MUNSON ROAD HOUSE (ABANDONED), MCCALLUM (ABANDONED), MCCARTY (BIG DELTA), RAPIDS ROAD HOUSE, RICHARDSON, SALCHA RIVER, SALCHAKET NATIVE CAMP, SHAW CREEK, SULLIVANS (ABANDONED), TAYLOR FOX FARM, TENDERFOOT, AND WASHBURN (ABANDONED), POINTS ALONG TANANA RIVER W OF FAIRBANKS TO DISTRICT BOUNDARY INCLUDING CHENA NATIVE VILLAGE, CHENA TOWN (ABANDONED), FISH CAMPS, WOOD CAMPS, ETC., POINTS ALONG DUNBAR-LIVENGOOD TRAIL AND VICINITY, POINTS ALONG BIG CHENA TRAIL INCLUDING BIG CHENA RIVER, CHENA HOT SPRINGS, COLORADO ROAD HOUSE, GREGGS ROAD HOUSE, LITTLE CHENA RIVER, AND LITTLE CHENA ROAD HOUSE, POINTS ALONG STEESE HIGHWAY (CIRCLE-FAIRBANKS TRAIL) TO BOUNDARY OF CIRCLE RECORDING DISTRICT INCLUDING CASSIAR ROAD HOUSE, FAITH CREEK AND TRIBUTARIES, SOURDOUGH, AND U.S. CREEK, POINTS ALONG ESTER ROAD INCLUDING COLLEGE, ESTER CREEK (BERRY), ESTER DOME, GOLD HILL, HAPPY CREEK, ST. PATRICK CREEK, AND U.S. AGRICULTURAL EXPERIMENT STATION, AND POINTS ALONG ALASKA RAILROAD FROM FAIRBANKS TO CHATANIKA AND ALL ROADS, TRAILS, CREEKS, FARMING AND MINING DISTRICTS INCLUDING BIG ELDORADO CREEK, BIG WILLOW CREEK, LITTLE WILLOW CREEK, BIRCH HILL, CHATANIKA, CHATHAM CREEK, CHENA SLOUGH, CLEARY, CLEARY CREEK, CRIPPLE CREEK, ELDORADO STATION, ENGINEER CREEK, FAIRBANKS CREEK (MEEHAN), FARM LOOP RD, FISH CREEK, FOX, FOX RD, GILMORE CREEK, GILMORE STATION, GOLDEN CITY (ABANDONED), GOLDSTREAM CREEK, LITTLE ELDORADO CREEK, OLNES STATION, TREASURE CREEK, AND VAULT CREEK AND VICINITY; UNIVERSITY OF ALASKA, AGRICULTURAL EXPERIMENT STATION, COLLEGE VILLAGE',1940,'004004'),(64,2,3,'4-5','FAIRBANKS RECORDING DISTRICT - NO. 36 COMPRISING REGION TRIBUTARY TO TANANA RIVER S OF MCCARTHY (BIG DELTO) INCLUDING GERSTLE RIVER, GOODPASTER RIVER, HEALY NATIVE VILLAGE, HEALY RIVER, JOHNSON RIVER, LADUE RIVER (HEADWATERS), MANSFIELD VILLAGE, ROBERTSON RIVER, SAND CREEK, TANANA CROSSING VILLAGE (ST. TIMOTHY\'S), TOK RIVER, AND VOLKMAN RIVER; HEALY VILLAGE (NATIVE), MANSFIELD VILLAGE, TANANA CROSSING VILLAGE',1940,'004005'),(65,2,3,'4-6','FAIRBANKS RECORDING DISTRICT - NO. 36 COMPRISING POINTS ALONG ALASKA RAILROAD FROM MILE 456 TO BOUNDARY BETWEEN FAIRBANKS DISTRICT AND NENANA DISTRICT INCLUDING CACHE, DUNBAR, MARTIN, STANDARD, AND ADJACENT WOOD CAMPS, TIE CAMPS, SECTION CAMPS, ETC.',1940,'004006'),(66,2,3,'4-7','FAIRBANKS RECORDING DISTRICT - NO. 36 COMPRISING POINTS ALONG TANANA RIVER AND NENANA-HOT SPRINGS WINTER TRAIL FROM MINTO ROAD HOUSE TO TOLOVANA RIVER MOUTH INCLUDING MINTO VILLAGE, OLD MINTO TELEGRAPH STATION, AND TOLOVANA ROAD HOUSE',1940,'004007'),(67,2,3,'4-8','NENANA RECORDING DISTRICT - NO. 45 COMPRISING NENANA CITY; FEDERAL JAIL',1940,'004008'),(68,2,3,'4-9','NENANA RECORDING DISTRICT - NO. 45 COMPRISING POINTS ALONG ALASKA RAILROAD FROM NENANA TO SUMMIT INCLUDING BROWNE, CANTWELL, CARLO, CLEAR, FERRY, HEALY FORK VILLAGE, JULIUS, KOBE, LIGNITE, MOODY, MCKINLEY PARK, SUMMIT, SUNTRANA, WINDY, YANERT, BONNIFIELD REGION, WOOD RIVER REGION, HEALY RIVER, NENANA RIVER, TATLANIKA RIVER, TAKLANIKA RIVER, AND TOTATLANIKA RIVER AND TANANA RIVER ABOVE NENANA INCLUDING NENANA NATIVE VILLAGE, ST. MARK\'S MISSION, AND WOOD RIVER NATIVE VILLAGE; HEALY FORK VILLAGE, MCKINLEY PARK VILLAGE, SUNTRANA VILLAGE, ST. MARK\'S MISSION AND ORPHANAGE',1940,'004009'),(69,2,3,'4-10','NENANA RECORDING DISTRICT - NO. 45 COMPRISING MOUNT MCKINLEY NATIONAL PARK (PART)',1940,'004010'),(70,2,3,'4-11','NENANA RECORDING DISTRICT - NO. 45 COMPRISING POINTS ALONG TANANA RIVER FROM NENANA TO MOUTH OF TOLOVANA RIVER INCLUDING VICINITY OF NORTH NENANA AND VICINITY OF MINTO',1940,'004011'),(71,2,3,'4-12','FAIRBANKS RECORDING DISTRICT - NO. 36 COMPRISING MOUNT MCKINLEY NATIONAL PARK (PART)',1940,'004012'),(72,2,3,'4-13','FAIRBANKS RECORDING DISTRICT - NO. 36 INCLUDING BEAR PAW, DIAMOND, GLACIER, KANTISHNA, KNIGHTS\' ROAD HOUSE, LAKE MINCHUMINA (ALL SHORES), QUIGLEYS, ROOSEVELT, TOKLAT NATIVE VILLAGE, WONDER LAKE, AND ALL MINING AND TRAPPING LOCALITIES; TOKLAT VILLAGE',1940,'004013'),(73,2,3,'4-14','MOUNT MCKINLEY RECORDING DISTRICT - NO. 44 COMPRISING MOUNT MCKINLEY NATIONAL PARK (WESTERLY PORTION) (PART)',1940,'004014'),(74,2,3,'4-15','MOUNT MCKINLEY RECORDING DISTRICT - NO. 44 INCLUDING BIG RIVER (MOUTH), BIRCH CREEK NATIVE VILLAGE, CANDLE CREEK, EAST RIVER, MEDFRA, (BERRY\'S LANDING), MCGRATH, MCKINLEY FORK, NESNOG, NICOLI, NIXON, FORK, SALMON RIVER VILLAGE, SOUTH FORK VILLAGE, TAKOTNA INDIAN VILLAGE, TELIDA, AND VINASALE NATIVE VILLAGE; MCGRATH VILLAGE, FEDERAL JAIL, MEDFRA VILLAGE, TAKOTNA VILLAGE',1940,'004015'),(75,2,3,'4-16','KUSKOKWIM RECORDING DISTRICT - NO. 43 INCLUDING ANIAK, CANOE VILLAGE, CROOKED CREEK, CROW VILLAGE, GEORGETOWN, HORN VILLAGE, KALTSHAK, LITTLE MOUNTAIN VILLAGE, NAPAMIUTE, CHAGAMUTE, OSKAWALIT, PARKS, SLEITMUTE, STONY NATIVE VILLAGE, AND TATLAWIKSUK NATIVE VILLAGE; CROOKED CREEK VILLAGE, SLEITMUTE VILLAGE, NAPAMIUTE VILLAGE',1940,'004016'),(76,2,3,'4-17','BETHEL RECORDING DISTRICT - NO. 32 COMPRISING AKIAK VILLAGE',1940,'004017'),(77,2,3,'4-18','BETHEL RECORDING DISTRICT - NO. 32 COMPRISING BETHEL VILLAGE; FEDERAL JAIL, MORAVIAN ORPHANAGE, U.S. GOVERNMENT HOSPITAL FOR NATIVES',1940,'004018'),(78,2,3,'4-19','BETHEL RECORDING DISTRICT - NO. 32 COMPRISING EEK VILLAGE',1940,'004019'),(79,2,3,'4-20','BETHEL RECORDING DISTRICT - NO. 32 COMPRISING NYAC VILLAGE',1940,'004020'),(80,2,3,'4-21','GOOD NEWS BAY RECORDING DISTRICT COMPRISING KWINHAGAK (QUINHAGAK) VILLAGE',1940,'004021'),(81,2,3,'4-22','BETHEL RECORDING DISTRICT - NO. 32 COMPRISING TULUKSAK VILLAGE',1940,'004022'),(82,2,3,'4-23','BETHEL RECORDING DISTRICT - NO. 32 COMPRISING NELSON ISLAND INCLUDING KALIUKLUK, KASHIGALAK, AND TANUNAK',1940,'004023'),(83,2,3,'4-24A','BETHEL RECORDING DISTRICT - NO. 32 COMPRISING AFAGANUK, AGIUKCHUK, AKACHAGAMUT, ANOGOK, APOKAK, CHALIT, CHICHINAK, KONGIGANAK, KULVAGAVIK, KUSKOVAK, KRIGATLUK, LOMANVIGAMUT, NANVOGALOKLAK, NAPAISKAK, NUNATPICHUK, N.C. COMPANY TRADING POST BELOW AKIAK, NUNOCHOP, POPOKAMUT, SALMON CREEK MINING DISTRICT, UKAK, AND UNAKAK',1940,'00424A'),(84,2,3,'4-24B','GOOD NEWS BAY RECORDING DISTRICT COMPRISING AROLIK, BARNUM, BESSIE CREEK NATIVE VILLAGE, CARTER, CHAGVAN BAY, INDIAN VILLAGE, KINAK, MUMTRAK, GOOD NEWS BAY AREA, AND PLATINUM; PLATINUM VILLAGE',1940,'00424B'),(85,2,3,'4-25','OTTER RECORDING DISTRICT - NO. 47 COMPRISING SHAGELUK VILLAGE',1940,'004025'),(86,2,3,'4-26','OTTER RECORDING DISTRICT - NO. 47 COMPRISING IDITAROD TOWN AND DIKEMAN, FLAT, OTTER CREEK, AND VICINITIES; IDITAROD TOWN, FLAT VILLAGE',1940,'004026'),(87,2,3,'4-27','OTTER RECORDING DISTRICT - NO. 47 COMPRISING WESTERN PORTION INCLUDING DEMINTI, HOLIKAKET, AND SHAGELUK SLOUGH',1940,'004027'),(88,2,3,'4-28','INNOKO RECORDING DISTRICT - NO. 40 COMPRISING OPHIR VILLAGE AND SURROUNDING CREEKS AND MINING REGIONS AND ALONG OPHIR-TAKOTNA TRAIL TO BOUNDARY OF DISTRICT; OPHIR VILLAGE',1940,'004028'),(89,2,3,'4-29','INNOKO RECORDING DISTRICT - NO. 40 INCLUDING POINTS ALONG RUBY-POORMAN TRAIL AS FAR S AS OPHIR, CRIPPLE VILLAGE, FAIRVIEW VILLAGE ON INNOKO RIVER, AND NORTH FORK; CRIPPLE VILLAGE, FAIRVIEW VILLAGE',1940,'004029'),(90,2,3,'4-30','NULATO RECORDING DISTRICT - NO. 46 COMPRISING HOLY CROSS VILLAGE; HOLY CROSS MISSION HOSPITAL, CATHOLIC BOARDING SCHOOL FOR GIRLS, CATHOLIC BOARDING SCHOOL FOR BOYS',1940,'004030'),(91,2,3,'4-31','NULATO RECORDING DISTRICT - NO. 46 COMPRISING ANVIK VILLAGE',1940,'004031'),(92,2,3,'4-32','NULATO RECORDING DISTRICT - NO. 46 COMPRISING KALTAG VILLAGE',1940,'004032'),(93,2,3,'4-33','NULATO RECORDING DISTRICT - NO. 46 COMPRISING NULATO VILLAGE',1940,'004033'),(94,2,3,'4-34','NULATO RECORDING DISTRICT - NO. 46 COMPRISING KOYUKUK VILLAGE',1940,'004034'),(95,2,3,'4-35','NULATO RECORDING DISTRICT - NO. 46 COMPRISING GALENA VILLAGE',1940,'004035'),(96,2,3,'4-36','NULATO RECORDING DISTRICT - NO. 46 COMPRISING RUBY VILLAGE',1940,'004036'),(97,2,3,'4-37','NULATO RECORDING DISTRICT - NO. 46 COMPRISING PART FROM NULATO VILLAGE DOWN YUKON RIVER TO SOUTHWESTERN BOUNDARY OF NULATO RECORDING DISTRICT INCLUDING PAIMIUT, PARADISE, STUYAHOK, TAKERS, AND POINTS ALONG YUKON RIVER AND ANVIK RIVER AND THEIR TRIBUTARIES; PAIMIUT VILLAGE',1940,'004037'),(98,2,3,'4-38','NULATO RECORDING DISTRICT - NO. 46 COMPRISING PART FROM NULATO N AND E ALONG YUKON RIVER TO BOUNDARY OF NULATO RECORDING DISTRICT AND E, SE, S, SW, N, NW, AND W ALONG SAID BOUNDARY TO TARALNU OR LINE OPPOSITE NULATO INCLUDING LEWIS, LOUDEN, LONG, AND POINTS ALONG NOWITNA RIVER AND ITS TRIBUTARIES; LONG VILLAGE',1940,'004038'),(99,2,3,'4-39','NULATO RECORDING DISTRICT - NO. 46 COMPRISING TERRITORY TRIBUTARY TO KOYUKUK RIVER UPSTREAM FROM KOYUKUK VILLAGE TO NORTHEASTERN BOUNDARY OF DISTRICT INCLUDING HOG RIVER, WINTHROP POINT, BATZA RIVER, AND HOGATZA RIVER',1940,'004039'),(100,2,3,'4-40','KOYUKUK RECORDING DISTRICT - NO. 42, INCLUDING ALATNA, ALATNA HEADWATERS, ALATNA RIVER VALLEY, ALLAKAKET, BERGMAN, BETTLES, COLDFOOT, EMMA CREEK, GOLD BENCH, GOLD CREEK, HAMMOND RIVER, MALAMUTE CREEK, NOLAN CREEK, PORCUPINE CREEK, ROCKY BOTTOM, ROONEY LAKE, SOUTH FORK VILLAGE, SOUTH FORK RIVER, AND WISEMAN; ALATNA, BETTLES, SOUTH FORK VILLAGE, WISEMAN',1940,'004040'),(101,2,3,'4-41','CHANDALAR RECORDING DISTRICT - NO. 33 N OF ENDICOTT MOUNTAIN RANGE COMPRISING ALL RIVERS AND STREAMS TRIBUTARY TO ARCTIC OCEAN, ALL TRADING POSTS, SETTLEMENTS, NATIVE VILLAGES, AND SCATTERED POPULATION FROM BOUNDARY OF FOURTH JUDICIAL DIVISION (148TH MERIDIAN JUST E OF POINT HEALD) TO DEMARCATION POINT, AND ALL ADJACENT INHABITED ISLANDS INCLUDING ANXIETY POINT, FOGGY ISLAND, SAGAVANIRKTOK RIVER, KADLERVSKILIK RIVER, TIGRIARIAK ISLAND, MCCLURE ISLANDS, SHAVIOVIK RIVER, STOCKTON ISLANDS, MAGUIRE ISLAND, FLAXMAN ISLAND, BROWNLOW POINT, STAINES RIVER, CANNING RIVER, TAMAYARIAK RIVER, KONGANEVIK POINT, KATAKTURUK RIVER, SIMPSON COVE, COLLINSON POINT, CAMDEN BAY, ANDERSON POINT, HULAHULA RIVER, OKPILAK RIVER, AVERY ISLAND, BARTER ISLAND, KAKTOAVIK ISLAND, MANNING POINT, MARTIN POINT, GRIFFIN POINT, POKOK LAGOON, HUMPHREY POINT, BEAUFORT LAGOON, AICHILIK RIVER, SIKU POINT, KALOKUT POINT, KONZAKUT RIVER, TURNER RIVER, DEMARCATION BAY, AND DEMARCATION POINT',1940,'004041'),(102,2,3,'4-42','CHANDALAR RECORDING DISTRICT - NO. 33 COMPRISING BEAVER VILLAGE',1940,'004042'),(103,2,3,'4-43','CHANDALAR RECORDING DISTRICT - NO. 33 COMPRISING CHANDALAR VILLAGE',1940,'004043'),(104,2,3,'4-44','CHANDALAR RECORDING DISTRICT - NO. 33 S OF ENDICOTT MOUNTAIN RANGE AND TRIBUTARY TO YUKON RIVER INCLUDING ARCTIC, CARO, CHANDALAR RIVER AND TRIBUTARIES, COLEEN RIVER, CHRISTIAN, CHRISTIAN RIVER, HADWEENZTE RIVER, LITTLE SQUAW, PORCUPINE RIVER, RAPID RIVER, SHEENJEK (SHEENIC) RIVER, AND VENETIE VILLAGE; ARCTIC VILLAGE, CARO VILLAGE, CHRISTIAN VILLAGE, LITTLE SQUAW VILLAGE, VENETIE VILLAGE',1940,'004044'),(105,2,3,'4-45','FORT GIBBON RECORDING DISTRICT - NO. 37 COMPRISING TANANA VILLAGE; FEDERAL JAIL, U.S. GOVERNMENT HOSPITAL FOR NATIVES',1940,'004045'),(106,2,3,'4-46','FORT GIBBON RECORDING DISTRICT - NO. 37 COMPRISING TANANA NATIVE VILLAGE (MISSION OF OUR SAVIOUR); ROWE HALL ORPHANAGE, MISSION OF OUR SAVIOUR',1940,'004046'),(107,2,3,'4-47','FORT GIBBON RECORDING DISTRICT - NO. 37 COMPRISING KOKRINES VILLAGE',1940,'004047'),(108,2,3,'4-48','FORT GIBBON RECORDING DISTRICT - NO. 37 ALONG AND TRIBUTARY TO TANANA RIVER INCLUDING EIGHTEEN MILE ISLAND IN TANANA RIVER, MOUTH OF FISH CREEK, AND ALONG TANANA-TOFTY MAIL TRAIL INCLUDING FISH LAKE AND LONG LAKE, N AND E OF TANANA VILLAGE AND TRIBUTARY TO YUKON RIVER, AND POINTS ALONG YUKON RIVER TO BOUNDARY OF DISTRICT',1940,'004048'),(109,2,3,'4-49','FORT GIBBON RECORDING DISTRICT - NO. 37 TRIBUTARY TO YUKON RIVER DOWNSTREAM FROM TANANA VILLAGE TO WESTERLY BOUNDARY OF SAID DISTRICT INCLUDING BIRCHES, FORT GIBBON, GRANT CREEK, INDIAN VILLAGE, KALLAND, KOKRINES HOT SPRINGS, MELOZITNA RIVER, MOOSE POINT, MORAN CREEK, NOWITNA RIVER, AND TOZITNA RIVER; KALLAND VILLAGE',1940,'004049'),(110,2,3,'4-50','FORT GIBBON RECORDING DISTRICT - NO. 37 COMPRISING NORTHERLY SECTION AND TRIBUTARY TO KOYUKUK RIVER INCLUDING ARCTIC CITY, HUGHES, INDIAN RIVER, KANUTI RIVER, AND SCATTERED POPULATION; HUGHES VILLAGE',1940,'004050'),(111,2,3,'4-51','HOT SPRINGS RECORDING DISTRICT - NO. 39 INCLUDING POINTS ALONG AND TRIBUTARY TO TANANA RIVER INCLUDING CHITANANA RIVER MOUTH (KNOWN LOCALLY AS REDLANDS), COSKAKET, COSNA RIVER, HOT SPRINGS LANDING, KEMPERVILLE (MOUTH OF HOT SPRINGS SLOUGH), PATTERSON CREEK, ZITZIANA RIVER, FISH CAMPS, WOOD CAMPS, ETC., POINTS ALONG TOLOVANA-HOT SPRINGS MAIL TRAIL INCLUDING BAKER CREEK, DUGAN CREEK, AND HOT SPRINGS VILLAGE, POINTS ALONG HOT SPRINGS-TOFTY MAIL TRAIL INCLUDING AMERICAN CREEK, TOFTY, AND WOODCHOPPER CREEK, AND POINTS ALONG HOT SPRINGS-RAMPART MAIL TRAIL INCLUDING EUREKA, GLEN, AND VICINITIES; COSKAKET VILLAGE, HOT SPRINGS VILLAGE',1940,'004051'),(112,2,3,'4-52','RAMPART RECORDING DISTRICT - NO. 48 COMPRISING RAMPART VILLAGE',1940,'004052'),(113,2,3,'4-53','RAMPART RECORDING DISTRICT - NO. 48 COMPRISING STEVENS VILLAGE',1940,'004053'),(114,2,3,'4-54','RAMPART RECORDING DISTRICT - NO. 48 INCLUDING RAMPART VICINITY AND ADJACENT MINING REGION AND POINTS TRIBUTARY TO YUKON RIVER FROM OLD RAPIDS TELEGRAPH STATION TO EASTERLY BOUNDARY OF DISTRICT INCLUDING BIG SALT RIVER, DALL CITY, DALL RIVER, HODZANA RIVER, PURGATORY, AND RAY RIVER',1940,'004054'),(115,2,3,'4-55','TOLOVANA RECORDING DISTRICT - NO. 49 S OF YUKON WATERSHED INCLUDING AMY CREEK, BEAVER CREEK, DUNBAR-LIVENGOOD TRAIL, LIVENGOOD CREEK, LIVENGOOD VILLAGE (BROOKS), LOG JAM, NOME CREEK, OLINE CREEK, TATALINA RIVER, TERMINAL, AND TOLOVANA RIVER, CHATAVIKA NATIVE VILLAGE, AND NORTH FORK NATIVE VILLAGE; CHATANIKA RIVER VILLAGE, LIVENGOOD VILLAGE, NORTH FORK NATIVE VILLAGE',1940,'004055'),(116,2,3,'4-56','TOLOVANA RECORDING DISTRICT - NO. 49 TRIBUTARY TO YUKON RIVER COMPRISING BEAVER CREEK, FORT HAMLIN, HESS CREEK, KING SLOUGH, AND WALDRON CREEK',1940,'004056'),(117,2,3,'4-57','CIRCLE RECORDING DISTRICT - NO. 34 COMPRISING FORT YUKON VILLAGE; FEDERAL JAIL, HUDSON STUCK MEMORIAL HOSPITAL',1940,'004057'),(118,2,3,'4-58','CIRCLE RECORDING DISTRICT - NO. 34 COMPRISING CIRCLE VILLAGE; FEDERAL JAIL',1940,'004058'),(119,2,3,'4-59','CIRCLE RECORDING DISTRICT - NO. 34 N OF LITTLE BLACK RIVER INCLUDING BIG BLACK RIVER, FISHHOOK VILLAGE, FORT YUKON VILLAGE VICINITY, OLD RAMPART VILLAGE, RAT RIVER, SALMON TROUT RIVER, SALMON VILLAGE, AND SQUIRREL RIVER; FISHHOOK VILLAGE, OLD RAMPART VILLAGE, SALMON VILLAGE',1940,'004059'),(120,2,3,'4-60','CIRCLE RECORDING DISTRICT - NO. 34 S AND W OF LITTLE BLACK RIVER INCLUDING BIRCH CREEK AND TRIBUTARIES, CENTRAL (CENTRAL HOUSE), CIRCLE HOT SPRINGS, COAL CREEK, DEADWOOD CREEK, EAGLE CREEK, MASTODON CREEK, MILLER HOUSE, AND STEESE HIGHWAY TO TWELVE-MILE ROAD HOUSE; CIRCLE HOT SPRINGS',1940,'004060'),(121,2,3,'4-61','EAGLE RECORDING DISTRICT - NO. 35 COMPRISING EAGLE CITY',1940,'004061'),(122,2,3,'4-62','EAGLE RECORDING DISTRICT - NO. 35 COMPRISING EAGLE VILLAGE',1940,'004062'),(123,2,3,'4-63','EAGLE RECORDING DISTRICT - NO. 35 TRIBUTARY TO YUKON RIVER NORTHERLY FROM CITY OF EAGLE INCLUDING CHARLIEVILLE, NATION, AND STAR; CHARLIEVILLE, NATION, STAR',1940,'004063'),(124,2,3,'4-64','EAGLE RECORDING DISTRICT - NO. 35 S OF EAGLE CITY INCLUDING JOSEPH VILLAGE, NORTH FORK, O\'BRIEN CREEK, AND SEVENTY MILE; JOSEPH VILLAGE, SEVENTY MILE',1940,'004064'),(125,2,3,'4-65','FORTYMILE RECORDING DISTRICT - NO. 38 COMPRISING CANYON CREEK, CHICKEN, DENISON CREEK, FORTYMILE, FRANKLIN, JACK WADE, KETCHEMSTOCK, STEEL CREEK, WALKERS FORD, AND SURROUNDING MINING DISTRICTS; CHICKEN VILLAGE, FORTYMILE VILLAGE, FRANKLIN VILLAGE, JACK WADE VILLAGE, KETCHEMSTOCK VILLAGE',1940,'004065'),(126,2,4,'2-1','CAPE NOME RECORDING DISTRICT - NO. 8 COMPRISING NOME CITY; U.S. SIGNAL CORPS, U.S. COAST GUARD, FEDERAL JAIL, MAYNARD-COLUMBUS HOSPITAL, DETENTION HOSPITAL FOR THE INSANE',1940,'002001'),(127,2,4,'2-2','CAPE NOME RECORDING DISTRICT - NO. 8 COMPRISING KING ISLAND',1940,'002002'),(128,2,4,'2-3','CAPE NOME RECORDING DISTRICT - NO. 8 COMPRISING LITTLE DIOMEDE ISLAND',1940,'002003'),(129,2,4,'2-4','CAPE NOME RECORDING DISTRICT - NO. 8 COMPRISING NUNIVAK ISLAND (INCLUDING NATIVE SETTLEMENTS AND REINDEER HERDS), ST. MATHEWS ISLAND, AND HALL ISLAND',1940,'002004'),(130,2,4,'2-5','CAPE NOME RECORDING DISTRICT - NO. 8 COMPRISING ST. LAWRENCE ISLAND INCLUDING CHIVOKOK VILLAGE, CHIVONA VILLAGE, GAMBELL VILLAGE, INISHTOK VILLAGE, KANEE VILLAGE, POWOALUK VILLAGE, SAVOONGA VILLAGE, AND TUMNIK VILLAGE; CHIVOKOK VILLAGE, GAMBELL VILLAGE, SAVOONGA VILLAGE',1940,'002005'),(131,2,4,'2-6','CAPE NOME RECORDING DISTRICT - NO. 8 COMPRISING MAINLAND PORTION OF CAPE NOME RECORDING DISTRICT OUTSIDE NOME CITY INCLUDING ANNUK VILLAGE, ANVIL CREEK, ATNUK (NORTON BAY), BLUFF VILLAGE, BONANZA, CAPE DOUGLAS SETTLEMENT, CAPE NOME RD, CAPE NOME ROADHOUSE, CAPE RODNEY, COUNCIL VILLAGE, CRIPPLE RIVER, DAHL VILLAGE, DAVIDSON\'S LANDING, DEXTER RD, ELDORADO MINING CAMP, GLACIER CREEK, GOLOVIN BAY (OUTSIDE GOLOVIN VILLAGE), JESS CREEK, LANE\'S LANDING, MANILA CREEK, NOME RIVER, NORTON BAY (NW SHORE), OMALIK, OSBORNE CREEK, PENNY RIVER, POINT WOOLEY, PORT SAFETY, SALMON LAKE, SINUK VILLAGE, REINDEER HERDS, SHELTON VILLAGE, SLEDGE ISLAND, SNAKE RIVER, VILLAGES ALONG SOLOMAN RIVER ABOVE SOLOMON, SPOONER, SPRUCE CREEK, TAYLOR VILLAGE, THIRD BEACHLINE VICINITY, AND TOPKOK HEAD',1940,'002006'),(132,2,4,'2-7','CAPE NOME RECORDING DISTRICT - NO. 8 COMPRISING SOLOMON VILLAGE',1940,'002007'),(133,2,4,'2-8','CAPE NOME RECORDING DISTRICT - NO. 8 COMPRISING GOLOVIN VILLAGE',1940,'002008'),(134,2,4,'2-9','CAPE NOME RECORDING DISTRICT - NO. 8 COMPRISING WHITE MOUNTAIN VILLAGE',1940,'002009'),(135,2,4,'2-10','CAPE NOME RECORDING DISTRICT - NO. 8 COMPRISING IGLOO VILLAGE',1940,'002010'),(136,2,4,'2-11','CAPE NOME RECORDING DISTRICT - NO. 8 COMPRISING PILGRIM SPRINGS VILLAGE; LOYOLA INSTITUTE ORPHANAGE',1940,'002011'),(137,2,4,'2-12','FAIRHAVEN RECORDING DISTRICT - NO. 9 INCLUDING KEEWALIK VILLAGE, BEER CREEK CAMPS, BUCKLAND RIVER VILLAGES, CANDLE CREEK CAMP, CRIPPLE RIVER, ENWAINUK, ESCHOLTZ BAY (S PORTION), GOOD HOPE RIVER, HUMBOLDT CREEK, IMURUK BASIN, INDEPENDENT COAL MINE, INVOOACHUK RIVER CAMPS, KEEWALIK RIVER, KUGRUK COAL MINE, KUGRUK RIVER, NICLANNUKTUK VILLAGE, NINE MILE POINT, PETOOK, REINDEER HERDS, SINGAGAROOK, TOPKOK, TUTOTUT, AND UTICA MINES; KEEWALIK VILLAGE',1940,'002012'),(138,2,4,'2-13','FAIRHAVEN RECORDING DISTRICT - NO. 9 COMPRISING CANDLE VILLAGE',1940,'002013'),(139,2,4,'2-14','FAIRHAVEN RECORDING DISTRICT - NO. 9 COMPRISING DEERING VILLAGE',1940,'002014'),(140,2,4,'2-15','FAIRHAVEN RECORDING DISTRICT - NO. 9 COMPRISING BUCKLAND NATIVE RESERVATION; BUCKLAND VILLAGE',1940,'002015'),(141,2,4,'2-16','KOYUK RECORDING DISTRICT - NO. 10 INCLUDING ELIM VILLAGE, HAYCOCK VILLAGE, KOYUK VILLAGE, DIME CREEK, DIME CREEK LANDING, INGLUTALIK RIVER, ISAAC\'S POINT, KANGEKOSOOK (AT MOUTH OF KOYUK RIVER), KOYUK LANDING, KOYUK RIVER, NORTON BAY (NORTHERN PORTION), NORTON BAY STATION, REINDEER HERDS, AND UNGALIK RIVER; ELIM VILLAGE, HAYCOCK VILLAGE, KOYUK VILLAGE',1940,'002016'),(142,2,4,'2-17','NOATAK-KOBUK RECORDING DISTRICT - NO. 11 S OF POINT LAY INCLUDING AGNES CREEK CAMP, AKALOOK, ANIYAK VILLAGE, BEACON HILL, BUCKLAND-LAPP REINDEER HERD, CAMP OMALIK, CAMP PIPE SPIT, CAMP SINYOK, CONVIN COAL MINE, DAHL CREEK, ELEKTOONA HERD, ERYWUOK CAMP, ESCHOLTZ BAY (N SHORE), HOTHAM INLET, HUNT RIVER CAMP, IMITKILLY VILLAGE, IPNOT (CAPE THOMPSON), INESOTPOT, IYOGULUK CAMP, KALLA CAMP, KAPALOA VILLAGE, KICHAMALOVA CAMP, KITIARUK VILLAGE, KLERY CREEK CAMP, KOBUK COAL MINE, KOBUK VILLAGE, KOCHOAT CAMP, KAVCHEAK CAMP, KOONOOK CAMP, KOTZEBUE REINDEER CAMP NO. 1, KOTZEBUE REINDEER HERD NO. 3, KUKPUK RIVER CAMP, LAKE SELBY, MUNGNIK CAMP, NEBAKTUKUT, NIGALUK (KOBUK RIVER), NOATAK REINDEER CAMP, NOATAK RIVER, OAPISUGURUK-ONALIK REINDEER CAMP, OKALULIK REINDEER CAMP, OXIK, PANCAVIK SUN CAMP, REILLY\'S CAMP, REINDEER HERDS, RILEY CAMP (KOBUK RIVER), SALMON RIVER MOUTH, SEDARD (KOBUK RIVER), SELAWIK LAKE, SELAWIK RIVER, SEVOCK REINDEER CAMP, SHEELUGLUK, SINARA (KOBUK RIVER), SOONIGERAK CAMP, SQUIRREL RIVER CAMPS, TABBERTOWN, THETIS COAL MINE, TIKIZAT VILLAGE, TOOKURUK VILLAGE, TUCKFIELD CAMP, UTKIAVI (KOBUK RIVER), WADLUK CAMP, WALKER LAKE, WEVOK VILLAGE (CAPE LISBOURNE), AND WALTHAM VILLAGE',1940,'002017'),(143,2,4,'2-18','NOATAK-KOBUK RECORDING DISTRICT - NO. 11 COMPRISING KOBUK NATIVE RESERVATION',1940,'002018'),(144,2,4,'2-19','NOATAK-KOBUK RECORDING DISTRICT - NO. 11 COMPRISING KIANA VILLAGE',1940,'002019'),(145,2,4,'2-20','NOATAK-KOBUK RECORDING DISTRICT - NO. 11 COMPRISING KIVALINA VILLAGE',1940,'002020'),(146,2,4,'2-21','NOATAK-KOBUK RECORDING DISTRICT - NO. 11 COMPRISING KOTZEBUE VILLAGE; KOTZEBUE HOSPITAL',1940,'002021'),(147,2,4,'2-22','NOATAK-KOBUK RECORDING DISTRICT - NO. 11 COMPRISING NOATAK VILLAGE',1940,'002022'),(148,2,4,'2-23','NOATAK-KOBUK RECORDING DISTRICT - NO. 11 COMPRISING NOORVIK VILLAGE',1940,'002023'),(149,2,4,'2-24','NOATAK-KOBUK RECORDING DISTRICT - NO. 11 COMPRISING SELAWIK VILLAGE',1940,'002024'),(150,2,4,'2-25','NOATAK-KOBUK RECORDING DISTRICT - NO. 11 COMPRISING SHUNGNAK VILLAGE',1940,'002025'),(151,2,4,'2-26','NOATAK-KOBUK RECORDING DISTRICT - NO. 11 COMPRISING POINT HOPE (TIGARA) VILLAGE',1940,'002026'),(152,2,4,'2-27','NOATAK-KOBUK RECORDING DISTRICT - NO. 11 BETWEEN POINT LAY AND POINT BARROW N OF ENDICOTT MOUNTAIN RANGE AND W OF 156TH MERIDIAN INCLUDING UTOKOK, ICY CAPE, AKEONIK, PINGORARUK, MITLIKTAVIK, KILAMANTAVI, POINT KARMUK, POINT MARSH, POINT COLLIE, KUK RIVER, POINT BELCHER, ATANIK, KUGRUS RIVER, POINT ASINIAK, POINT FRANKLIN, SEAHORSE ISLANDS, PEARD BAY, INARU RIVER, SKULL CLIFF, SINARU, WALAKPA, WALLIKIPPI, CAPE SMYTH, UTKIAVI, NUWUK, POINT BARROW, WAINWRIGHT REINDEER CAMP NO. 2, WAINWRIGHT REINDEER CAMP NO. 3, WAINWRIGHT REINDEER CAMP NO. 4, BARROW REINDEER HERD NO. 5, AND ANY OTHER REINDEER HERDS AND CAMPS; POINT BARROW VILLAGE',1940,'002027'),(153,2,4,'2-28','NOATAK-KOBUK RECORDING DISTRICT - NO. 11 COMPRISING POINT LAY VILLAGE (KOKOTIK)',1940,'002028'),(154,2,4,'2-29','NOATAK-KOBUK RECORDING DISTRICT - NO. 11 COMPRISING WAINWRIGHT VILLAGE',1940,'002029'),(155,2,4,'2-30','NOATAK-KOBUK RECORDING DISTRICT - NO. 11 COMPRISING BARROW VILLAGE; BARROW HOSPITAL',1940,'002030'),(156,2,4,'2-31','NOATAK-KOBUK RECORDING DISTRICT - NO. 11 COMPRISING BARROW U.S. ARMY SIGNAL CORPS RADIO STATION',1940,'002031'),(157,2,4,'2-32','NOATAK-KOBUK RECORDING DISTRICT - NO. 11 COMPRISING AREA FROM 156TH MERIDIAN EASTWARD TO BOUNDARY OF SECOND JUDICIAL DIVISION (148TH MERIDIAN JUST E OF POINT HEALD) AND N OF ENDICOTT RANGE OF MOUNTAINS INCLUDING POINT SCOTT, TAPKALUK ISLANDS, COOPER ISLAND, SHORES OF IKO BAY, MARTIN ISLAND, POINT CHRISTIE, POINT MCTAVISH, OARLOCK ISLAND, SHORES OF ADMIRALTY BAY, POINT WRIGHT, SHORES OF DEASE INLET, IGALIK ISLAND, KULGURAK ISLAND, POINT TANGENT, SHORES OF MACKAY INLET, TULIMANIK ISLAND, CAPE SIMPSON, SHORES OF SMITH BAY, IKPIKPUK RIVER AND TRIBUTARIES, POINT DREW, POINT PITT, CAPE HALKETT, TESHEKPUK LAKE, SAKTUINA ISLAND, KOGRU RIVER, POINT ATIGARU, COLVILLE RIVER POINTS AND TRIBUTARIES, THETIS ISLAND, SPY ISLANDS, PINGOK ISLAND, JONES ISLANDS, POINT OLIKTOK, POINT MILNE, POINT BEECHEY, RETURN ISLANDS, KUPARUK RIVER, PRENDHOE BAY, MIDWAY ISLAND, AND POINT HEALD; BEACHY POINT VILLAGE, CAPE HALKETT VILLAGE',1940,'002032'),(158,2,4,'2-33','PORT CLARENCE RECORDING DISTRICT - NO. 12 INCLUDING BERING, BUD CREEK PLACER MINES, BURK CREEK PLACER MINES, COYOTE CREEK, GOLD RIVER MINING CAMP, GRANTLEY HARBOR, IMURUK BASIN, KIVIDLOW, LOPP LAGOON, LOST RIVER MINING CAMP, MITLETUKERUK, NULOOK REINDEER CAMP, PAAPKUK, PORT CLARENCE, REINDEER HERDS, REINDEER STATION (NEAR LUTHERAN MISSION), SHISHMAREF INLET, SINRAGAT, SULLIVAN, TIN CITY VILLAGE, TOATUK, TUKERUK REINDEER CAMP, WOOLEY VILLAGE, AND YORK REINDEER HERD; TIN CITY VILLAGE, LUTHERAN ORPHANAGE',1940,'002033'),(159,2,4,'2-34','PORT CLARENCE RECORDING DISTRICT - NO. 12 COMPRISING SHISHMAREF VILLAGE',1940,'002034'),(160,2,4,'2-35','PORT CLARENCE RECORDING DISTRICT - NO. 12 COMPRISING TELLER VILLAGE',1940,'002035'),(161,2,4,'2-36','PORT CLARENCE RECORDING DISTRICT - NO. 12 COMPRISING WALES VILLAGE',1940,'002036'),(162,2,4,'2-37','ST. MICHAEL RECORDING DISTRICT - NO. 13 INCLUDING EASTON, KIKTAGUK, NEKLITT, PASTOLIK, AND STUART ISLAND',1940,'002037'),(163,2,4,'2-38','ST. MICHAEL RECORDING DISTRICT - NO. 13 COMPRISING SHAKTOLIK VILLAGE',1940,'002038'),(164,2,4,'2-39','ST. MICHAEL RECORDING DISTRICT - NO. 13 COMPRISING ST. MICHAEL VILLAGE',1940,'002039'),(165,2,4,'2-40','ST. MICHAEL RECORDING DISTRICT - NO. 13 COMPRISING UNALAKLEET VILLAGE',1940,'002040'),(166,2,4,'2-41','ST. MICHAEL RECORDING DISTRICT - NO. 13 COMPRISING STEBBINS VILLAGE',1940,'002041'),(167,2,4,'2-42','WADE HAMPTON RECORDING DISTRICT - NO. 14 INCLUDING AGUNLAWICK, AKULURAK, ALAGANUCK, ANDREAFSKY, ANDREAFSKY RIVER, ANNUCLUCK, BLACK RIVER, CAPE NYACK, CHICKTOLIK, CHUELINGOK RIVER, COTTONWOOD VILLAGE, CHUVILNUK, DOGFISH VILLAGE, ELUTUC, EMANUCK, FISH VILLAGE, FORTUNA LEDGE, HAMILTON VILLAGE, INGUEHOCK, KAKECHIK RIVER, KASHIVNIK, KASHUNUK RIVER, KANTEMUTE, KEELYTOOLY, KUSILVAK MOUNTAINS, KWIGOMUTE, KWIGUK, KWIMALETHA, LIBERTY LANDING, MANCOPIKNAK RIVER, NELATHA, NEW FORT HAMILTON, OKOPAMUTE, OLD FORT HAMILTON, OLD PILOT STATION, OWL CITY, PATSY PLACE, PINKAS POINT, PONDRONIK, SCAMMON BAY, SMITH BAY, SUNSHINE BAY, TICKCHUCK, WILLOW CREEK, YUKON RIVER DELTA REINDEER HERDS, AND RUSSIAN MISSION VILLAGE; ST. MARY\'S INDUSTRIAL TRAINING SCHOOL AND ORPHANAGE FOR GIRLS (AKULURAK), CATHOLIC BOARDING SCHOOL FOR BOYS (AKULURAK), RUSSIAN MISSION VILLAGE',1940,'002042'),(168,2,4,'2-43','WADE HAMPTON RECORDING DISTRICT - NO. 14 COMPRISING MOUNTAIN VILLAGE RESERVATION; U.S. HOSPITAL FOR NATIVES',1940,'002043'),(169,2,4,'2-44','WADE HAMPTON RECORDING DISTRICT - NO. 14 COMPRISING PILOT STATION VILLAGE',1940,'002044'),(170,2,4,'2-45','WADE HAMPTON RECORDING DISTRICT - NO. 14 COMPRISING KASHUNUK VILLAGE',1940,'002045'),(171,2,4,'2-46','VOID',1940,'002046'),(172,2,4,'2-47','WADE HAMPTON RECORDING DISTRICT - NO. 14 COMPRISING HOOPER BAY VILLAGE',1940,'002047'),(173,2,4,'2-48','WADE HAMPTON RECORDING DISTRICT - NO. 14 COMPRISING KOTLIK VILLAGE AND CHANELIAK VILLAGE; CHANELIAK VILLAGE',1940,'002048'),(174,2,5,'3-1','SEWARD RECORDING DISTRICT - NO. 27 COMPRISING SEWARD TOWN',1940,'003001'),(175,2,5,'3-2','SEWARD RECORDING DISTRICT - NO. 27 N OF SEWARD TOWN INCLUDING CHICKALOON BAY, COOPER LANDING, DINIOLE STATION, GRANDVIEW STATION, HOPE VILLAGE, HUNTER STATION, JESSE LEE HOME, JOHNSON STATION, KENOI LAKE, LAKEVIEW, LAWING STATION, MOOSE PASS STATION, MORAINE STATION, POINT POSSESSION, PORTAGE STATION, PRIMROSE LANDING, PRIMROSE STATION, RIDDIFORD (SKILAK LAKE), RUSSIAN RIVER, SKILAK LAKE, SPENCER STATION, SUNRISE VILLAGE, WOODROW STATION, AND FARMING DISTRICTS AND TIEMAKERS IN VICINITY OF ALASKA RAILROAD FROM SEWARD TO PORTAGE STATION; JESSE LEE HOME, HOPE VILLAGE',1940,'003002'),(176,2,5,'3-3','SEWARD RECORDING DISTRICT - NO. 27 S OF SEWARD TOWN INCLUDING AIALIK BAY, CHISWELL ISLANDS, DAY HARBOR, GRANITE ISLAND, HARRIS BAY, JOHNSTON BAY, NUKA BAY, NUKA ISLAND, PUGET BAY, PYE ISLANDS, RENARD ISLAND, RESURRECTION BAY, RUGGED ISLAND, TWO-ARM BAY, AND WHIDBEY BAY',1940,'003003'),(177,2,5,'3-4','VALDEZ RECORDING DISTRICT - NO. 30 COMPRISING VALDEZ TOWN; FEDERAL JAIL, EL NATHAN HOME (ORPHANAGE)',1940,'003004'),(178,2,5,'3-5','VALDEZ RECORDING DISTRICT - NO. 30 COMPRISING ISLANDS AND SHORES OF PRINCE WILLIAM SOUND INCLUDING GLACIER ISLAND, COLUMBIA BAY, UNAKWIK INLET, EAGLEK BAY, PORT WELLS AREA, PORT NELLIE JUAN, KNIGHT ISLAND, CHENEGA ISLAND, BAINBRIDGE ISLAND, EVANS ISLAND, ELRINGTON ISLAND, LATOUCHE ISLAND, LATOUCHE VILLAGE, MONTAGUE ISLAND, GREEN ISLAND, NAKED ISLAND, GOOSE ISLAND, BLIGH ISLAND, AND PORT FIDALGO (EXCLUDING AREA E OF 146 DEGREES 30 MINUTES AND AREA IN VALDEZ ARM AND PORT VALDEZ N OF ROCKY POINT); LATOUCHE VILLAGE AND VALDEZ RECORDING DISTRICT - NO. 30 NORTHWARD FROM A LINE JOINING ELLAMAR MOUNTAIN WITH COLUMBIA GLACIER INCLUDING GALENA BAY, JACK BAY, SAWMILL BAY, PORT VALDEZ, THOMPSON PASS, WORTHMONS, TIEKEL, AND SCATTERED POPULATION ALONG RICHARDSON HIGHWAY UP TO BUT NOT INCLUDING TONSINA ROADHOUSE AND VALDEZ RECORDING DISTRICT - NO. 30 COMPRISING CHENEGA VILLAGE AND VALDEZ RECORDING DISTRICT - NO. 30 COMPRISING TATILEK VILLAGE',1940,'003005'),(179,2,5,'3-6','CORDOVA RECORDING DISTRICT - NO. 20 COMPRISING CORDOVA TOWN; CORDOVA HOSPITAL',1940,'003006'),(180,2,5,'3-7','VOID',1940,'003007'),(181,2,5,'3-8','CORDOVA RECORDING DISTRICT - NO. 20, CAPE ST. ELIAS LIGHTHOUSE ON S END OF KAYAK ISLAND',1940,'003008'),(182,2,5,'3-9','CORDOVA RECORDING DISTRICT - NO. 20, CAPE HINCHINBROOK LIGHTHOUSE AND RADIO DIRECTION FINDER STATION ON SW POINT OF E SIDE OF CAPE HINCHINBROOK ENTRANCE TO PRINCE WILLIAM SOUND',1940,'003009'),(183,2,5,'3-10','VOID',1940,'003010'),(184,2,5,'3-11','CORDOVA RECORDING DISTRICT - NO. 20 COMPRISING EYAK VILLAGE INCLUDING COPPER RIVER & NORTHWESTERN RAILWAY MILES 3 TO 60 AND SECTION CREWS AND SCATTERED POPULATION ALONG RAILROAD; EYAK VILLAGE',1940,'003011'),(185,2,5,'3-12','CORDOVA RECORDING DISTRICT - NO. 20 COMPRISING KATALLA VILLAGE, ALAGANIK, BERING RIVER MINE CAMP, CHILKAT CONTROLLER BAY, KONAK ISLAND, KAYAK ISLAND, WINGHAM ISLAND, AND YAKATAGA BEACH; KATALLA VILLAGE',1940,'003012'),(186,2,5,'3-13','CORDOVA RECORDING DISTRICT - NO. 20 COMPRISING ORCA BAY AND SE PORTION OF PRINCE WILLIAM SOUND INCLUDING BOMB POINT, EGG ISLANDS, GLACIER BAY, GRAVINA POINT, HAWKINS ISLAND, HINCHINBROOK ISLAND, NELSON (ARCA P.O.), ARCA INLET, PORT GRAVINA, SHEEP BAY, SHEEP POINT, AND SIMPSON BAY',1940,'003013'),(187,2,5,'3-14','MCCARTHY RECORDING DISTRICT - NO. 25 INCLUDING MCCARTHY VILLAGE, KENNICOTT VILLAGE, NAZINA, BREMNER AVIATION FIELD, AND SCATTERED POPULATION IN AREA; KENNICOTT VILLAGE, KENNICOTT COPPER CORPORATION HOSPITAL, MCCARTHY VILLAGE',1940,'003014'),(188,2,5,'3-15','CHITINA RECORDING DISTRICT - NO. 19 COMPRISING CHITINA VILLAGE INCLUDING WHITE SECTION',1940,'003015'),(189,2,5,'3-16','CHITINA RECORDING DISTRICT - NO. 19 COMPRISING COPPER CENTER VILLAGE',1940,'003016'),(190,2,5,'3-17','CHITINA RECORDING DISTRICT - NO. 19 COMPRISING CHISNA (SLATE CREEK), CHISTOCHINA, GAKONA VILLAGE, GULKANA VILLAGE, HOGANA, PAXON, TASLINA-RICHARDSON GOVERNMENT HIGHWAY-TONSINA, WILLOW CREEK (RICHARDSON GOVERNMENT HIGHWAY), COPPER RIVER & NORTHWESTERN RAILWAY MILES 60 TO 140 INCLUDING SECTION CREWS AND SCATTERED POPULATION ALONG RAILROAD, KINGS, AND SCATTERED POPULATION ADJACENT TO RICHARDSON GOVERNMENT HIGHWAY',1940,'003017'),(191,2,5,'3-18','CHITINA RECORDING DISTRICT - NO. 19 COMPRISING BATZULNETAS, CABIN, DEMPSEY, ELLIOTT CREEK, KOTSINA, MENTASTA, SLANA, AND TALSONA',1940,'003018'),(192,2,5,'3-19','CHITINA RECORDING DISTRICT - NO. 19 COMPRISING TETLIN NATIVE RESERVATION; TETLIN VILLAGE',1940,'003019'),(193,2,5,'3-20','CHITINA RECORDING DISTRICT - NO. 19 COMPRISING OLD WHITE RIVER RECORDING DISTRICT INCLUDING CHISANA VILLAGE, KESSELER\'S CAMP ON LOWER CHISANA RIVER, NATIVE VILLAGE AT MOUTH OF NABESNA RIVER, AND PROSPECTORS AND TRAPPERS ALONG CHISANA RIVER AND ITS TRIBUTARIES; CHISANA VILLAGE, NABESNA VILLAGE',1940,'003020'),(194,2,5,'3-21','ANCHORAGE RECORDING DISTRICT - NO. 31 COMPRISING ANCHORAGE CITY W OF E ST INCLUDING NORTH ADDITION (GOVERNMENT HILL AREA); FEDERAL JAIL, NEW CATHOLIC HOSPITAL',1940,'003021'),(195,2,5,'3-22','ANCHORAGE RECORDING DISTRICT - NO. 31 COMPRISING ANCHORAGE CITY E OF E ST; ALASKA RAILROAD HOSPITAL',1940,'003022'),(196,2,5,'3-23','ANCHORAGE RECORDING DISTRICT - NO. 31 COMPRISING EKLUTNA NATIVE RESERVATION; EKLUTNA VOCATIONAL SCHOOL, EKLUTNA VILLAGE',1940,'003023'),(197,2,5,'3-24','ANCHORAGE RECORDING DISTRICT - NO. 31 E OF COOK INLET INCLUDING TWENTY MILE RIVER, KERN, GIRDWOOD, BIRD, INDIAN, RAINBOW, POTTER, CAMPBELL, LAKE SPENARD, WHITNEY, EAGLE RIVER, BIRCHWOOD AND FARMS, SCATTERED POPULATION, SECTION AND WORKING CREWS, TIEMAKERS, AND PROSPECTORS',1940,'003024'),(198,2,5,'3-25','ANCHORAGE RECORDING DISTRICT - NO. 31 W AND NW OF COOK INLET INCLUDING SUSITNA VILLAGE, ALEXANDER, BELUGA, LADDS, KUSTATAN, REDOUBT BAY, AND KALGIN ISLAND; SUSITNA STATION VILLAGE',1940,'003025'),(199,2,5,'3-26','ANCHORAGE RECORDING DISTRICT - NO. 31 COMPRISING MOQUAWKIE INDIAN RESERVATION - TYONEK',1940,'003026'),(200,2,5,'3-27','PALMER RECORDING DISTRICT - NO. 16 INCLUDING PALMER VILLAGE, MATANUSKA, PALMER BRANCH RAILWAY LINE [ALASKA RAILROAD], CHICKALOON, MOOSE CREEK, ESKA COAL MINE, JONES COAL MINE, JONESVILLE, SUTTON, COLONISTS IN ALASKA RURAL REHABILITATION CORPORATION AREA, FARMERS, PROSPECTORS, AND SCATTERED POPULATION; PALMER VILLAGE, PALMER HOSPITAL, COLONISTS OF THE ALASKA RURAL REHABILITATION CORPORATION COLONY (PART)',1940,'003027'),(201,2,5,'3-28','WASILLA RECORDING DISTRICT - NO. 17 INCLUDING WASILLA VILLAGE, KNIK VILLAGE, COTTONWOOD, WILLOW CREEK MINES, LUCKYSHOT MINES, ARCHANGEL, HOUSTON, PITTMAN, NANCY, KASHWITNA, CASWELL, SCATTERED POPULATION, WORKING AND SECTION CREWS, TIEMAKERS, AND FARMS; WASILLA VILLAGE, KNIK VILLAGE, COLONISTS OF THE ALASKA RURAL REHABILITATION CORPORATION COLONY (PART)',1940,'003028'),(202,2,5,'3-29','TALKEETNA RECORDING DISTRICT - NO. 28 INCLUDING ALASKA RAILROAD FROM MONTANA TO SUMMIT (INCLUDING BROAD PASS, CANYON CHASE, CHULITNA, COLORADO, CURRY, FISHLAKE, GOLD CREEK, HONOLULU, HURRICANE, LANE, MONTANA, SHERMAN, SUMMIT, SUNSHINE, AND TALKEETNA), FARMS, SCATTERED POPULATION, WORKING AND SECTION CREWS, TIEMAKERS BETWEEN STATIONS AND ADJACENT TO RAILROAD, CACHE CREEK MINING DISTRICT, CHULITNA PASS, DENALI, FAIRVIEW DISTRICT, KROPP, MCDOUGALL, UPPER YENTNA RIVER TRAPPING DISTRICT, VALDEZ CREEK AND INDIAN VILLAGE, WEST FORK CHULITNA RIVER, AND YENTNA P.O.; TALKEETNA VILLAGE, CURRY VILLAGE, DENALI VILLAGE, SUSITNA VILLAGE',1940,'003029'),(203,2,5,'3-30','KENAI RECORDING DISTRICT - NO. 22 INCLUDING KENAI VILLAGE, KASILOF, NINILCHIK VILLAGE, SALAMATOF, AND SKILIAK TUSTUMENA LAKE; KENAI VILLAGE, KASILOF VILLAGE, NINILCHIK VILLAGE',1940,'003030'),(204,2,5,'3-31','SELDOVIA RECORDING DISTRICT - NO. 26 INCLUDING ANCHOR POINT, AURORA (E SHORE OF KACHEMAK BAY), BEAR COVE, CAPE STARICHKOF, COAL BAY, EAST CHUGACH ISLAND, ELIZABETH ISLAND, HALIBUT COVE, HOMER, KACHEMAK BAY, PEARL ISLAND, PORT CHATHAM, PORT DICK, PORT GRAHAM VILLAGE, PORTLOCK, SADIE COVE, SELDOVIA BAY, SELDOVIA VILLAGE, SUNDAY HARBOR, TUTKA BAY, WINDY BAY, AND YUKON ISLAND; SELDOVIA VILLAGE, SELDOVIA HOSPITAL, HOMER VILLAGE, PORT GRAHAM VILLAGE',1940,'003031'),(205,2,5,'3-32','ILIAMNA RECORDING DISTRICT - NO. 21 INCLUDING ILIAMNA VILLAGE, NONDALTON VILLAGE, AGINEVIK, ASHIVAK (KAMISHAK BAY), AUGUSTINE ISLAND (COOK INLET), BRUIN BAY, CHINITNA BAY (COOK INLET), CHISIK ISLAND (COOK INLET), COTTONWOOD BAY (ILIAMNA BAY), DRY BAY (COOK INLET), DULTON (COTTONWOOD BAY), ILIAMNA BAY, ILIAMNA LAKE, IWISKIN BAY, KAKHONAK (ILIAMNA LAKE), KAKHONAK LAKE, KAMISHAK BAY, LAKE CLARK, NEWHALEN VILLAGE (ILIAMNA LAKE), NIKHKAK (LAKE CLARK), PORTAGE CREEK VILLAGE (LAKE CLARK), REINDEER STATION (ILIAMNA LAKE), SHOW ISLAND (COOK INLET), SUKOI BAY (COOK INLET), TAZIMINA LAKES, TUXEDUI HARBOR, COOK INLET, URSUS COVE (COOK INLET), AND YENALIEN POINT VILLAGE; ILIAMNA VILLAGE, NONDALTON VILLAGE, NEWHALEN VILLAGE',1940,'003032'),(206,2,5,'3-33','BRISTOL BAY RECORDING DISTRICT - NO. 18 COMPRISING VILLAGE OF KANAKANAK; U.S. GOVERNMENT HOSPITAL FOR NATIVES, FEDERAL JAIL',1940,'003033'),(207,2,5,'3-34','BRISTOL BAY RECORDING DISTRICT - NO. 18 COMPRISING VILLAGE OF DILLINGHAM',1940,'003034'),(208,2,5,'3-35','BRISTOL BAY RECORDING DISTRICT - NO. 18 COMPRISING VILLAGE OF NUSHAGAK',1940,'003035'),(209,2,5,'3-36','BRISTOL BAY RECORDING DISTRICT - NO. 18 COMPRISING VILLAGE OF TOGIAK',1940,'003036'),(210,2,5,'3-37','BRISTOL BAY RECORDING DISTRICT - NO. 18 COMPRISING VILLAGE OF KULUKAK',1940,'003037'),(211,2,5,'3-38','BRISTOL BAY RECORDING DISTRICT - NO. 18 INCLUDING AGHIYAK, AGUSICK SALTING STATION, AGUSICK VILLAGE, AKOKPAK VILLAGE, ALAGNAK, ALEKNAGIK, ALLIELAKA VILLAGE, ANDREWS CREEK, ANUGUAK, CARMEL, CLARK\'S POINT, COFFEE POINT, CREEK CANNERY-COLUMBIA RIVER PACKERS ASSOCIATION, CROOKED ISLAND, CROSSPOINT VILLAGE, EGUSICK VILLAGE, EKAK VILLAGE, EKMAK VILLAGE, GECHINIAK, HAGENMEISTER ISLAND, HALLERVILLE (OLD DESERTED VILLAGE), HIGH ISLAND, IGIAGCHAK, IGIARAK, IGUSHIK, INAKPUK, ISHKOK VILLAGE, KANONAKPAK, KANULIK VILLAGE, KASHAIAK, KANIOK, KETOCHEAGOKE VILLAGE, KOKMAK, KOLIGANEK, KUNULUK VILLAGE, KURIK, LEWIS POINT, LOKANOK CANNERY, MATUWAK, MUKSIS, MULOHATNA REINDEER HERDS, MYOKANIK, NELSON REINDEER CAMP, NINGAIRMUET VILLAGE, NINACHUAK, NUNAVOZALUK, ONGOK, OWENS, PILOT STATION VILLAGE, PUNGOKPUK, SALMON CREEK SALTING STATION, SEVENUSKA VILLAGE, SNAKE RIVER SETTLEMENT, SQUAW CREEK SALTING STATION, TIKCHIK, TOGIAMUT, TOKELUNG, TUNRANIK, TUVEYARAK, UALIK, UNAGALIK, UNGAK VILLAGE, UZAVIGIAK, UGAVIGIAKANAT, WOOD RIVER INDEPENDENT REINDEER HERDER\'S VILLAGE, WOOD RIVER REINDEER VILLAGE (U.S. GOVERNMENT HERD), WOOD RIVER VILLAGE AND CANNERY, WOOD RIVER VILLAGE, AND YACHERK; CLARK\'S POINT VILLAGE, EKUK VILLAGE, EKWAK VILLAGE, IGUSHIK VILLAGE, NUNACHUAK VILLAGE, TOKELUNG VILLAGE, UZAVIGIAKAMUT VILLAGE, WOOD RIVER VILLAGE',1940,'003038'),(212,2,5,'3-39','KVICHAK RECORDING DISTRICT - NO. 24 COMPRISING VILLAGE OF EGEGIK',1940,'003039'),(213,2,5,'3-40','KVICHAK RECORDING DISTRICT - NO. 24 COMPRISING VILLAGE OF NAKNEK',1940,'003040'),(214,2,5,'3-41','KVICHAK RECORDING DISTRICT - NO. 24 COMPRISING VILLAGE OF UGASHIK',1940,'003041'),(215,2,5,'3-42','KVICHAK RECORDING DISTRICT - NO. 24 COMPRISING VILLAGE OF PILOT STATION',1940,'003042'),(216,2,5,'3-43','KVICHAK RECORDING DISTRICT - NO. 24 INCLUDING BECHAROF LAKE, FAWIK, KOGGIUNG VILLAGE, KUKAKLEK LAKE, KVICHAK BAY, KVICHAK RIVER, KVICHAK VILLAGE, NAKNEK LAKE, UGASHIK LAKES, AND UGASHIK RIVER; KOGGIUNG VILLAGE, KVICHAK VILLAGE',1940,'003043'),(217,2,5,'3-44','KODIAK RECORDING DISTRICT - NO. 23 COMPRISING KANATAK VILLAGE',1940,'003044'),(218,2,5,'3-45','KODIAK RECORDING DISTRICT - NO. 23 COMPRISING SOUTHEASTERLY PORTION OF ALASKA PENINSULA FROM CAPE DOUGLAS TO CAPE KUMLIM INCLUDING AGRIPINA BAY, ALINCHAK BAY, AMALIK HARBOR, AMBER BAY, ANIAKCHAK BAY, ASHIIAK ISLAND, CHIGINAGAK BAY, CHIRIKOF ISLAND, COLD BAY, COLD BAY VILLAGE, DAVID ISLAND, DRY BAY, HALLO BAY, HYDRA ISLAND, IMAYA BAY, JUTE BAY, KAFLIA BAY, KUSLINK BAY, KATMAI BAY, KATMAI VILLAGE, KAYUYAK VILLAGE, KIALAGNIK BAY, KIUKPALIK ISLAND, KUIUKUK VILLAGE, KUJULIK BAY, KUKAK BAY, KUKAK VILLAGE, KUMLIK ISLAND, NAKALIKLOK BAY, NINAGIAK ISLAND, POLTAVA ISLAND, PORTAGE BAY, PORT WRANGELL, SEMEDI ISLANDS, SUTWIK ISLAND, SWIKSHAK BAY, TAKLI ISLAND, UGAIUSHAK ISLAND, UNAVIKSHAK ISLAND, AND YANCARNIE BAY',1940,'003045'),(219,2,5,'3-46','KODIAK RECORDING DISTRICT NO. 23 COMPRISING KODIAK VILLAGE; KODIAK BAPTIST ORPHANAGE, KODIAK HOSPITAL, FEDERAL JAIL, U.S. NAVAL RADIO STATION',1940,'003046'),(220,2,5,'3-47','KODIAK RECORDING DISTRICT NO. 23 COMPRISING AFOGNAK VILLAGE',1940,'003047'),(221,2,5,'3-48','KODIAK RECORDING DISTRICT NO. 23 COMPRISING ALITAK VILLAGE',1940,'003048'),(222,2,5,'3-49','KODIAK RECORDING DISTRICT NO. 23 COMPRISING KARLUK VILLAGE',1940,'003049'),(223,2,5,'3-50','KODIAK RECORDING DISTRICT NO. 23 COMPRISING OLD HARBOR VILLAGE',1940,'003050'),(224,2,5,'3-51','KODIAK RECORDING DISTRICT NO. 23 COMPRISING OUZINKIE VILLAGE',1940,'003051'),(225,2,5,'3-52','KODIAK RECORDING DISTRICT NO. 23 COMPRISING WOOD ISLAND VILLAGE',1940,'003052'),(226,2,5,'3-53','KOKAIK RECORDING DISTRICT NO. 23 COMPRISING AFOGNAK ISLAND, KODIAK ISLAND, AND ADJACENT ISLANDS INCLUDING AIAKTAKIK VILLAGE, KAGUYAK VILLAGE, AFOGNAK BAY, AFOGNAK U.S. FISHERIES STATION, AFOGNAK VILLAGE VICINITY, AIAKTALIK ISLAND, ALIMVOAK BAY, ALITAK BAY, AMOOK ISLAND, AYAKULIK ISLAND, AYAKULIK RIVER, BAN ISLAND, BAUEN ISLANDS, CHINIAK BAY, DANGER BAY, DARK ISLAND, DUCK BAY, EAGLE HARBOR VILLAGE, EAST ARM (UGANIK BAY), GEESE ISLANDS, HARVESTER BAY, ISHUT BAY, KAGUYAK BAY, KAIUGNAK BAY, KAIYAK BAY, KALSIN BAY, KARLUK LAKE, KARLUK RIVER, KEMPOFF BAY, KILINDA BAY, KILINDA VILLAGE, KIZHUYAK BAY, KODIAK VICINITY, LAZY BAY, LITUIK VILLAGE, LONG ISLAND, MARMOT ISLAND, MIDDLE BAY, MOSES BAY, NORTHWEST ARM (YGANIK BAY), NUNUMIUT VILLAGE, OLGA BAY, PARAMENOF BAY, PORT HOBSON, PUFFIN ISLAND, RASPBERRY ISLAND, RASPBERRY STRAIT, RUSSIAN HARBOR, ST. PAUL HARBOR, SEAL BAY, SEA OTTER ISLAND, SHEARWATER BAY, SHUYAK ISLAND, SHUYAK STRAIT, SITKALIDAK ISLAND, SITKINIK ISLAND, SOUTH ARM (UGNIAK BAY), SPRUCE ISLAND, THREE SAINTS BAY, TONKI BAY, TUGIDAK ISLAND, TWO HEADED ISLAND, YGAK BAY, YGAK ISLAND, UGAVIK BAY, UNGAVIK ISLAND, UYAK BAY (UYAK P.O.), UYAK VICINITY, VIEKODA BAY, WHALE ISLAND, WOODY ISLAND, AND WOMENS BAY; AIAKTALIK VILLAGE, KAGUYAK VILLAGE',1940,'003053'),(227,2,5,'3-54','UNGA (ALASKA PENINSULA) RECORDING DISTRICT - NO. 29 COMPRISING BELKOFSKI VILLAGE',1940,'003054'),(228,2,5,'3-55','UNGA (ALASKA PENINSULA) RECORDING DISTRICT - NO. 29 COMPRISING PERRYVILLE VILLAGE',1940,'003055'),(229,2,5,'3-56','UNGA (ALASKA PENINSULA) RECORDING DISTRICT - NO. 29 COMPRISING UNGA VILLAGE; FEDERAL JAIL',1940,'003056'),(230,2,5,'3-57','UNGA (ALASKA PENINSULA) RECORDING DISTRICT - NO. 29 INCLUDING COMPANY HARBOR VILLAGE, HERENDEEN VILLAGE, PAVLOFF HARBOR VILLAGE, PORT HEIDEN VILLAGE, AMOK ISLAND, AUDRONICA ISLAND, APOLLO (UNGA ISLAND), ATKULIK ISLAND, BELKOFSKI BAY, BIG KONIUJI ISLAND, BIRD ISLAND, CATON ISLAND, CHERNABURA ISLAND, CHIACHI ISLAND, CHIGNIK A.P.A CANNERY AND VICINITY, CHIGNIK BAY, CHIGNIK VILLAGE, COAL BAY, COAL HARBOR P.O. (UNGA ISLAND), COLD BAY, DEER ISLAND, DOLGOI ISLAND, FOX BAY, HERENDEEN BAY (OUTSIDE HERENDEEN VILLAGE), HOT SPRINGS (MOLLER BAY), ISANOLSKI STRAIT (EASTERLY SHORE), IVANOF BAY, KAK ISLAND, KARPA ISLAND, KING COVE VILLAGE, KOROVIN ISLAND, KUDIAKOF ISLANDS, KUDOBIN ISLANDS, LITTLE KONIUJI ISLAND, MESHIK VILLAGE, METROFANIA VILLAGE AND VICINITY, MITROFANIA BAY, MITROFANIA ISLAND, MOLLER BAY VICINITY, MORZHOVOI BAY VICINITY, MORZHOVOI VILLAGE, NAGAI ISLAND, NAKCHAMIK ISLAND, NELSON LAGOON VICINITY, PAUL ISLAND, PAVLOF BAY, PIRATE COVE VILLAGE, POPOF ISLAND (OUTSIDE SAND POINT VILLAGE), PORT HEIDEN, PORT MOLLER VILLAGE, SAND POINT VILLAGE, SEAL ISLAND, SIMEONOF ISLAND, STEPOVAK BAY, UKOLNOI ISLAND, UNANGASHIK VILLAGE, UNGA ISLAND, AND WOSNESENSKI ISLAND; COMPANY HARBOR VILLAGE, MORZHOVOI VILLAGE, PIRATE COVE VILLAGE, PORT HEIDEN VILLAGE, SAND POINT VILLAGE AND UNGA (ALASKA PENINSULA) RECORDING DISTRICT - NO. 29 COMPRISING SANAK ISLANDS; SANAK VILLAGE, PAVLOF VILLAGE',1940,'003057'),(231,2,5,'3-58','ALEUTIAN ISLANDS RECORDING DISTRICT - NO. 15 COMPRISING AKUTAN VILLAGE',1940,'003058'),(232,2,5,'3-59','ALEUTIAN ISLANDS RECORDING DISTRICT - NO. 15 COMPRISING ATKA VILLAGE',1940,'003059'),(233,2,5,'3-60','ALEUTIAN ISLANDS RECORDING DISTRICT - NO. 15',1940,'003060'),(234,2,5,'3-61','VOID',1940,'003061'),(235,2,5,'3-62','ALEUTIAN ISLANDS RECORDING DISTRICT - NO. 15 COMPRISING UMNAK ISLAND; NIKOLSKI VILLAGE (UMNAK)',1940,'003062'),(236,2,5,'3-63','ALEUTIAN ISLANDS RECORDING DISTRICT - NO. 15 COMPRISING UNALASKA VILLAGE; U.S. GOVERNMENT HOSPITAL FOR NATIVES, FEDERAL JAIL',1940,'003063'),(237,2,5,'3-64','ALEUTIAN ISLANDS RECORDING DISTRICT - NO. 15 COMPRISING U.S. NAVAL RESERVATION AT DUTCH HARBOR; U.S. NAVAL RADIO STATION',1940,'003064'),(238,2,5,'3-65','ALEUTIAN ISLANDS RECORDING DISTRICT - NO. 15 COMPRISING UNIMAK VILLAGE',1940,'003065'),(239,2,5,'3-66','ALEUTIAN ISLANDS RECORDING DISTRICT - NO. 15 COMPRISING SCOTCH CAP LIGHTHOUSE ON SW END OF UNIMAK ISLAND',1940,'003066'),(240,2,5,'3-67','ALEUTIAN ISLANDS RECORDING DISTRICT - NO. 15 COMPRISING CAPE SARICHEF LIGHTHOUSE ON W END OF UNIMAK ISLAND',1940,'003067'),(241,2,5,'3-68','ALEUTIAN ISLANDS RECORDING DISTRICT - NO. 15 COMPRISING ALEUTIAN ISLANDS WESTERLY AND SOUTHERLY AREA OF ISANOLSKI STRAIT INCLUDING BIORKA VILLAGE, DUTCH HARBOR VILLAGE, KASHEGA VILLAGE, VILLAGES, AND ISLANDS; ATTU VILLAGE, BIORKA VILLAGE, DUTCH HARBOR VILLAGE, KASHEGA VILLAGE',1940,'003068'),(242,2,5,'3-69','ALEUTIAN ISLANDS RECORDING DISTRICT - NO. 15 COMPRISING ST. PAUL RADIO DIRECTION FINDER STATION ON ST. PAUL ISLAND, OTTER ISLAND, AND WALRUS ISLAND; RADIO DIRECTION FINDER STATION, ST. PAUL ISLAND',1940,'003069'),(243,2,5,'3-70','ALEUTIAN ISLANDS RECORDING DISTRICT - NO. 15 COMPRISING ST. GEORGE ISLAND',1940,'003070');
/*!40000 ALTER TABLE `ed_summary` ENABLE KEYS */;
UNLOCK TABLES;

--
-- Table structure for table `enumeration`
--

DROP TABLE IF EXISTS `enumeration`;
/*!40101 SET @saved_cs_client     = @@character_set_client */;
/*!50503 SET character_set_client = utf8mb4 */;
CREATE TABLE `enumeration` (
  `id` int(11) NOT NULL AUTO_INCREMENT,
  `state_id` int(11) NOT NULL,
  `county_id` int(11) NOT NULL,
  `city_id` int(11) DEFAULT NULL,
  `ed_id` int(11) NOT NULL,
  PRIMARY KEY (`id`),
  KEY `IDX_A4F2E1835D83CC1` (`state_id`),
  KEY `IDX_A4F2E18385E73F45` (`county_id`),
  KEY `IDX_A4F2E1838BAC62AF` (`city_id`),
  KEY `IDX_A4F2E183BAB47356` (`ed_id`),
  CONSTRAINT `FK_A4F2E1835D83CC1` FOREIGN KEY (`state_id`) REFERENCES `state` (`id`),
  CONSTRAINT `FK_A4F2E18385E73F45` FOREIGN KEY (`county_id`) REFERENCES `county` (`id`),
  CONSTRAINT `FK_A4F2E1838BAC62AF` FOREIGN KEY (`city_id`) REFERENCES `city` (`id`),
  CONSTRAINT `FK_A4F2E183BAB47356` FOREIGN KEY (`ed_id`) REFERENCES `ed_summary` (`id`)
) ENGINE=InnoDB AUTO_INCREMENT=244 DEFAULT CHARSET=utf8mb4 COLLATE=utf8mb4_unicode_ci;
/*!40101 SET character_set_client = @saved_cs_client */;

--
-- Dumping data for table `enumeration`
--

LOCK TABLES `enumeration` WRITE;
/*!40000 ALTER TABLE `enumeration` DISABLE KEYS */;
INSERT INTO `enumeration` VALUES (1,2,2,NULL,1),(2,2,2,2,2),(3,2,2,2,3),(4,2,2,2,4),(5,2,2,NULL,5),(6,2,2,NULL,6),(7,2,2,NULL,7),(8,2,2,NULL,8),(9,2,2,NULL,9),(10,2,2,NULL,10),(11,2,2,NULL,11),(12,2,2,NULL,12),(13,2,2,NULL,13),(14,2,2,NULL,14),(15,2,2,NULL,15),(16,2,2,NULL,16),(17,2,2,5,17),(18,2,2,5,18),(19,2,2,3,19),(20,2,2,NULL,20),(21,2,2,NULL,21),(22,2,2,NULL,22),(23,2,2,NULL,23),(24,2,2,1,24),(25,2,2,1,25),(26,2,2,1,26),(27,2,2,NULL,27),(28,2,2,NULL,28),(29,2,2,NULL,29),(30,2,2,NULL,30),(31,2,2,NULL,31),(32,2,2,NULL,32),(33,2,2,NULL,33),(34,2,2,NULL,34),(35,2,2,NULL,35),(36,2,2,NULL,36),(37,2,2,NULL,37),(38,2,2,NULL,38),(39,2,2,NULL,39),(40,2,2,NULL,40),(41,2,2,NULL,41),(42,2,2,NULL,42),(43,2,2,NULL,43),(44,2,2,NULL,44),(45,2,2,NULL,45),(46,2,2,NULL,46),(47,2,2,NULL,47),(48,2,2,NULL,48),(49,2,2,4,49),(50,2,2,4,50),(51,2,2,NULL,51),(52,2,2,NULL,52),(53,2,2,NULL,53),(54,2,2,NULL,54),(55,2,2,NULL,55),(56,2,2,NULL,56),(57,2,2,NULL,57),(58,2,2,NULL,58),(59,2,2,NULL,59),(60,2,3,6,60),(61,2,3,6,61),(62,2,3,NULL,62),(63,2,3,NULL,63),(64,2,3,NULL,64),(65,2,3,NULL,65),(66,2,3,NULL,66),(67,2,3,NULL,67),(68,2,3,NULL,68),(69,2,3,NULL,69),(70,2,3,NULL,70),(71,2,3,NULL,71),(72,2,3,NULL,72),(73,2,3,NULL,73),(74,2,3,NULL,74),(75,2,3,NULL,75),(76,2,3,NULL,76),(77,2,3,NULL,77),(78,2,3,NULL,78),(79,2,3,NULL,79),(80,2,3,NULL,80),(81,2,3,NULL,81),(82,2,3,NULL,82),(83,2,3,NULL,83),(84,2,3,NULL,84),(85,2,3,NULL,85),(86,2,3,NULL,86),(87,2,3,NULL,87),(88,2,3,NULL,88),(89,2,3,NULL,89),(90,2,3,NULL,90),(91,2,3,NULL,91),(92,2,3,NULL,92),(93,2,3,NULL,93),(94,2,3,NULL,94),(95,2,3,NULL,95),(96,2,3,NULL,96),(97,2,3,NULL,97),(98,2,3,NULL,98),(99,2,3,NULL,99),(100,2,3,NULL,100),(101,2,3,NULL,101),(102,2,3,NULL,102),(103,2,3,NULL,103),(104,2,3,NULL,104),(105,2,3,NULL,105),(106,2,3,NULL,106),(107,2,3,NULL,107),(108,2,3,NULL,108),(109,2,3,NULL,109),(110,2,3,NULL,110),(111,2,3,NULL,111),(112,2,3,NULL,112),(113,2,3,NULL,113),(114,2,3,NULL,114),(115,2,3,NULL,115),(116,2,3,NULL,116),(117,2,3,NULL,117),(118,2,3,NULL,118),(119,2,3,NULL,119),(120,2,3,NULL,120),(121,2,3,NULL,121),(122,2,3,NULL,122),(123,2,3,NULL,123),(124,2,3,NULL,124),(125,2,3,NULL,125),(126,2,4,7,126),(127,2,4,NULL,127),(128,2,4,NULL,128),(129,2,4,NULL,129),(130,2,4,NULL,130),(131,2,4,NULL,131),(132,2,4,NULL,132),(133,2,4,NULL,133),(134,2,4,NULL,134),(135,2,4,NULL,135),(136,2,4,NULL,136),(137,2,4,NULL,137),(138,2,4,NULL,138),(139,2,4,NULL,139),(140,2,4,NULL,140),(141,2,4,NULL,141),(142,2,4,NULL,142),(143,2,4,NULL,143),(144,2,4,NULL,144),(145,2,4,NULL,145),(146,2,4,NULL,146),(147,2,4,NULL,147),(148,2,4,NULL,148),(149,2,4,NULL,149),(150,2,4,NULL,150),(151,2,4,NULL,151),(152,2,4,NULL,152),(153,2,4,NULL,153),(154,2,4,NULL,154),(155,2,4,NULL,155),(156,2,4,NULL,156),(157,2,4,NULL,157),(158,2,4,NULL,158),(159,2,4,NULL,159),(160,2,4,NULL,160),(161,2,4,NULL,161),(162,2,4,NULL,162),(163,2,4,NULL,163),(164,2,4,NULL,164),(165,2,4,NULL,165),(166,2,4,NULL,166),(167,2,4,NULL,167),(168,2,4,NULL,168),(169,2,4,NULL,169),(170,2,4,NULL,170),(171,2,4,NULL,171),(172,2,4,NULL,172),(173,2,4,NULL,173),(174,2,5,NULL,174),(175,2,5,NULL,175),(176,2,5,NULL,176),(177,2,5,NULL,177),(178,2,5,NULL,178),(179,2,5,NULL,179),(180,2,5,NULL,180),(181,2,5,NULL,181),(182,2,5,NULL,182),(183,2,5,NULL,183),(184,2,5,NULL,184),(185,2,5,NULL,185),(186,2,5,NULL,186),(187,2,5,NULL,187),(188,2,5,NULL,188),(189,2,5,NULL,189),(190,2,5,NULL,190),(191,2,5,NULL,191),(192,2,5,NULL,192),(193,2,5,NULL,193),(194,2,5,8,194),(195,2,5,8,195),(196,2,5,NULL,196),(197,2,5,NULL,197),(198,2,5,NULL,198),(199,2,5,NULL,199),(200,2,5,NULL,200),(201,2,5,NULL,201),(202,2,5,NULL,202),(203,2,5,NULL,203),(204,2,5,NULL,204),(205,2,5,NULL,205),(206,2,5,NULL,206),(207,2,5,NULL,207),(208,2,5,NULL,208),(209,2,5,NULL,209),(210,2,5,NULL,210),(211,2,5,NULL,211),(212,2,5,NULL,212),(213,2,5,NULL,213),(214,2,5,NULL,214),(215,2,5,NULL,215),(216,2,5,NULL,216),(217,2,5,NULL,217),(218,2,5,NULL,218),(219,2,5,NULL,219),(220,2,5,NULL,220),(221,2,5,NULL,221),(222,2,5,NULL,222),(223,2,5,NULL,223),(224,2,5,NULL,224),(225,2,5,NULL,225),(226,2,5,NULL,226),(227,2,5,NULL,227),(228,2,5,NULL,228),(229,2,5,NULL,229),(230,2,5,NULL,230),(231,2,5,NULL,231),(232,2,5,NULL,232),(233,2,5,NULL,233),(234,2,5,NULL,234),(235,2,5,NULL,235),(236,2,5,NULL,236),(237,2,5,NULL,237),(238,2,5,NULL,238),(239,2,5,NULL,239),(240,2,5,NULL,240),(241,2,5,NULL,241),(242,2,5,NULL,242),(243,2,5,NULL,243);
/*!40000 ALTER TABLE `enumeration` ENABLE KEYS */;
UNLOCK TABLES;

--
-- Table structure for table `map_image`
--

DROP TABLE IF EXISTS `map_image`;
/*!40101 SET @saved_cs_client     = @@character_set_client */;
/*!50503 SET character_set_client = utf8mb4 */;
CREATE TABLE `map_image` (
  `id` int(11) NOT NULL AUTO_INCREMENT,
  `type_id` int(11) NOT NULL,
  `state_id` int(11) NOT NULL,
  `county_id` int(11) NOT NULL,
  `city_id` int(11) DEFAULT NULL,
  `enum_id` int(11) DEFAULT NULL,
  `publication` varchar(20) COLLATE utf8mb4_unicode_ci NOT NULL,
  `rollnum` varchar(20) COLLATE utf8mb4_unicode_ci NOT NULL,
  `imgseq` varchar(10) COLLATE utf8mb4_unicode_ci NOT NULL,
  `filename` varchar(128) COLLATE utf8mb4_unicode_ci NOT NULL,
  `year` smallint(6) NOT NULL,
  PRIMARY KEY (`id`),
  KEY `IDX_45CB4B33C54C8C93` (`type_id`),
  KEY `IDX_45CB4B335D83CC1` (`state_id`),
  KEY `IDX_45CB4B3385E73F45` (`county_id`),
  KEY `IDX_45CB4B338BAC62AF` (`city_id`),
  KEY `IDX_45CB4B3317628E55` (`enum_id`),
  CONSTRAINT `FK_45CB4B3317628E55` FOREIGN KEY (`enum_id`) REFERENCES `enumeration` (`id`),
  CONSTRAINT `FK_45CB4B335D83CC1` FOREIGN KEY (`state_id`) REFERENCES `state` (`id`),
  CONSTRAINT `FK_45CB4B3385E73F45` FOREIGN KEY (`county_id`) REFERENCES `county` (`id`),
  CONSTRAINT `FK_45CB4B338BAC62AF` FOREIGN KEY (`city_id`) REFERENCES `city` (`id`),
  CONSTRAINT `FK_45CB4B33C54C8C93` FOREIGN KEY (`type_id`) REFERENCES `record_type` (`id`)
) ENGINE=InnoDB AUTO_INCREMENT=4252 DEFAULT CHARSET=utf8mb4 COLLATE=utf8mb4_unicode_ci;
/*!40101 SET character_set_client = @saved_cs_client */;

--
-- Dumping data for table `map_image`
--

LOCK TABLES `map_image` WRITE;
/*!40000 ALTER TABLE `map_image` DISABLE KEYS */;
INSERT INTO `map_image` VALUES (1,1,2,1,NULL,NULL,'A3378','00073','00085','m-a3378-00073-00085.jpg',1940),(2,1,2,1,NULL,NULL,'A3378','00073','00086','m-a3378-00073-00086.jpg',1940),(3,1,2,1,NULL,NULL,'A3378','00073','00087','m-a3378-00073-00087.jpg',1940),(4,1,2,1,NULL,NULL,'A3378','00073','00088','m-a3378-00073-00088.jpg',1940),(5,1,2,1,NULL,NULL,'A3378','00073','00089','m-a3378-00073-00089.jpg',1940),(6,1,2,1,NULL,NULL,'A3378','00073','00090','m-a3378-00073-00090.jpg',1940),(7,1,2,1,NULL,NULL,'A3378','00073','00091','m-a3378-00073-00091.jpg',1940),(8,1,2,1,NULL,NULL,'A3378','00073','00092','m-a3378-00073-00092.jpg',1940),(9,1,2,1,NULL,NULL,'A3378','00073','00093','m-a3378-00073-00093.jpg',1940),(10,1,2,1,NULL,NULL,'A3378','00073','00094','m-a3378-00073-00094.jpg',1940),(11,1,2,1,NULL,NULL,'A3378','00073','00095','m-a3378-00073-00095.jpg',1940),(12,1,2,1,NULL,NULL,'A3378','00073','00096','m-a3378-00073-00096.jpg',1940),(13,1,2,1,NULL,NULL,'A3378','00073','00097','m-a3378-00073-00097.jpg',1940),(14,1,2,1,NULL,NULL,'A3378','00073','00098','m-a3378-00073-00098.jpg',1940),(15,1,2,1,NULL,NULL,'A3378','00073','00099','m-a3378-00073-00099.jpg',1940),(16,1,2,1,NULL,NULL,'A3378','00073','00100','m-a3378-00073-00100.jpg',1940),(17,1,2,1,NULL,NULL,'A3378','00073','00101','m-a3378-00073-00101.jpg',1940),(18,1,2,1,NULL,NULL,'A3378','00073','00102','m-a3378-00073-00102.jpg',1940),(19,1,2,1,NULL,NULL,'A3378','00073','00103','m-a3378-00073-00103.jpg',1940),(20,1,2,1,NULL,NULL,'A3378','00073','00104','m-a3378-00073-00104.jpg',1940),(21,1,2,1,NULL,NULL,'A3378','00073','00105','m-a3378-00073-00105.jpg',1940),(22,1,2,1,NULL,NULL,'A3378','00073','00106','m-a3378-00073-00106.jpg',1940),(23,1,2,1,NULL,NULL,'A3378','00073','00107','m-a3378-00073-00107.jpg',1940),(24,1,2,1,NULL,NULL,'A3378','00073','00108','m-a3378-00073-00108.jpg',1940),(25,2,2,2,NULL,1,'T1224','00118','01040','m-t1224-00118-01040.jpg',1940),(26,3,2,2,NULL,1,'T627','04578','00007','m-t0627-04578-00007.jpg',1940),(27,3,2,2,NULL,1,'T627','04578','00008','m-t0627-04578-00008.jpg',1940),(28,3,2,2,NULL,1,'T627','04578','00009','m-t0627-04578-00009.jpg',1940),(29,3,2,2,NULL,1,'T627','04578','00010','m-t0627-04578-00010.jpg',1940),(30,3,2,2,NULL,1,'T627','04578','00011','m-t0627-04578-00011.jpg',1940),(31,3,2,2,NULL,1,'T627','04578','00012','m-t0627-04578-00012.jpg',1940),(32,3,2,2,NULL,1,'T627','04578','00013','m-t0627-04578-00013.jpg',1940),(33,3,2,2,NULL,1,'T627','04578','00014','m-t0627-04578-00014.jpg',1940),(34,3,2,2,NULL,1,'T627','04578','00015','m-t0627-04578-00015.jpg',1940),(35,3,2,2,NULL,1,'T627','04578','00016','m-t0627-04578-00016.jpg',1940),(36,3,2,2,NULL,1,'T627','04578','00017','m-t0627-04578-00017.jpg',1940),(37,3,2,2,NULL,1,'T627','04578','00018','m-t0627-04578-00018.jpg',1940),(38,3,2,2,NULL,1,'T627','04578','00019','m-t0627-04578-00019.jpg',1940),(39,3,2,2,NULL,1,'T627','04578','00020','m-t0627-04578-00020.jpg',1940),(40,3,2,2,NULL,1,'T627','04578','00021','m-t0627-04578-00021.jpg',1940),(41,3,2,2,NULL,1,'T627','04578','00022','m-t0627-04578-00022.jpg',1940),(42,3,2,2,NULL,1,'T627','04578','00023','m-t0627-04578-00023.jpg',1940),(43,3,2,2,NULL,1,'T627','04578','00024','m-t0627-04578-00024.jpg',1940),(44,3,2,2,NULL,1,'T627','04578','00025','m-t0627-04578-00025.jpg',1940),(45,3,2,2,NULL,1,'T627','04578','00026','m-t0627-04578-00026.jpg',1940),(46,3,2,2,NULL,1,'T627','04578','00027','m-t0627-04578-00027.jpg',1940),(47,3,2,2,NULL,1,'T627','04578','00028','m-t0627-04578-00028.jpg',1940),(48,3,2,2,NULL,1,'T627','04578','00029','m-t0627-04578-00029.jpg',1940),(49,3,2,2,NULL,1,'T627','04578','00030','m-t0627-04578-00030.jpg',1940),(50,3,2,2,NULL,1,'T627','04578','00031','m-t0627-04578-00031.jpg',1940),(51,3,2,2,NULL,1,'T627','04578','00032','m-t0627-04578-00032.jpg',1940),(52,3,2,2,NULL,1,'T627','04578','00033','m-t0627-04578-00033.jpg',1940),(53,3,2,2,NULL,1,'T627','04578','00034','m-t0627-04578-00034.jpg',1940),(54,3,2,2,NULL,1,'T627','04578','00035','m-t0627-04578-00035.jpg',1940),(55,3,2,2,NULL,1,'T627','04578','00036','m-t0627-04578-00036.jpg',1940),(56,3,2,2,NULL,1,'T627','04578','00037','m-t0627-04578-00037.jpg',1940),(57,3,2,2,NULL,1,'T627','04578','00038','m-t0627-04578-00038.jpg',1940),(58,3,2,2,NULL,1,'T627','04578','00039','m-t0627-04578-00039.jpg',1940),(59,3,2,2,NULL,1,'T627','04578','00040','m-t0627-04578-00040.jpg',1940),(60,2,2,2,NULL,2,'T1224','00118','01040','m-t1224-00118-01040.jpg',1940),(61,3,2,2,NULL,2,'T627','04578','00458','m-t0627-04578-00458.jpg',1940),(62,3,2,2,NULL,2,'T627','04578','00459','m-t0627-04578-00459.jpg',1940),(63,3,2,2,NULL,2,'T627','04578','00460','m-t0627-04578-00460.jpg',1940),(64,3,2,2,NULL,2,'T627','04578','00461','m-t0627-04578-00461.jpg',1940),(65,3,2,2,NULL,2,'T627','04578','00462','m-t0627-04578-00462.jpg',1940),(66,3,2,2,NULL,2,'T627','04578','00463','m-t0627-04578-00463.jpg',1940),(67,3,2,2,NULL,2,'T627','04578','00464','m-t0627-04578-00464.jpg',1940),(68,3,2,2,NULL,2,'T627','04578','00465','m-t0627-04578-00465.jpg',1940),(69,3,2,2,NULL,2,'T627','04578','00466','m-t0627-04578-00466.jpg',1940),(70,3,2,2,NULL,2,'T627','04578','00467','m-t0627-04578-00467.jpg',1940),(71,3,2,2,NULL,2,'T627','04578','00468','m-t0627-04578-00468.jpg',1940),(72,3,2,2,NULL,2,'T627','04578','00469','m-t0627-04578-00469.jpg',1940),(73,3,2,2,NULL,2,'T627','04578','00470','m-t0627-04578-00470.jpg',1940),(74,3,2,2,NULL,2,'T627','04578','00471','m-t0627-04578-00471.jpg',1940),(75,3,2,2,NULL,2,'T627','04578','00472','m-t0627-04578-00472.jpg',1940),(76,3,2,2,NULL,2,'T627','04578','00473','m-t0627-04578-00473.jpg',1940),(77,3,2,2,NULL,2,'T627','04578','00474','m-t0627-04578-00474.jpg',1940),(78,3,2,2,NULL,2,'T627','04578','00475','m-t0627-04578-00475.jpg',1940),(79,3,2,2,NULL,2,'T627','04578','00476','m-t0627-04578-00476.jpg',1940),(80,3,2,2,NULL,2,'T627','04578','00477','m-t0627-04578-00477.jpg',1940),(81,3,2,2,NULL,2,'T627','04578','00478','m-t0627-04578-00478.jpg',1940),(82,3,2,2,NULL,2,'T627','04578','00479','m-t0627-04578-00479.jpg',1940),(83,3,2,2,NULL,2,'T627','04578','00480','m-t0627-04578-00480.jpg',1940),(84,3,2,2,NULL,2,'T627','04578','00481','m-t0627-04578-00481.jpg',1940),(85,3,2,2,NULL,2,'T627','04578','00482','m-t0627-04578-00482.jpg',1940),(86,3,2,2,NULL,2,'T627','04578','00483','m-t0627-04578-00483.jpg',1940),(87,3,2,2,NULL,2,'T627','04578','00484','m-t0627-04578-00484.jpg',1940),(88,3,2,2,NULL,2,'T627','04578','00485','m-t0627-04578-00485.jpg',1940),(89,3,2,2,NULL,2,'T627','04578','00486','m-t0627-04578-00486.jpg',1940),(90,3,2,2,NULL,2,'T627','04578','00487','m-t0627-04578-00487.jpg',1940),(91,3,2,2,NULL,2,'T627','04578','00488','m-t0627-04578-00488.jpg',1940),(92,3,2,2,NULL,2,'T627','04578','00489','m-t0627-04578-00489.jpg',1940),(93,3,2,2,NULL,2,'T627','04578','00490','m-t0627-04578-00490.jpg',1940),(94,3,2,2,NULL,2,'T627','04578','00491','m-t0627-04578-00491.jpg',1940),(95,3,2,2,NULL,2,'T627','04578','00492','m-t0627-04578-00492.jpg',1940),(96,3,2,2,NULL,2,'T627','04578','00493','m-t0627-04578-00493.jpg',1940),(97,3,2,2,NULL,2,'T627','04578','00494','m-t0627-04578-00494.jpg',1940),(98,3,2,2,NULL,2,'T627','04578','00495','m-t0627-04578-00495.jpg',1940),(99,3,2,2,NULL,2,'T627','04578','00496','m-t0627-04578-00496.jpg',1940),(100,3,2,2,NULL,2,'T627','04578','00497','m-t0627-04578-00497.jpg',1940),(101,3,2,2,NULL,2,'T627','04578','00498','m-t0627-04578-00498.jpg',1940),(102,3,2,2,NULL,2,'T627','04578','00499','m-t0627-04578-00499.jpg',1940),(103,3,2,2,NULL,2,'T627','04578','00500','m-t0627-04578-00500.jpg',1940),(104,3,2,2,NULL,2,'T627','04578','00501','m-t0627-04578-00501.jpg',1940),(105,3,2,2,NULL,2,'T627','04578','00502','m-t0627-04578-00502.jpg',1940),(106,3,2,2,NULL,2,'T627','04578','00503','m-t0627-04578-00503.jpg',1940),(107,3,2,2,NULL,2,'T627','04578','00504','m-t0627-04578-00504.jpg',1940),(108,3,2,2,NULL,2,'T627','04578','00505','m-t0627-04578-00505.jpg',1940),(109,3,2,2,NULL,2,'T627','04578','00506','m-t0627-04578-00506.jpg',1940),(110,3,2,2,NULL,2,'T627','04578','00507','m-t0627-04578-00507.jpg',1940),(111,3,2,2,NULL,2,'T627','04578','00508','m-t0627-04578-00508.jpg',1940),(112,3,2,2,NULL,2,'T627','04578','00509','m-t0627-04578-00509.jpg',1940),(113,3,2,2,NULL,2,'T627','04578','00510','m-t0627-04578-00510.jpg',1940),(114,3,2,2,NULL,2,'T627','04578','00511','m-t0627-04578-00511.jpg',1940),(115,3,2,2,NULL,2,'T627','04578','00512','m-t0627-04578-00512.jpg',1940),(116,3,2,2,NULL,2,'T627','04578','00513','m-t0627-04578-00513.jpg',1940),(117,3,2,2,NULL,2,'T627','04578','00514','m-t0627-04578-00514.jpg',1940),(118,3,2,2,NULL,2,'T627','04578','00515','m-t0627-04578-00515.jpg',1940),(119,3,2,2,NULL,2,'T627','04578','00516','m-t0627-04578-00516.jpg',1940),(120,3,2,2,NULL,2,'T627','04578','00517','m-t0627-04578-00517.jpg',1940),(121,3,2,2,NULL,2,'T627','04578','00518','m-t0627-04578-00518.jpg',1940),(122,3,2,2,NULL,2,'T627','04578','00519','m-t0627-04578-00519.jpg',1940),(123,3,2,2,NULL,2,'T627','04578','00520','m-t0627-04578-00520.jpg',1940),(124,3,2,2,NULL,2,'T627','04578','00521','m-t0627-04578-00521.jpg',1940),(125,3,2,2,NULL,2,'T627','04578','00522','m-t0627-04578-00522.jpg',1940),(126,3,2,2,NULL,2,'T627','04578','00523','m-t0627-04578-00523.jpg',1940),(127,3,2,2,NULL,2,'T627','04578','00524','m-t0627-04578-00524.jpg',1940),(128,3,2,2,NULL,2,'T627','04578','00525','m-t0627-04578-00525.jpg',1940),(129,3,2,2,NULL,2,'T627','04578','00526','m-t0627-04578-00526.jpg',1940),(130,3,2,2,NULL,2,'T627','04578','00527','m-t0627-04578-00527.jpg',1940),(131,3,2,2,NULL,2,'T627','04578','00528','m-t0627-04578-00528.jpg',1940),(132,3,2,2,NULL,2,'T627','04578','00529','m-t0627-04578-00529.jpg',1940),(133,3,2,2,NULL,2,'T627','04578','00530','m-t0627-04578-00530.jpg',1940),(134,3,2,2,NULL,2,'T627','04578','00531','m-t0627-04578-00531.jpg',1940),(135,3,2,2,NULL,2,'T627','04578','00532','m-t0627-04578-00532.jpg',1940),(136,3,2,2,NULL,2,'T627','04578','00533','m-t0627-04578-00533.jpg',1940),(137,2,2,2,NULL,3,'T1224','00118','01040','m-t1224-00118-01040.jpg',1940),(138,3,2,2,NULL,3,'T627','04578','00534','m-t0627-04578-00534.jpg',1940),(139,3,2,2,NULL,3,'T627','04578','00535','m-t0627-04578-00535.jpg',1940),(140,3,2,2,NULL,3,'T627','04578','00536','m-t0627-04578-00536.jpg',1940),(141,3,2,2,NULL,3,'T627','04578','00537','m-t0627-04578-00537.jpg',1940),(142,3,2,2,NULL,3,'T627','04578','00538','m-t0627-04578-00538.jpg',1940),(143,3,2,2,NULL,3,'T627','04578','00539','m-t0627-04578-00539.jpg',1940),(144,3,2,2,NULL,3,'T627','04578','00540','m-t0627-04578-00540.jpg',1940),(145,3,2,2,NULL,3,'T627','04578','00541','m-t0627-04578-00541.jpg',1940),(146,3,2,2,NULL,3,'T627','04578','00542','m-t0627-04578-00542.jpg',1940),(147,3,2,2,NULL,3,'T627','04578','00543','m-t0627-04578-00543.jpg',1940),(148,3,2,2,NULL,3,'T627','04578','00544','m-t0627-04578-00544.jpg',1940),(149,3,2,2,NULL,3,'T627','04578','00545','m-t0627-04578-00545.jpg',1940),(150,3,2,2,NULL,3,'T627','04578','00546','m-t0627-04578-00546.jpg',1940),(151,3,2,2,NULL,3,'T627','04578','00547','m-t0627-04578-00547.jpg',1940),(152,3,2,2,NULL,3,'T627','04578','00548','m-t0627-04578-00548.jpg',1940),(153,3,2,2,NULL,3,'T627','04578','00549','m-t0627-04578-00549.jpg',1940),(154,3,2,2,NULL,3,'T627','04578','00550','m-t0627-04578-00550.jpg',1940),(155,3,2,2,NULL,3,'T627','04578','00551','m-t0627-04578-00551.jpg',1940),(156,3,2,2,NULL,3,'T627','04578','00552','m-t0627-04578-00552.jpg',1940),(157,3,2,2,NULL,3,'T627','04578','00553','m-t0627-04578-00553.jpg',1940),(158,3,2,2,NULL,3,'T627','04578','00554','m-t0627-04578-00554.jpg',1940),(159,3,2,2,NULL,3,'T627','04578','00555','m-t0627-04578-00555.jpg',1940),(160,3,2,2,NULL,3,'T627','04578','00556','m-t0627-04578-00556.jpg',1940),(161,3,2,2,NULL,3,'T627','04578','00557','m-t0627-04578-00557.jpg',1940),(162,3,2,2,NULL,3,'T627','04578','00558','m-t0627-04578-00558.jpg',1940),(163,3,2,2,NULL,3,'T627','04578','00559','m-t0627-04578-00559.jpg',1940),(164,3,2,2,NULL,3,'T627','04578','00560','m-t0627-04578-00560.jpg',1940),(165,3,2,2,NULL,3,'T627','04578','00561','m-t0627-04578-00561.jpg',1940),(166,3,2,2,NULL,3,'T627','04578','00562','m-t0627-04578-00562.jpg',1940),(167,3,2,2,NULL,3,'T627','04578','00563','m-t0627-04578-00563.jpg',1940),(168,3,2,2,NULL,3,'T627','04578','00564','m-t0627-04578-00564.jpg',1940),(169,3,2,2,NULL,3,'T627','04578','00565','m-t0627-04578-00565.jpg',1940),(170,3,2,2,NULL,3,'T627','04578','00566','m-t0627-04578-00566.jpg',1940),(171,3,2,2,NULL,3,'T627','04578','00567','m-t0627-04578-00567.jpg',1940),(172,3,2,2,NULL,3,'T627','04578','00568','m-t0627-04578-00568.jpg',1940),(173,3,2,2,NULL,3,'T627','04578','00569','m-t0627-04578-00569.jpg',1940),(174,3,2,2,NULL,3,'T627','04578','00570','m-t0627-04578-00570.jpg',1940),(175,3,2,2,NULL,3,'T627','04578','00571','m-t0627-04578-00571.jpg',1940),(176,3,2,2,NULL,3,'T627','04578','00572','m-t0627-04578-00572.jpg',1940),(177,3,2,2,NULL,3,'T627','04578','00573','m-t0627-04578-00573.jpg',1940),(178,3,2,2,NULL,3,'T627','04578','00574','m-t0627-04578-00574.jpg',1940),(179,3,2,2,NULL,3,'T627','04578','00575','m-t0627-04578-00575.jpg',1940),(180,3,2,2,NULL,3,'T627','04578','00576','m-t0627-04578-00576.jpg',1940),(181,3,2,2,NULL,3,'T627','04578','00577','m-t0627-04578-00577.jpg',1940),(182,3,2,2,NULL,3,'T627','04578','00578','m-t0627-04578-00578.jpg',1940),(183,3,2,2,NULL,3,'T627','04578','00579','m-t0627-04578-00579.jpg',1940),(184,3,2,2,NULL,3,'T627','04578','00580','m-t0627-04578-00580.jpg',1940),(185,3,2,2,NULL,3,'T627','04578','00581','m-t0627-04578-00581.jpg',1940),(186,3,2,2,NULL,3,'T627','04578','00582','m-t0627-04578-00582.jpg',1940),(187,3,2,2,NULL,3,'T627','04578','00583','m-t0627-04578-00583.jpg',1940),(188,3,2,2,NULL,3,'T627','04578','00584','m-t0627-04578-00584.jpg',1940),(189,3,2,2,NULL,3,'T627','04578','00585','m-t0627-04578-00585.jpg',1940),(190,3,2,2,NULL,3,'T627','04578','00586','m-t0627-04578-00586.jpg',1940),(191,3,2,2,NULL,3,'T627','04578','00587','m-t0627-04578-00587.jpg',1940),(192,3,2,2,NULL,3,'T627','04578','00588','m-t0627-04578-00588.jpg',1940),(193,3,2,2,NULL,3,'T627','04578','00589','m-t0627-04578-00589.jpg',1940),(194,3,2,2,NULL,3,'T627','04578','00590','m-t0627-04578-00590.jpg',1940),(195,3,2,2,NULL,3,'T627','04578','00591','m-t0627-04578-00591.jpg',1940),(196,3,2,2,NULL,3,'T627','04578','00592','m-t0627-04578-00592.jpg',1940),(197,3,2,2,NULL,3,'T627','04578','00593','m-t0627-04578-00593.jpg',1940),(198,3,2,2,NULL,3,'T627','04578','00594','m-t0627-04578-00594.jpg',1940),(199,3,2,2,NULL,3,'T627','04578','00595','m-t0627-04578-00595.jpg',1940),(200,3,2,2,NULL,3,'T627','04578','00596','m-t0627-04578-00596.jpg',1940),(201,3,2,2,NULL,3,'T627','04578','00597','m-t0627-04578-00597.jpg',1940),(202,3,2,2,NULL,3,'T627','04578','00598','m-t0627-04578-00598.jpg',1940),(203,3,2,2,NULL,3,'T627','04578','00599','m-t0627-04578-00599.jpg',1940),(204,3,2,2,NULL,3,'T627','04578','00600','m-t0627-04578-00600.jpg',1940),(205,3,2,2,NULL,3,'T627','04578','00601','m-t0627-04578-00601.jpg',1940),(206,3,2,2,NULL,3,'T627','04578','00602','m-t0627-04578-00602.jpg',1940),(207,3,2,2,NULL,3,'T627','04578','00603','m-t0627-04578-00603.jpg',1940),(208,3,2,2,NULL,3,'T627','04578','00604','m-t0627-04578-00604.jpg',1940),(209,3,2,2,NULL,3,'T627','04578','00605','m-t0627-04578-00605.jpg',1940),(210,3,2,2,NULL,3,'T627','04578','00606','m-t0627-04578-00606.jpg',1940),(211,3,2,2,NULL,3,'T627','04578','00607','m-t0627-04578-00607.jpg',1940),(212,3,2,2,NULL,3,'T627','04578','00608','m-t0627-04578-00608.jpg',1940),(213,3,2,2,NULL,3,'T627','04578','00609','m-t0627-04578-00609.jpg',1940),(214,3,2,2,NULL,3,'T627','04578','00610','m-t0627-04578-00610.jpg',1940),(215,3,2,2,NULL,3,'T627','04578','00611','m-t0627-04578-00611.jpg',1940),(216,3,2,2,NULL,3,'T627','04578','00612','m-t0627-04578-00612.jpg',1940),(217,3,2,2,NULL,3,'T627','04578','00613','m-t0627-04578-00613.jpg',1940),(218,3,2,2,NULL,3,'T627','04578','00614','m-t0627-04578-00614.jpg',1940),(219,3,2,2,NULL,3,'T627','04578','00615','m-t0627-04578-00615.jpg',1940),(220,3,2,2,NULL,3,'T627','04578','00616','m-t0627-04578-00616.jpg',1940),(221,3,2,2,NULL,3,'T627','04578','00617','m-t0627-04578-00617.jpg',1940),(222,3,2,2,NULL,3,'T627','04578','00618','m-t0627-04578-00618.jpg',1940),(223,3,2,2,NULL,3,'T627','04578','00619','m-t0627-04578-00619.jpg',1940),(224,3,2,2,NULL,3,'T627','04578','00620','m-t0627-04578-00620.jpg',1940),(225,3,2,2,NULL,3,'T627','04578','00621','m-t0627-04578-00621.jpg',1940),(226,2,2,2,NULL,4,'T1224','00118','01041','m-t1224-00118-01041.jpg',1940),(227,3,2,2,NULL,4,'T627','04578','00622','m-t0627-04578-00622.jpg',1940),(228,3,2,2,NULL,4,'T627','04578','00623','m-t0627-04578-00623.jpg',1940),(229,3,2,2,NULL,4,'T627','04578','00624','m-t0627-04578-00624.jpg',1940),(230,3,2,2,NULL,4,'T627','04578','00625','m-t0627-04578-00625.jpg',1940),(231,3,2,2,NULL,4,'T627','04578','00626','m-t0627-04578-00626.jpg',1940),(232,3,2,2,NULL,4,'T627','04578','00627','m-t0627-04578-00627.jpg',1940),(233,3,2,2,NULL,4,'T627','04578','00628','m-t0627-04578-00628.jpg',1940),(234,3,2,2,NULL,4,'T627','04578','00629','m-t0627-04578-00629.jpg',1940),(235,3,2,2,NULL,4,'T627','04578','00630','m-t0627-04578-00630.jpg',1940),(236,3,2,2,NULL,4,'T627','04578','00631','m-t0627-04578-00631.jpg',1940),(237,3,2,2,NULL,4,'T627','04578','00632','m-t0627-04578-00632.jpg',1940),(238,3,2,2,NULL,4,'T627','04578','00633','m-t0627-04578-00633.jpg',1940),(239,3,2,2,NULL,4,'T627','04578','00634','m-t0627-04578-00634.jpg',1940),(240,3,2,2,NULL,4,'T627','04578','00635','m-t0627-04578-00635.jpg',1940),(241,3,2,2,NULL,4,'T627','04578','00636','m-t0627-04578-00636.jpg',1940),(242,3,2,2,NULL,4,'T627','04578','00637','m-t0627-04578-00637.jpg',1940),(243,3,2,2,NULL,4,'T627','04578','00638','m-t0627-04578-00638.jpg',1940),(244,3,2,2,NULL,4,'T627','04578','00639','m-t0627-04578-00639.jpg',1940),(245,3,2,2,NULL,4,'T627','04578','00640','m-t0627-04578-00640.jpg',1940),(246,3,2,2,NULL,4,'T627','04578','00641','m-t0627-04578-00641.jpg',1940),(247,3,2,2,NULL,4,'T627','04578','00642','m-t0627-04578-00642.jpg',1940),(248,3,2,2,NULL,4,'T627','04578','00643','m-t0627-04578-00643.jpg',1940),(249,3,2,2,NULL,4,'T627','04578','00644','m-t0627-04578-00644.jpg',1940),(250,3,2,2,NULL,4,'T627','04578','00645','m-t0627-04578-00645.jpg',1940),(251,3,2,2,NULL,4,'T627','04578','00646','m-t0627-04578-00646.jpg',1940),(252,3,2,2,NULL,4,'T627','04578','00647','m-t0627-04578-00647.jpg',1940),(253,3,2,2,NULL,4,'T627','04578','00648','m-t0627-04578-00648.jpg',1940),(254,3,2,2,NULL,4,'T627','04578','00649','m-t0627-04578-00649.jpg',1940),(255,3,2,2,NULL,4,'T627','04578','00650','m-t0627-04578-00650.jpg',1940),(256,3,2,2,NULL,4,'T627','04578','00651','m-t0627-04578-00651.jpg',1940),(257,3,2,2,NULL,4,'T627','04578','00652','m-t0627-04578-00652.jpg',1940),(258,3,2,2,NULL,4,'T627','04578','00653','m-t0627-04578-00653.jpg',1940),(259,3,2,2,NULL,4,'T627','04578','00654','m-t0627-04578-00654.jpg',1940),(260,3,2,2,NULL,4,'T627','04578','00655','m-t0627-04578-00655.jpg',1940),(261,3,2,2,NULL,4,'T627','04578','00656','m-t0627-04578-00656.jpg',1940),(262,3,2,2,NULL,4,'T627','04578','00657','m-t0627-04578-00657.jpg',1940),(263,3,2,2,NULL,4,'T627','04578','00658','m-t0627-04578-00658.jpg',1940),(264,3,2,2,NULL,4,'T627','04578','00659','m-t0627-04578-00659.jpg',1940),(265,3,2,2,NULL,4,'T627','04578','00660','m-t0627-04578-00660.jpg',1940),(266,3,2,2,NULL,4,'T627','04578','00661','m-t0627-04578-00661.jpg',1940),(267,3,2,2,NULL,4,'T627','04578','00662','m-t0627-04578-00662.jpg',1940),(268,3,2,2,NULL,4,'T627','04578','00663','m-t0627-04578-00663.jpg',1940),(269,2,2,2,NULL,5,'T1224','00118','01041','m-t1224-00118-01041.jpg',1940),(270,3,2,2,NULL,5,'T627','04578','00664','m-t0627-04578-00664.jpg',1940),(271,3,2,2,NULL,5,'T627','04578','00665','m-t0627-04578-00665.jpg',1940),(272,3,2,2,NULL,5,'T627','04578','00666','m-t0627-04578-00666.jpg',1940),(273,3,2,2,NULL,5,'T627','04578','00667','m-t0627-04578-00667.jpg',1940),(274,2,2,2,NULL,6,'T1224','00118','01041','m-t1224-00118-01041.jpg',1940),(275,3,2,2,NULL,6,'T627','04578','00672','m-t0627-04578-00672.jpg',1940),(276,3,2,2,NULL,6,'T627','04578','00673','m-t0627-04578-00673.jpg',1940),(277,3,2,2,NULL,6,'T627','04578','00674','m-t0627-04578-00674.jpg',1940),(278,3,2,2,NULL,6,'T627','04578','00675','m-t0627-04578-00675.jpg',1940),(279,2,2,2,NULL,7,'T1224','00118','01041','m-t1224-00118-01041.jpg',1940),(280,3,2,2,NULL,7,'T627','04578','00668','m-t0627-04578-00668.jpg',1940),(281,3,2,2,NULL,7,'T627','04578','00669','m-t0627-04578-00669.jpg',1940),(282,3,2,2,NULL,7,'T627','04578','00670','m-t0627-04578-00670.jpg',1940),(283,3,2,2,NULL,7,'T627','04578','00671','m-t0627-04578-00671.jpg',1940),(284,2,2,2,NULL,8,'T1224','00118','01041','m-t1224-00118-01041.jpg',1940),(285,3,2,2,NULL,8,'T627','04578','00676','m-t0627-04578-00676.jpg',1940),(286,3,2,2,NULL,8,'T627','04578','00677','m-t0627-04578-00677.jpg',1940),(287,2,2,2,NULL,9,'T1224','00118','01041','m-t1224-00118-01041.jpg',1940),(288,3,2,2,NULL,9,'T627','04578','00678','m-t0627-04578-00678.jpg',1940),(289,3,2,2,NULL,9,'T627','04578','00679','m-t0627-04578-00679.jpg',1940),(290,2,2,2,NULL,10,'T1224','00118','01042','m-t1224-00118-01042.jpg',1940),(291,3,2,2,NULL,10,'T627','04578','00680','m-t0627-04578-00680.jpg',1940),(292,3,2,2,NULL,10,'T627','04578','00681','m-t0627-04578-00681.jpg',1940),(293,3,2,2,NULL,10,'T627','04578','00682','m-t0627-04578-00682.jpg',1940),(294,3,2,2,NULL,10,'T627','04578','00683','m-t0627-04578-00683.jpg',1940),(295,3,2,2,NULL,10,'T627','04578','00684','m-t0627-04578-00684.jpg',1940),(296,3,2,2,NULL,10,'T627','04578','00685','m-t0627-04578-00685.jpg',1940),(297,3,2,2,NULL,10,'T627','04578','00686','m-t0627-04578-00686.jpg',1940),(298,3,2,2,NULL,10,'T627','04578','00687','m-t0627-04578-00687.jpg',1940),(299,3,2,2,NULL,10,'T627','04578','00688','m-t0627-04578-00688.jpg',1940),(300,3,2,2,NULL,10,'T627','04578','00689','m-t0627-04578-00689.jpg',1940),(301,3,2,2,NULL,10,'T627','04578','00690','m-t0627-04578-00690.jpg',1940),(302,3,2,2,NULL,10,'T627','04578','00691','m-t0627-04578-00691.jpg',1940),(303,3,2,2,NULL,10,'T627','04578','00692','m-t0627-04578-00692.jpg',1940),(304,3,2,2,NULL,10,'T627','04578','00693','m-t0627-04578-00693.jpg',1940),(305,3,2,2,NULL,10,'T627','04578','00694','m-t0627-04578-00694.jpg',1940),(306,3,2,2,NULL,10,'T627','04578','00695','m-t0627-04578-00695.jpg',1940),(307,3,2,2,NULL,10,'T627','04578','00696','m-t0627-04578-00696.jpg',1940),(308,3,2,2,NULL,10,'T627','04578','00697','m-t0627-04578-00697.jpg',1940),(309,2,2,2,NULL,11,'T1224','00118','01042','m-t1224-00118-01042.jpg',1940),(310,3,2,2,NULL,11,'T627','04578','00698','m-t0627-04578-00698.jpg',1940),(311,3,2,2,NULL,11,'T627','04578','00699','m-t0627-04578-00699.jpg',1940),(312,3,2,2,NULL,11,'T627','04578','00700','m-t0627-04578-00700.jpg',1940),(313,3,2,2,NULL,11,'T627','04578','00701','m-t0627-04578-00701.jpg',1940),(314,2,2,2,NULL,12,'T1224','00118','01042','m-t1224-00118-01042.jpg',1940),(315,3,2,2,NULL,12,'T627','04578','00702','m-t0627-04578-00702.jpg',1940),(316,3,2,2,NULL,12,'T627','04578','00703','m-t0627-04578-00703.jpg',1940),(317,3,2,2,NULL,12,'T627','04578','00704','m-t0627-04578-00704.jpg',1940),(318,3,2,2,NULL,12,'T627','04578','00705','m-t0627-04578-00705.jpg',1940),(319,3,2,2,NULL,12,'T627','04578','00706','m-t0627-04578-00706.jpg',1940),(320,3,2,2,NULL,12,'T627','04578','00707','m-t0627-04578-00707.jpg',1940),(321,3,2,2,NULL,12,'T627','04578','00708','m-t0627-04578-00708.jpg',1940),(322,3,2,2,NULL,12,'T627','04578','00709','m-t0627-04578-00709.jpg',1940),(323,3,2,2,NULL,12,'T627','04578','00710','m-t0627-04578-00710.jpg',1940),(324,3,2,2,NULL,12,'T627','04578','00711','m-t0627-04578-00711.jpg',1940),(325,3,2,2,NULL,12,'T627','04578','00712','m-t0627-04578-00712.jpg',1940),(326,3,2,2,NULL,12,'T627','04578','00713','m-t0627-04578-00713.jpg',1940),(327,3,2,2,NULL,12,'T627','04578','00714','m-t0627-04578-00714.jpg',1940),(328,3,2,2,NULL,12,'T627','04578','00715','m-t0627-04578-00715.jpg',1940),(329,3,2,2,NULL,12,'T627','04578','00716','m-t0627-04578-00716.jpg',1940),(330,3,2,2,NULL,12,'T627','04578','00717','m-t0627-04578-00717.jpg',1940),(331,2,2,2,NULL,13,'T1224','00118','01043','m-t1224-00118-01043.jpg',1940),(332,3,2,2,NULL,13,'T627','04578','00718','m-t0627-04578-00718.jpg',1940),(333,3,2,2,NULL,13,'T627','04578','00719','m-t0627-04578-00719.jpg',1940),(334,3,2,2,NULL,13,'T627','04578','00720','m-t0627-04578-00720.jpg',1940),(335,3,2,2,NULL,13,'T627','04578','00721','m-t0627-04578-00721.jpg',1940),(336,3,2,2,NULL,13,'T627','04578','00722','m-t0627-04578-00722.jpg',1940),(337,3,2,2,NULL,13,'T627','04578','00723','m-t0627-04578-00723.jpg',1940),(338,3,2,2,NULL,13,'T627','04578','00724','m-t0627-04578-00724.jpg',1940),(339,3,2,2,NULL,13,'T627','04578','00725','m-t0627-04578-00725.jpg',1940),(340,3,2,2,NULL,13,'T627','04578','00726','m-t0627-04578-00726.jpg',1940),(341,3,2,2,NULL,13,'T627','04578','00727','m-t0627-04578-00727.jpg',1940),(342,3,2,2,NULL,13,'T627','04578','00728','m-t0627-04578-00728.jpg',1940),(343,3,2,2,NULL,13,'T627','04578','00729','m-t0627-04578-00729.jpg',1940),(344,3,2,2,NULL,13,'T627','04578','00730','m-t0627-04578-00730.jpg',1940),(345,3,2,2,NULL,13,'T627','04578','00731','m-t0627-04578-00731.jpg',1940),(346,3,2,2,NULL,13,'T627','04578','00732','m-t0627-04578-00732.jpg',1940),(347,3,2,2,NULL,13,'T627','04578','00733','m-t0627-04578-00733.jpg',1940),(348,3,2,2,NULL,13,'T627','04578','00734','m-t0627-04578-00734.jpg',1940),(349,3,2,2,NULL,13,'T627','04578','00735','m-t0627-04578-00735.jpg',1940),(350,3,2,2,NULL,13,'T627','04578','00736','m-t0627-04578-00736.jpg',1940),(351,3,2,2,NULL,13,'T627','04578','00737','m-t0627-04578-00737.jpg',1940),(352,3,2,2,NULL,13,'T627','04578','00738','m-t0627-04578-00738.jpg',1940),(353,3,2,2,NULL,13,'T627','04578','00739','m-t0627-04578-00739.jpg',1940),(354,2,2,2,NULL,14,'T1224','00118','01043','m-t1224-00118-01043.jpg',1940),(355,3,2,2,NULL,14,'T627','04578','00740','m-t0627-04578-00740.jpg',1940),(356,3,2,2,NULL,14,'T627','04578','00741','m-t0627-04578-00741.jpg',1940),(357,3,2,2,NULL,14,'T627','04578','00742','m-t0627-04578-00742.jpg',1940),(358,3,2,2,NULL,14,'T627','04578','00743','m-t0627-04578-00743.jpg',1940),(359,3,2,2,NULL,14,'T627','04578','00744','m-t0627-04578-00744.jpg',1940),(360,3,2,2,NULL,14,'T627','04578','00745','m-t0627-04578-00745.jpg',1940),(361,3,2,2,NULL,14,'T627','04578','00746','m-t0627-04578-00746.jpg',1940),(362,3,2,2,NULL,14,'T627','04578','00747','m-t0627-04578-00747.jpg',1940),(363,3,2,2,NULL,14,'T627','04578','00748','m-t0627-04578-00748.jpg',1940),(364,3,2,2,NULL,14,'T627','04578','00749','m-t0627-04578-00749.jpg',1940),(365,3,2,2,NULL,14,'T627','04578','00750','m-t0627-04578-00750.jpg',1940),(366,3,2,2,NULL,14,'T627','04578','00751','m-t0627-04578-00751.jpg',1940),(367,3,2,2,NULL,14,'T627','04578','00752','m-t0627-04578-00752.jpg',1940),(368,3,2,2,NULL,14,'T627','04578','00753','m-t0627-04578-00753.jpg',1940),(369,3,2,2,NULL,14,'T627','04578','00754','m-t0627-04578-00754.jpg',1940),(370,3,2,2,NULL,14,'T627','04578','00755','m-t0627-04578-00755.jpg',1940),(371,3,2,2,NULL,14,'T627','04578','00756','m-t0627-04578-00756.jpg',1940),(372,3,2,2,NULL,14,'T627','04578','00757','m-t0627-04578-00757.jpg',1940),(373,3,2,2,NULL,14,'T627','04578','00758','m-t0627-04578-00758.jpg',1940),(374,3,2,2,NULL,14,'T627','04578','00759','m-t0627-04578-00759.jpg',1940),(375,3,2,2,NULL,14,'T627','04578','00760','m-t0627-04578-00760.jpg',1940),(376,3,2,2,NULL,14,'T627','04578','00761','m-t0627-04578-00761.jpg',1940),(377,3,2,2,NULL,14,'T627','04578','00762','m-t0627-04578-00762.jpg',1940),(378,3,2,2,NULL,14,'T627','04578','00763','m-t0627-04578-00763.jpg',1940),(379,3,2,2,NULL,14,'T627','04578','00764','m-t0627-04578-00764.jpg',1940),(380,3,2,2,NULL,14,'T627','04578','00765','m-t0627-04578-00765.jpg',1940),(381,3,2,2,NULL,14,'T627','04578','00766','m-t0627-04578-00766.jpg',1940),(382,3,2,2,NULL,14,'T627','04578','00767','m-t0627-04578-00767.jpg',1940),(383,3,2,2,NULL,14,'T627','04578','00768','m-t0627-04578-00768.jpg',1940),(384,3,2,2,NULL,14,'T627','04578','00769','m-t0627-04578-00769.jpg',1940),(385,2,2,2,NULL,15,'T1224','00118','01043','m-t1224-00118-01043.jpg',1940),(386,3,2,2,NULL,15,'T627','04578','00770','m-t0627-04578-00770.jpg',1940),(387,3,2,2,NULL,15,'T627','04578','00771','m-t0627-04578-00771.jpg',1940),(388,3,2,2,NULL,15,'T627','04578','00772','m-t0627-04578-00772.jpg',1940),(389,3,2,2,NULL,15,'T627','04578','00773','m-t0627-04578-00773.jpg',1940),(390,3,2,2,NULL,15,'T627','04578','00774','m-t0627-04578-00774.jpg',1940),(391,3,2,2,NULL,15,'T627','04578','00775','m-t0627-04578-00775.jpg',1940),(392,3,2,2,NULL,15,'T627','04578','00776','m-t0627-04578-00776.jpg',1940),(393,3,2,2,NULL,15,'T627','04578','00777','m-t0627-04578-00777.jpg',1940),(394,3,2,2,NULL,15,'T627','04578','00778','m-t0627-04578-00778.jpg',1940),(395,3,2,2,NULL,15,'T627','04578','00779','m-t0627-04578-00779.jpg',1940),(396,3,2,2,NULL,15,'T627','04578','00780','m-t0627-04578-00780.jpg',1940),(397,3,2,2,NULL,15,'T627','04578','00781','m-t0627-04578-00781.jpg',1940),(398,3,2,2,NULL,15,'T627','04578','00782','m-t0627-04578-00782.jpg',1940),(399,3,2,2,NULL,15,'T627','04578','00783','m-t0627-04578-00783.jpg',1940),(400,3,2,2,NULL,15,'T627','04578','00784','m-t0627-04578-00784.jpg',1940),(401,3,2,2,NULL,15,'T627','04578','00785','m-t0627-04578-00785.jpg',1940),(402,3,2,2,NULL,15,'T627','04578','00786','m-t0627-04578-00786.jpg',1940),(403,3,2,2,NULL,15,'T627','04578','00787','m-t0627-04578-00787.jpg',1940),(404,3,2,2,NULL,15,'T627','04578','00788','m-t0627-04578-00788.jpg',1940),(405,3,2,2,NULL,15,'T627','04578','00789','m-t0627-04578-00789.jpg',1940),(406,3,2,2,NULL,15,'T627','04578','00790','m-t0627-04578-00790.jpg',1940),(407,3,2,2,NULL,15,'T627','04578','00791','m-t0627-04578-00791.jpg',1940),(408,3,2,2,NULL,15,'T627','04578','00792','m-t0627-04578-00792.jpg',1940),(409,3,2,2,NULL,15,'T627','04578','00793','m-t0627-04578-00793.jpg',1940),(410,3,2,2,NULL,15,'T627','04578','00794','m-t0627-04578-00794.jpg',1940),(411,3,2,2,NULL,15,'T627','04578','00795','m-t0627-04578-00795.jpg',1940),(412,3,2,2,NULL,15,'T627','04578','00796','m-t0627-04578-00796.jpg',1940),(413,3,2,2,NULL,15,'T627','04578','00797','m-t0627-04578-00797.jpg',1940),(414,3,2,2,NULL,15,'T627','04578','00798','m-t0627-04578-00798.jpg',1940),(415,3,2,2,NULL,15,'T627','04578','00799','m-t0627-04578-00799.jpg',1940),(416,3,2,2,NULL,15,'T627','04578','00800','m-t0627-04578-00800.jpg',1940),(417,3,2,2,NULL,15,'T627','04578','00801','m-t0627-04578-00801.jpg',1940),(418,3,2,2,NULL,15,'T627','04578','00802','m-t0627-04578-00802.jpg',1940),(419,3,2,2,NULL,15,'T627','04578','00803','m-t0627-04578-00803.jpg',1940),(420,3,2,2,NULL,15,'T627','04578','00804','m-t0627-04578-00804.jpg',1940),(421,3,2,2,NULL,15,'T627','04578','00805','m-t0627-04578-00805.jpg',1940),(422,3,2,2,NULL,15,'T627','04578','00806','m-t0627-04578-00806.jpg',1940),(423,3,2,2,NULL,15,'T627','04578','00807','m-t0627-04578-00807.jpg',1940),(424,3,2,2,NULL,15,'T627','04578','00808','m-t0627-04578-00808.jpg',1940),(425,3,2,2,NULL,15,'T627','04578','00809','m-t0627-04578-00809.jpg',1940),(426,3,2,2,NULL,15,'T627','04578','00810','m-t0627-04578-00810.jpg',1940),(427,3,2,2,NULL,15,'T627','04578','00811','m-t0627-04578-00811.jpg',1940),(428,3,2,2,NULL,15,'T627','04578','00812','m-t0627-04578-00812.jpg',1940),(429,3,2,2,NULL,15,'T627','04578','00813','m-t0627-04578-00813.jpg',1940),(430,3,2,2,NULL,15,'T627','04578','00814','m-t0627-04578-00814.jpg',1940),(431,3,2,2,NULL,15,'T627','04578','00815','m-t0627-04578-00815.jpg',1940),(432,3,2,2,NULL,15,'T627','04578','00816','m-t0627-04578-00816.jpg',1940),(433,3,2,2,NULL,15,'T627','04578','00817','m-t0627-04578-00817.jpg',1940),(434,3,2,2,NULL,15,'T627','04578','00818','m-t0627-04578-00818.jpg',1940),(435,3,2,2,NULL,15,'T627','04578','00819','m-t0627-04578-00819.jpg',1940),(436,3,2,2,NULL,15,'T627','04578','00820','m-t0627-04578-00820.jpg',1940),(437,3,2,2,NULL,15,'T627','04578','00821','m-t0627-04578-00821.jpg',1940),(438,3,2,2,NULL,15,'T627','04578','00822','m-t0627-04578-00822.jpg',1940),(439,3,2,2,NULL,15,'T627','04578','00823','m-t0627-04578-00823.jpg',1940),(440,3,2,2,NULL,15,'T627','04578','00824','m-t0627-04578-00824.jpg',1940),(441,3,2,2,NULL,15,'T627','04578','00825','m-t0627-04578-00825.jpg',1940),(442,3,2,2,NULL,15,'T627','04578','00826','m-t0627-04578-00826.jpg',1940),(443,3,2,2,NULL,15,'T627','04578','00827','m-t0627-04578-00827.jpg',1940),(444,3,2,2,NULL,15,'T627','04578','00828','m-t0627-04578-00828.jpg',1940),(445,3,2,2,NULL,15,'T627','04578','00829','m-t0627-04578-00829.jpg',1940),(446,3,2,2,NULL,15,'T627','04578','00830','m-t0627-04578-00830.jpg',1940),(447,3,2,2,NULL,15,'T627','04578','00831','m-t0627-04578-00831.jpg',1940),(448,3,2,2,NULL,15,'T627','04578','00832','m-t0627-04578-00832.jpg',1940),(449,3,2,2,NULL,15,'T627','04578','00833','m-t0627-04578-00833.jpg',1940),(450,3,2,2,NULL,15,'T627','04578','00834','m-t0627-04578-00834.jpg',1940),(451,3,2,2,NULL,15,'T627','04578','00835','m-t0627-04578-00835.jpg',1940),(452,3,2,2,NULL,15,'T627','04578','00836','m-t0627-04578-00836.jpg',1940),(453,3,2,2,NULL,15,'T627','04578','00837','m-t0627-04578-00837.jpg',1940),(454,3,2,2,NULL,15,'T627','04578','00838','m-t0627-04578-00838.jpg',1940),(455,3,2,2,NULL,15,'T627','04578','00839','m-t0627-04578-00839.jpg',1940),(456,3,2,2,NULL,15,'T627','04578','00840','m-t0627-04578-00840.jpg',1940),(457,3,2,2,NULL,15,'T627','04578','00841','m-t0627-04578-00841.jpg',1940),(458,3,2,2,NULL,15,'T627','04578','00842','m-t0627-04578-00842.jpg',1940),(459,3,2,2,NULL,15,'T627','04578','00843','m-t0627-04578-00843.jpg',1940),(460,3,2,2,NULL,15,'T627','04578','00844','m-t0627-04578-00844.jpg',1940),(461,3,2,2,NULL,15,'T627','04578','00845','m-t0627-04578-00845.jpg',1940),(462,3,2,2,NULL,15,'T627','04578','00846','m-t0627-04578-00846.jpg',1940),(463,3,2,2,NULL,15,'T627','04578','00847','m-t0627-04578-00847.jpg',1940),(464,3,2,2,NULL,15,'T627','04578','00848','m-t0627-04578-00848.jpg',1940),(465,3,2,2,NULL,15,'T627','04578','00849','m-t0627-04578-00849.jpg',1940),(466,3,2,2,NULL,15,'T627','04578','00850','m-t0627-04578-00850.jpg',1940),(467,3,2,2,NULL,15,'T627','04578','00851','m-t0627-04578-00851.jpg',1940),(468,3,2,2,NULL,15,'T627','04578','00852','m-t0627-04578-00852.jpg',1940),(469,3,2,2,NULL,15,'T627','04578','00853','m-t0627-04578-00853.jpg',1940),(470,3,2,2,NULL,15,'T627','04578','00854','m-t0627-04578-00854.jpg',1940),(471,3,2,2,NULL,15,'T627','04578','00855','m-t0627-04578-00855.jpg',1940),(472,3,2,2,NULL,15,'T627','04578','00856','m-t0627-04578-00856.jpg',1940),(473,3,2,2,NULL,15,'T627','04578','00857','m-t0627-04578-00857.jpg',1940),(474,3,2,2,NULL,15,'T627','04578','00858','m-t0627-04578-00858.jpg',1940),(475,3,2,2,NULL,15,'T627','04578','00859','m-t0627-04578-00859.jpg',1940),(476,3,2,2,NULL,15,'T627','04578','00860','m-t0627-04578-00860.jpg',1940),(477,3,2,2,NULL,15,'T627','04578','00861','m-t0627-04578-00861.jpg',1940),(478,3,2,2,NULL,15,'T627','04578','00862','m-t0627-04578-00862.jpg',1940),(479,3,2,2,NULL,15,'T627','04578','00863','m-t0627-04578-00863.jpg',1940),(480,3,2,2,NULL,15,'T627','04578','00864','m-t0627-04578-00864.jpg',1940),(481,3,2,2,NULL,15,'T627','04578','00865','m-t0627-04578-00865.jpg',1940),(482,2,2,2,NULL,16,'T1224','00118','01044','m-t1224-00118-01044.jpg',1940),(483,3,2,2,NULL,16,'T627','04578','00866','m-t0627-04578-00866.jpg',1940),(484,3,2,2,NULL,16,'T627','04578','00867','m-t0627-04578-00867.jpg',1940),(485,3,2,2,NULL,16,'T627','04578','00868','m-t0627-04578-00868.jpg',1940),(486,3,2,2,NULL,16,'T627','04578','00869','m-t0627-04578-00869.jpg',1940),(487,3,2,2,NULL,16,'T627','04578','00870','m-t0627-04578-00870.jpg',1940),(488,3,2,2,NULL,16,'T627','04578','00871','m-t0627-04578-00871.jpg',1940),(489,3,2,2,NULL,16,'T627','04578','00872','m-t0627-04578-00872.jpg',1940),(490,3,2,2,NULL,16,'T627','04578','00873','m-t0627-04578-00873.jpg',1940),(491,3,2,2,NULL,16,'T627','04578','00874','m-t0627-04578-00874.jpg',1940),(492,3,2,2,NULL,16,'T627','04578','00875','m-t0627-04578-00875.jpg',1940),(493,3,2,2,NULL,16,'T627','04578','00876','m-t0627-04578-00876.jpg',1940),(494,3,2,2,NULL,16,'T627','04578','00877','m-t0627-04578-00877.jpg',1940),(495,3,2,2,NULL,16,'T627','04578','00878','m-t0627-04578-00878.jpg',1940),(496,3,2,2,NULL,16,'T627','04578','00879','m-t0627-04578-00879.jpg',1940),(497,3,2,2,NULL,16,'T627','04578','00880','m-t0627-04578-00880.jpg',1940),(498,3,2,2,NULL,16,'T627','04578','00881','m-t0627-04578-00881.jpg',1940),(499,2,2,2,NULL,17,'T1224','00118','01045','m-t1224-00118-01045.jpg',1940),(500,3,2,2,NULL,17,'T627','04578','01273','m-t0627-04578-01273.jpg',1940),(501,3,2,2,NULL,17,'T627','04578','01274','m-t0627-04578-01274.jpg',1940),(502,3,2,2,NULL,17,'T627','04578','01275','m-t0627-04578-01275.jpg',1940),(503,3,2,2,NULL,17,'T627','04578','01276','m-t0627-04578-01276.jpg',1940),(504,3,2,2,NULL,17,'T627','04578','01277','m-t0627-04578-01277.jpg',1940),(505,3,2,2,NULL,17,'T627','04578','01278','m-t0627-04578-01278.jpg',1940),(506,3,2,2,NULL,17,'T627','04578','01279','m-t0627-04578-01279.jpg',1940),(507,3,2,2,NULL,17,'T627','04578','01280','m-t0627-04578-01280.jpg',1940),(508,3,2,2,NULL,17,'T627','04578','01281','m-t0627-04578-01281.jpg',1940),(509,3,2,2,NULL,17,'T627','04578','01282','m-t0627-04578-01282.jpg',1940),(510,3,2,2,NULL,17,'T627','04578','01283','m-t0627-04578-01283.jpg',1940),(511,3,2,2,NULL,17,'T627','04578','01284','m-t0627-04578-01284.jpg',1940),(512,3,2,2,NULL,17,'T627','04578','01285','m-t0627-04578-01285.jpg',1940),(513,3,2,2,NULL,17,'T627','04578','01286','m-t0627-04578-01286.jpg',1940),(514,3,2,2,NULL,17,'T627','04578','01287','m-t0627-04578-01287.jpg',1940),(515,3,2,2,NULL,17,'T627','04578','01288','m-t0627-04578-01288.jpg',1940),(516,3,2,2,NULL,17,'T627','04578','01289','m-t0627-04578-01289.jpg',1940),(517,3,2,2,NULL,17,'T627','04578','01290','m-t0627-04578-01290.jpg',1940),(518,3,2,2,NULL,17,'T627','04578','01291','m-t0627-04578-01291.jpg',1940),(519,3,2,2,NULL,17,'T627','04578','01292','m-t0627-04578-01292.jpg',1940),(520,3,2,2,NULL,17,'T627','04578','01293','m-t0627-04578-01293.jpg',1940),(521,3,2,2,NULL,17,'T627','04578','01294','m-t0627-04578-01294.jpg',1940),(522,3,2,2,NULL,17,'T627','04578','01295','m-t0627-04578-01295.jpg',1940),(523,3,2,2,NULL,17,'T627','04578','01296','m-t0627-04578-01296.jpg',1940),(524,3,2,2,NULL,17,'T627','04578','01297','m-t0627-04578-01297.jpg',1940),(525,3,2,2,NULL,17,'T627','04578','01298','m-t0627-04578-01298.jpg',1940),(526,3,2,2,NULL,17,'T627','04578','01299','m-t0627-04578-01299.jpg',1940),(527,3,2,2,NULL,17,'T627','04578','01300','m-t0627-04578-01300.jpg',1940),(528,3,2,2,NULL,17,'T627','04578','01301','m-t0627-04578-01301.jpg',1940),(529,3,2,2,NULL,17,'T627','04578','01302','m-t0627-04578-01302.jpg',1940),(530,3,2,2,NULL,17,'T627','04578','01303','m-t0627-04578-01303.jpg',1940),(531,3,2,2,NULL,17,'T627','04578','01304','m-t0627-04578-01304.jpg',1940),(532,3,2,2,NULL,17,'T627','04578','01305','m-t0627-04578-01305.jpg',1940),(533,3,2,2,NULL,17,'T627','04578','01306','m-t0627-04578-01306.jpg',1940),(534,3,2,2,NULL,17,'T627','04578','01307','m-t0627-04578-01307.jpg',1940),(535,3,2,2,NULL,17,'T627','04578','01308','m-t0627-04578-01308.jpg',1940),(536,3,2,2,NULL,17,'T627','04578','01309','m-t0627-04578-01309.jpg',1940),(537,3,2,2,NULL,17,'T627','04578','01310','m-t0627-04578-01310.jpg',1940),(538,3,2,2,NULL,17,'T627','04578','01311','m-t0627-04578-01311.jpg',1940),(539,3,2,2,NULL,17,'T627','04578','01312','m-t0627-04578-01312.jpg',1940),(540,3,2,2,NULL,17,'T627','04578','01313','m-t0627-04578-01313.jpg',1940),(541,3,2,2,NULL,17,'T627','04578','01314','m-t0627-04578-01314.jpg',1940),(542,3,2,2,NULL,17,'T627','04578','01315','m-t0627-04578-01315.jpg',1940),(543,3,2,2,NULL,17,'T627','04578','01316','m-t0627-04578-01316.jpg',1940),(544,3,2,2,NULL,17,'T627','04578','01317','m-t0627-04578-01317.jpg',1940),(545,3,2,2,NULL,17,'T627','04578','01318','m-t0627-04578-01318.jpg',1940),(546,3,2,2,NULL,17,'T627','04578','01319','m-t0627-04578-01319.jpg',1940),(547,3,2,2,NULL,17,'T627','04578','01320','m-t0627-04578-01320.jpg',1940),(548,3,2,2,NULL,17,'T627','04578','01321','m-t0627-04578-01321.jpg',1940),(549,3,2,2,NULL,17,'T627','04578','01322','m-t0627-04578-01322.jpg',1940),(550,2,2,2,NULL,18,'T1224','00118','01045','m-t1224-00118-01045.jpg',1940),(551,3,2,2,NULL,18,'T627','04578','01323','m-t0627-04578-01323.jpg',1940),(552,3,2,2,NULL,18,'T627','04578','01324','m-t0627-04578-01324.jpg',1940),(553,3,2,2,NULL,18,'T627','04578','01325','m-t0627-04578-01325.jpg',1940),(554,3,2,2,NULL,18,'T627','04578','01326','m-t0627-04578-01326.jpg',1940),(555,3,2,2,NULL,18,'T627','04578','01327','m-t0627-04578-01327.jpg',1940),(556,3,2,2,NULL,18,'T627','04578','01328','m-t0627-04578-01328.jpg',1940),(557,3,2,2,NULL,18,'T627','04578','01329','m-t0627-04578-01329.jpg',1940),(558,3,2,2,NULL,18,'T627','04578','01330','m-t0627-04578-01330.jpg',1940),(559,3,2,2,NULL,18,'T627','04578','01331','m-t0627-04578-01331.jpg',1940),(560,3,2,2,NULL,18,'T627','04578','01332','m-t0627-04578-01332.jpg',1940),(561,3,2,2,NULL,18,'T627','04578','01333','m-t0627-04578-01333.jpg',1940),(562,3,2,2,NULL,18,'T627','04578','01334','m-t0627-04578-01334.jpg',1940),(563,2,2,2,NULL,19,'T1224','00118','01045','m-t1224-00118-01045.jpg',1940),(564,3,2,2,NULL,19,'T627','04578','00883','m-t0627-04578-00883.jpg',1940),(565,3,2,2,NULL,19,'T627','04578','00884','m-t0627-04578-00884.jpg',1940),(566,3,2,2,NULL,19,'T627','04578','00885','m-t0627-04578-00885.jpg',1940),(567,3,2,2,NULL,19,'T627','04578','00886','m-t0627-04578-00886.jpg',1940),(568,3,2,2,NULL,19,'T627','04578','00887','m-t0627-04578-00887.jpg',1940),(569,3,2,2,NULL,19,'T627','04578','00888','m-t0627-04578-00888.jpg',1940),(570,3,2,2,NULL,19,'T627','04578','00889','m-t0627-04578-00889.jpg',1940),(571,3,2,2,NULL,19,'T627','04578','00890','m-t0627-04578-00890.jpg',1940),(572,3,2,2,NULL,19,'T627','04578','00891','m-t0627-04578-00891.jpg',1940),(573,3,2,2,NULL,19,'T627','04578','00892','m-t0627-04578-00892.jpg',1940),(574,3,2,2,NULL,19,'T627','04578','00893','m-t0627-04578-00893.jpg',1940),(575,3,2,2,NULL,19,'T627','04578','00894','m-t0627-04578-00894.jpg',1940),(576,3,2,2,NULL,19,'T627','04578','00895','m-t0627-04578-00895.jpg',1940),(577,3,2,2,NULL,19,'T627','04578','00896','m-t0627-04578-00896.jpg',1940),(578,3,2,2,NULL,19,'T627','04578','00897','m-t0627-04578-00897.jpg',1940),(579,3,2,2,NULL,19,'T627','04578','00898','m-t0627-04578-00898.jpg',1940),(580,3,2,2,NULL,19,'T627','04578','00899','m-t0627-04578-00899.jpg',1940),(581,3,2,2,NULL,19,'T627','04578','00900','m-t0627-04578-00900.jpg',1940),(582,3,2,2,NULL,19,'T627','04578','00901','m-t0627-04578-00901.jpg',1940),(583,3,2,2,NULL,19,'T627','04578','00902','m-t0627-04578-00902.jpg',1940),(584,3,2,2,NULL,19,'T627','04578','00903','m-t0627-04578-00903.jpg',1940),(585,3,2,2,NULL,19,'T627','04578','00904','m-t0627-04578-00904.jpg',1940),(586,3,2,2,NULL,19,'T627','04578','00905','m-t0627-04578-00905.jpg',1940),(587,3,2,2,NULL,19,'T627','04578','00906','m-t0627-04578-00906.jpg',1940),(588,3,2,2,NULL,19,'T627','04578','00907','m-t0627-04578-00907.jpg',1940),(589,3,2,2,NULL,19,'T627','04578','00908','m-t0627-04578-00908.jpg',1940),(590,3,2,2,NULL,19,'T627','04578','00909','m-t0627-04578-00909.jpg',1940),(591,3,2,2,NULL,19,'T627','04578','00910','m-t0627-04578-00910.jpg',1940),(592,3,2,2,NULL,19,'T627','04578','00911','m-t0627-04578-00911.jpg',1940),(593,3,2,2,NULL,19,'T627','04578','00912','m-t0627-04578-00912.jpg',1940),(594,3,2,2,NULL,19,'T627','04578','00913','m-t0627-04578-00913.jpg',1940),(595,3,2,2,NULL,19,'T627','04578','00914','m-t0627-04578-00914.jpg',1940),(596,3,2,2,NULL,19,'T627','04578','00915','m-t0627-04578-00915.jpg',1940),(597,3,2,2,NULL,19,'T627','04578','00916','m-t0627-04578-00916.jpg',1940),(598,3,2,2,NULL,19,'T627','04578','00917','m-t0627-04578-00917.jpg',1940),(599,3,2,2,NULL,19,'T627','04578','00918','m-t0627-04578-00918.jpg',1940),(600,3,2,2,NULL,19,'T627','04578','00919','m-t0627-04578-00919.jpg',1940),(601,3,2,2,NULL,19,'T627','04578','00920','m-t0627-04578-00920.jpg',1940),(602,3,2,2,NULL,19,'T627','04578','00921','m-t0627-04578-00921.jpg',1940),(603,3,2,2,NULL,19,'T627','04578','00922','m-t0627-04578-00922.jpg',1940),(604,3,2,2,NULL,19,'T627','04578','00923','m-t0627-04578-00923.jpg',1940),(605,3,2,2,NULL,19,'T627','04578','00924','m-t0627-04578-00924.jpg',1940),(606,3,2,2,NULL,19,'T627','04578','00925','m-t0627-04578-00925.jpg',1940),(607,3,2,2,NULL,19,'T627','04578','00926','m-t0627-04578-00926.jpg',1940),(608,3,2,2,NULL,19,'T627','04578','00927','m-t0627-04578-00927.jpg',1940),(609,3,2,2,NULL,19,'T627','04578','00928','m-t0627-04578-00928.jpg',1940),(610,3,2,2,NULL,19,'T627','04578','00929','m-t0627-04578-00929.jpg',1940),(611,3,2,2,NULL,19,'T627','04578','00930','m-t0627-04578-00930.jpg',1940),(612,3,2,2,NULL,19,'T627','04578','00931','m-t0627-04578-00931.jpg',1940),(613,3,2,2,NULL,19,'T627','04578','00932','m-t0627-04578-00932.jpg',1940),(614,3,2,2,NULL,19,'T627','04578','00933','m-t0627-04578-00933.jpg',1940),(615,3,2,2,NULL,19,'T627','04578','00934','m-t0627-04578-00934.jpg',1940),(616,3,2,2,NULL,19,'T627','04578','00935','m-t0627-04578-00935.jpg',1940),(617,3,2,2,NULL,19,'T627','04578','00936','m-t0627-04578-00936.jpg',1940),(618,3,2,2,NULL,19,'T627','04578','00937','m-t0627-04578-00937.jpg',1940),(619,3,2,2,NULL,19,'T627','04578','00938','m-t0627-04578-00938.jpg',1940),(620,2,2,2,NULL,20,'T1224','00118','01046','m-t1224-00118-01046.jpg',1940),(621,3,2,2,NULL,20,'T627','04578','00939','m-t0627-04578-00939.jpg',1940),(622,3,2,2,NULL,20,'T627','04578','00940','m-t0627-04578-00940.jpg',1940),(623,3,2,2,NULL,20,'T627','04578','00941','m-t0627-04578-00941.jpg',1940),(624,3,2,2,NULL,20,'T627','04578','00942','m-t0627-04578-00942.jpg',1940),(625,3,2,2,NULL,20,'T627','04578','00943','m-t0627-04578-00943.jpg',1940),(626,3,2,2,NULL,20,'T627','04578','00944','m-t0627-04578-00944.jpg',1940),(627,3,2,2,NULL,20,'T627','04578','00945','m-t0627-04578-00945.jpg',1940),(628,3,2,2,NULL,20,'T627','04578','00946','m-t0627-04578-00946.jpg',1940),(629,3,2,2,NULL,20,'T627','04578','00947','m-t0627-04578-00947.jpg',1940),(630,3,2,2,NULL,20,'T627','04578','00948','m-t0627-04578-00948.jpg',1940),(631,2,2,2,NULL,21,'T1224','00118','01046','m-t1224-00118-01046.jpg',1940),(632,3,2,2,NULL,21,'T627','04578','00949','m-t0627-04578-00949.jpg',1940),(633,3,2,2,NULL,21,'T627','04578','00950','m-t0627-04578-00950.jpg',1940),(634,3,2,2,NULL,21,'T627','04578','00951','m-t0627-04578-00951.jpg',1940),(635,3,2,2,NULL,21,'T627','04578','00952','m-t0627-04578-00952.jpg',1940),(636,3,2,2,NULL,21,'T627','04578','00953','m-t0627-04578-00953.jpg',1940),(637,3,2,2,NULL,21,'T627','04578','00954','m-t0627-04578-00954.jpg',1940),(638,3,2,2,NULL,21,'T627','04578','00955','m-t0627-04578-00955.jpg',1940),(639,3,2,2,NULL,21,'T627','04578','00956','m-t0627-04578-00956.jpg',1940),(640,3,2,2,NULL,21,'T627','04578','00957','m-t0627-04578-00957.jpg',1940),(641,3,2,2,NULL,21,'T627','04578','00958','m-t0627-04578-00958.jpg',1940),(642,3,2,2,NULL,21,'T627','04578','00959','m-t0627-04578-00959.jpg',1940),(643,3,2,2,NULL,21,'T627','04578','00960','m-t0627-04578-00960.jpg',1940),(644,3,2,2,NULL,21,'T627','04578','00961','m-t0627-04578-00961.jpg',1940),(645,3,2,2,NULL,21,'T627','04578','00962','m-t0627-04578-00962.jpg',1940),(646,3,2,2,NULL,21,'T627','04578','00963','m-t0627-04578-00963.jpg',1940),(647,3,2,2,NULL,21,'T627','04578','00964','m-t0627-04578-00964.jpg',1940),(648,3,2,2,NULL,21,'T627','04578','00965','m-t0627-04578-00965.jpg',1940),(649,3,2,2,NULL,21,'T627','04578','00966','m-t0627-04578-00966.jpg',1940),(650,3,2,2,NULL,21,'T627','04578','00967','m-t0627-04578-00967.jpg',1940),(651,3,2,2,NULL,21,'T627','04578','00968','m-t0627-04578-00968.jpg',1940),(652,3,2,2,NULL,21,'T627','04578','00969','m-t0627-04578-00969.jpg',1940),(653,3,2,2,NULL,21,'T627','04578','00970','m-t0627-04578-00970.jpg',1940),(654,3,2,2,NULL,21,'T627','04578','00971','m-t0627-04578-00971.jpg',1940),(655,3,2,2,NULL,21,'T627','04578','00972','m-t0627-04578-00972.jpg',1940),(656,3,2,2,NULL,21,'T627','04578','00973','m-t0627-04578-00973.jpg',1940),(657,3,2,2,NULL,21,'T627','04578','00974','m-t0627-04578-00974.jpg',1940),(658,3,2,2,NULL,21,'T627','04578','00975','m-t0627-04578-00975.jpg',1940),(659,3,2,2,NULL,21,'T627','04578','00976','m-t0627-04578-00976.jpg',1940),(660,2,2,2,NULL,22,'T1224','00118','01046','m-t1224-00118-01046.jpg',1940),(661,3,2,2,NULL,22,'T627','04578','00977','m-t0627-04578-00977.jpg',1940),(662,3,2,2,NULL,22,'T627','04578','00978','m-t0627-04578-00978.jpg',1940),(663,2,2,2,NULL,23,'T1224','00118','01046','m-t1224-00118-01046.jpg',1940),(664,2,2,2,NULL,23,'T1224','00118','01047','m-t1224-00118-01047.jpg',1940),(665,3,2,2,NULL,23,'T627','04578','00979','m-t0627-04578-00979.jpg',1940),(666,3,2,2,NULL,23,'T627','04578','00980','m-t0627-04578-00980.jpg',1940),(667,3,2,2,NULL,23,'T627','04578','00981','m-t0627-04578-00981.jpg',1940),(668,3,2,2,NULL,23,'T627','04578','00982','m-t0627-04578-00982.jpg',1940),(669,3,2,2,NULL,23,'T627','04578','00983','m-t0627-04578-00983.jpg',1940),(670,3,2,2,NULL,23,'T627','04578','00984','m-t0627-04578-00984.jpg',1940),(671,2,2,2,NULL,24,'T1224','00118','01047','m-t1224-00118-01047.jpg',1940),(672,3,2,2,NULL,24,'T627','04578','00042','m-t0627-04578-00042.jpg',1940),(673,3,2,2,NULL,24,'T627','04578','00043','m-t0627-04578-00043.jpg',1940),(674,3,2,2,NULL,24,'T627','04578','00044','m-t0627-04578-00044.jpg',1940),(675,3,2,2,NULL,24,'T627','04578','00045','m-t0627-04578-00045.jpg',1940),(676,3,2,2,NULL,24,'T627','04578','00046','m-t0627-04578-00046.jpg',1940),(677,3,2,2,NULL,24,'T627','04578','00047','m-t0627-04578-00047.jpg',1940),(678,3,2,2,NULL,24,'T627','04578','00048','m-t0627-04578-00048.jpg',1940),(679,3,2,2,NULL,24,'T627','04578','00049','m-t0627-04578-00049.jpg',1940),(680,3,2,2,NULL,24,'T627','04578','00050','m-t0627-04578-00050.jpg',1940),(681,3,2,2,NULL,24,'T627','04578','00051','m-t0627-04578-00051.jpg',1940),(682,3,2,2,NULL,24,'T627','04578','00052','m-t0627-04578-00052.jpg',1940),(683,3,2,2,NULL,24,'T627','04578','00053','m-t0627-04578-00053.jpg',1940),(684,3,2,2,NULL,24,'T627','04578','00054','m-t0627-04578-00054.jpg',1940),(685,3,2,2,NULL,24,'T627','04578','00055','m-t0627-04578-00055.jpg',1940),(686,3,2,2,NULL,24,'T627','04578','00056','m-t0627-04578-00056.jpg',1940),(687,3,2,2,NULL,24,'T627','04578','00057','m-t0627-04578-00057.jpg',1940),(688,3,2,2,NULL,24,'T627','04578','00058','m-t0627-04578-00058.jpg',1940),(689,3,2,2,NULL,24,'T627','04578','00059','m-t0627-04578-00059.jpg',1940),(690,3,2,2,NULL,24,'T627','04578','00060','m-t0627-04578-00060.jpg',1940),(691,3,2,2,NULL,24,'T627','04578','00061','m-t0627-04578-00061.jpg',1940),(692,3,2,2,NULL,24,'T627','04578','00062','m-t0627-04578-00062.jpg',1940),(693,3,2,2,NULL,24,'T627','04578','00063','m-t0627-04578-00063.jpg',1940),(694,3,2,2,NULL,24,'T627','04578','00064','m-t0627-04578-00064.jpg',1940),(695,3,2,2,NULL,24,'T627','04578','00065','m-t0627-04578-00065.jpg',1940),(696,3,2,2,NULL,24,'T627','04578','00066','m-t0627-04578-00066.jpg',1940),(697,3,2,2,NULL,24,'T627','04578','00067','m-t0627-04578-00067.jpg',1940),(698,3,2,2,NULL,24,'T627','04578','00068','m-t0627-04578-00068.jpg',1940),(699,3,2,2,NULL,24,'T627','04578','00069','m-t0627-04578-00069.jpg',1940),(700,3,2,2,NULL,24,'T627','04578','00070','m-t0627-04578-00070.jpg',1940),(701,3,2,2,NULL,24,'T627','04578','00071','m-t0627-04578-00071.jpg',1940),(702,3,2,2,NULL,24,'T627','04578','00072','m-t0627-04578-00072.jpg',1940),(703,3,2,2,NULL,24,'T627','04578','00073','m-t0627-04578-00073.jpg',1940),(704,3,2,2,NULL,24,'T627','04578','00074','m-t0627-04578-00074.jpg',1940),(705,3,2,2,NULL,24,'T627','04578','00075','m-t0627-04578-00075.jpg',1940),(706,3,2,2,NULL,24,'T627','04578','00076','m-t0627-04578-00076.jpg',1940),(707,3,2,2,NULL,24,'T627','04578','00077','m-t0627-04578-00077.jpg',1940),(708,3,2,2,NULL,24,'T627','04578','00078','m-t0627-04578-00078.jpg',1940),(709,3,2,2,NULL,24,'T627','04578','00079','m-t0627-04578-00079.jpg',1940),(710,3,2,2,NULL,24,'T627','04578','00080','m-t0627-04578-00080.jpg',1940),(711,3,2,2,NULL,24,'T627','04578','00081','m-t0627-04578-00081.jpg',1940),(712,3,2,2,NULL,24,'T627','04578','00082','m-t0627-04578-00082.jpg',1940),(713,3,2,2,NULL,24,'T627','04578','00083','m-t0627-04578-00083.jpg',1940),(714,3,2,2,NULL,24,'T627','04578','00084','m-t0627-04578-00084.jpg',1940),(715,3,2,2,NULL,24,'T627','04578','00085','m-t0627-04578-00085.jpg',1940),(716,3,2,2,NULL,24,'T627','04578','00086','m-t0627-04578-00086.jpg',1940),(717,3,2,2,NULL,24,'T627','04578','00087','m-t0627-04578-00087.jpg',1940),(718,3,2,2,NULL,24,'T627','04578','00088','m-t0627-04578-00088.jpg',1940),(719,3,2,2,NULL,24,'T627','04578','00089','m-t0627-04578-00089.jpg',1940),(720,3,2,2,NULL,24,'T627','04578','00090','m-t0627-04578-00090.jpg',1940),(721,3,2,2,NULL,24,'T627','04578','00091','m-t0627-04578-00091.jpg',1940),(722,3,2,2,NULL,24,'T627','04578','00092','m-t0627-04578-00092.jpg',1940),(723,3,2,2,NULL,24,'T627','04578','00093','m-t0627-04578-00093.jpg',1940),(724,3,2,2,NULL,24,'T627','04578','00094','m-t0627-04578-00094.jpg',1940),(725,3,2,2,NULL,24,'T627','04578','00095','m-t0627-04578-00095.jpg',1940),(726,3,2,2,NULL,24,'T627','04578','00096','m-t0627-04578-00096.jpg',1940),(727,3,2,2,NULL,24,'T627','04578','00097','m-t0627-04578-00097.jpg',1940),(728,2,2,2,NULL,25,'T1224','00118','01047','m-t1224-00118-01047.jpg',1940),(729,3,2,2,NULL,25,'T627','04578','00098','m-t0627-04578-00098.jpg',1940),(730,3,2,2,NULL,25,'T627','04578','00099','m-t0627-04578-00099.jpg',1940),(731,3,2,2,NULL,25,'T627','04578','00100','m-t0627-04578-00100.jpg',1940),(732,3,2,2,NULL,25,'T627','04578','00101','m-t0627-04578-00101.jpg',1940),(733,3,2,2,NULL,25,'T627','04578','00102','m-t0627-04578-00102.jpg',1940),(734,3,2,2,NULL,25,'T627','04578','00103','m-t0627-04578-00103.jpg',1940),(735,3,2,2,NULL,25,'T627','04578','00104','m-t0627-04578-00104.jpg',1940),(736,3,2,2,NULL,25,'T627','04578','00105','m-t0627-04578-00105.jpg',1940),(737,3,2,2,NULL,25,'T627','04578','00106','m-t0627-04578-00106.jpg',1940),(738,3,2,2,NULL,25,'T627','04578','00107','m-t0627-04578-00107.jpg',1940),(739,3,2,2,NULL,25,'T627','04578','00108','m-t0627-04578-00108.jpg',1940),(740,3,2,2,NULL,25,'T627','04578','00109','m-t0627-04578-00109.jpg',1940),(741,3,2,2,NULL,25,'T627','04578','00110','m-t0627-04578-00110.jpg',1940),(742,3,2,2,NULL,25,'T627','04578','00111','m-t0627-04578-00111.jpg',1940),(743,3,2,2,NULL,25,'T627','04578','00112','m-t0627-04578-00112.jpg',1940),(744,3,2,2,NULL,25,'T627','04578','00113','m-t0627-04578-00113.jpg',1940),(745,3,2,2,NULL,25,'T627','04578','00114','m-t0627-04578-00114.jpg',1940),(746,3,2,2,NULL,25,'T627','04578','00115','m-t0627-04578-00115.jpg',1940),(747,3,2,2,NULL,25,'T627','04578','00116','m-t0627-04578-00116.jpg',1940),(748,3,2,2,NULL,25,'T627','04578','00117','m-t0627-04578-00117.jpg',1940),(749,3,2,2,NULL,25,'T627','04578','00118','m-t0627-04578-00118.jpg',1940),(750,3,2,2,NULL,25,'T627','04578','00119','m-t0627-04578-00119.jpg',1940),(751,3,2,2,NULL,25,'T627','04578','00120','m-t0627-04578-00120.jpg',1940),(752,3,2,2,NULL,25,'T627','04578','00121','m-t0627-04578-00121.jpg',1940),(753,3,2,2,NULL,25,'T627','04578','00122','m-t0627-04578-00122.jpg',1940),(754,3,2,2,NULL,25,'T627','04578','00123','m-t0627-04578-00123.jpg',1940),(755,3,2,2,NULL,25,'T627','04578','00124','m-t0627-04578-00124.jpg',1940),(756,3,2,2,NULL,25,'T627','04578','00125','m-t0627-04578-00125.jpg',1940),(757,3,2,2,NULL,25,'T627','04578','00126','m-t0627-04578-00126.jpg',1940),(758,3,2,2,NULL,25,'T627','04578','00127','m-t0627-04578-00127.jpg',1940),(759,3,2,2,NULL,25,'T627','04578','00128','m-t0627-04578-00128.jpg',1940),(760,3,2,2,NULL,25,'T627','04578','00129','m-t0627-04578-00129.jpg',1940),(761,3,2,2,NULL,25,'T627','04578','00130','m-t0627-04578-00130.jpg',1940),(762,3,2,2,NULL,25,'T627','04578','00131','m-t0627-04578-00131.jpg',1940),(763,3,2,2,NULL,25,'T627','04578','00132','m-t0627-04578-00132.jpg',1940),(764,3,2,2,NULL,25,'T627','04578','00133','m-t0627-04578-00133.jpg',1940),(765,3,2,2,NULL,25,'T627','04578','00134','m-t0627-04578-00134.jpg',1940),(766,3,2,2,NULL,25,'T627','04578','00135','m-t0627-04578-00135.jpg',1940),(767,3,2,2,NULL,25,'T627','04578','00136','m-t0627-04578-00136.jpg',1940),(768,3,2,2,NULL,25,'T627','04578','00137','m-t0627-04578-00137.jpg',1940),(769,3,2,2,NULL,25,'T627','04578','00138','m-t0627-04578-00138.jpg',1940),(770,3,2,2,NULL,25,'T627','04578','00139','m-t0627-04578-00139.jpg',1940),(771,3,2,2,NULL,25,'T627','04578','00140','m-t0627-04578-00140.jpg',1940),(772,3,2,2,NULL,25,'T627','04578','00141','m-t0627-04578-00141.jpg',1940),(773,3,2,2,NULL,25,'T627','04578','00142','m-t0627-04578-00142.jpg',1940),(774,3,2,2,NULL,25,'T627','04578','00143','m-t0627-04578-00143.jpg',1940),(775,3,2,2,NULL,25,'T627','04578','00144','m-t0627-04578-00144.jpg',1940),(776,3,2,2,NULL,25,'T627','04578','00145','m-t0627-04578-00145.jpg',1940),(777,3,2,2,NULL,25,'T627','04578','00146','m-t0627-04578-00146.jpg',1940),(778,3,2,2,NULL,25,'T627','04578','00147','m-t0627-04578-00147.jpg',1940),(779,3,2,2,NULL,25,'T627','04578','00148','m-t0627-04578-00148.jpg',1940),(780,3,2,2,NULL,25,'T627','04578','00149','m-t0627-04578-00149.jpg',1940),(781,3,2,2,NULL,25,'T627','04578','00150','m-t0627-04578-00150.jpg',1940),(782,3,2,2,NULL,25,'T627','04578','00151','m-t0627-04578-00151.jpg',1940),(783,3,2,2,NULL,25,'T627','04578','00152','m-t0627-04578-00152.jpg',1940),(784,3,2,2,NULL,25,'T627','04578','00153','m-t0627-04578-00153.jpg',1940),(785,3,2,2,NULL,25,'T627','04578','00154','m-t0627-04578-00154.jpg',1940),(786,3,2,2,NULL,25,'T627','04578','00155','m-t0627-04578-00155.jpg',1940),(787,3,2,2,NULL,25,'T627','04578','00156','m-t0627-04578-00156.jpg',1940),(788,3,2,2,NULL,25,'T627','04578','00157','m-t0627-04578-00157.jpg',1940),(789,3,2,2,NULL,25,'T627','04578','00158','m-t0627-04578-00158.jpg',1940),(790,3,2,2,NULL,25,'T627','04578','00159','m-t0627-04578-00159.jpg',1940),(791,3,2,2,NULL,25,'T627','04578','00160','m-t0627-04578-00160.jpg',1940),(792,3,2,2,NULL,25,'T627','04578','00161','m-t0627-04578-00161.jpg',1940),(793,3,2,2,NULL,25,'T627','04578','00162','m-t0627-04578-00162.jpg',1940),(794,3,2,2,NULL,25,'T627','04578','00163','m-t0627-04578-00163.jpg',1940),(795,3,2,2,NULL,25,'T627','04578','00164','m-t0627-04578-00164.jpg',1940),(796,3,2,2,NULL,25,'T627','04578','00165','m-t0627-04578-00165.jpg',1940),(797,3,2,2,NULL,25,'T627','04578','00166','m-t0627-04578-00166.jpg',1940),(798,3,2,2,NULL,25,'T627','04578','00167','m-t0627-04578-00167.jpg',1940),(799,3,2,2,NULL,25,'T627','04578','00168','m-t0627-04578-00168.jpg',1940),(800,3,2,2,NULL,25,'T627','04578','00169','m-t0627-04578-00169.jpg',1940),(801,3,2,2,NULL,25,'T627','04578','00170','m-t0627-04578-00170.jpg',1940),(802,3,2,2,NULL,25,'T627','04578','00171','m-t0627-04578-00171.jpg',1940),(803,3,2,2,NULL,25,'T627','04578','00172','m-t0627-04578-00172.jpg',1940),(804,3,2,2,NULL,25,'T627','04578','00173','m-t0627-04578-00173.jpg',1940),(805,3,2,2,NULL,25,'T627','04578','00174','m-t0627-04578-00174.jpg',1940),(806,3,2,2,NULL,25,'T627','04578','00175','m-t0627-04578-00175.jpg',1940),(807,3,2,2,NULL,25,'T627','04578','00176','m-t0627-04578-00176.jpg',1940),(808,3,2,2,NULL,25,'T627','04578','00177','m-t0627-04578-00177.jpg',1940),(809,3,2,2,NULL,25,'T627','04578','00178','m-t0627-04578-00178.jpg',1940),(810,3,2,2,NULL,25,'T627','04578','00179','m-t0627-04578-00179.jpg',1940),(811,3,2,2,NULL,25,'T627','04578','00180','m-t0627-04578-00180.jpg',1940),(812,3,2,2,NULL,25,'T627','04578','00181','m-t0627-04578-00181.jpg',1940),(813,3,2,2,NULL,25,'T627','04578','00182','m-t0627-04578-00182.jpg',1940),(814,3,2,2,NULL,25,'T627','04578','00183','m-t0627-04578-00183.jpg',1940),(815,3,2,2,NULL,25,'T627','04578','00184','m-t0627-04578-00184.jpg',1940),(816,3,2,2,NULL,25,'T627','04578','00185','m-t0627-04578-00185.jpg',1940),(817,3,2,2,NULL,25,'T627','04578','00186','m-t0627-04578-00186.jpg',1940),(818,3,2,2,NULL,25,'T627','04578','00187','m-t0627-04578-00187.jpg',1940),(819,3,2,2,NULL,25,'T627','04578','00188','m-t0627-04578-00188.jpg',1940),(820,3,2,2,NULL,25,'T627','04578','00189','m-t0627-04578-00189.jpg',1940),(821,2,2,2,NULL,26,'T1224','00118','01047','m-t1224-00118-01047.jpg',1940),(822,2,2,2,NULL,26,'T1224','00118','01048','m-t1224-00118-01048.jpg',1940),(823,3,2,2,NULL,26,'T627','04578','00190','m-t0627-04578-00190.jpg',1940),(824,3,2,2,NULL,26,'T627','04578','00191','m-t0627-04578-00191.jpg',1940),(825,3,2,2,NULL,26,'T627','04578','00192','m-t0627-04578-00192.jpg',1940),(826,3,2,2,NULL,26,'T627','04578','00193','m-t0627-04578-00193.jpg',1940),(827,3,2,2,NULL,26,'T627','04578','00194','m-t0627-04578-00194.jpg',1940),(828,3,2,2,NULL,26,'T627','04578','00195','m-t0627-04578-00195.jpg',1940),(829,3,2,2,NULL,26,'T627','04578','00196','m-t0627-04578-00196.jpg',1940),(830,3,2,2,NULL,26,'T627','04578','00197','m-t0627-04578-00197.jpg',1940),(831,3,2,2,NULL,26,'T627','04578','00198','m-t0627-04578-00198.jpg',1940),(832,3,2,2,NULL,26,'T627','04578','00199','m-t0627-04578-00199.jpg',1940),(833,3,2,2,NULL,26,'T627','04578','00200','m-t0627-04578-00200.jpg',1940),(834,3,2,2,NULL,26,'T627','04578','00201','m-t0627-04578-00201.jpg',1940),(835,3,2,2,NULL,26,'T627','04578','00202','m-t0627-04578-00202.jpg',1940),(836,3,2,2,NULL,26,'T627','04578','00203','m-t0627-04578-00203.jpg',1940),(837,3,2,2,NULL,26,'T627','04578','00204','m-t0627-04578-00204.jpg',1940),(838,3,2,2,NULL,26,'T627','04578','00205','m-t0627-04578-00205.jpg',1940),(839,3,2,2,NULL,26,'T627','04578','00206','m-t0627-04578-00206.jpg',1940),(840,3,2,2,NULL,26,'T627','04578','00207','m-t0627-04578-00207.jpg',1940),(841,3,2,2,NULL,26,'T627','04578','00208','m-t0627-04578-00208.jpg',1940),(842,3,2,2,NULL,26,'T627','04578','00209','m-t0627-04578-00209.jpg',1940),(843,3,2,2,NULL,26,'T627','04578','00210','m-t0627-04578-00210.jpg',1940),(844,3,2,2,NULL,26,'T627','04578','00211','m-t0627-04578-00211.jpg',1940),(845,3,2,2,NULL,26,'T627','04578','00212','m-t0627-04578-00212.jpg',1940),(846,3,2,2,NULL,26,'T627','04578','00213','m-t0627-04578-00213.jpg',1940),(847,3,2,2,NULL,26,'T627','04578','00214','m-t0627-04578-00214.jpg',1940),(848,3,2,2,NULL,26,'T627','04578','00215','m-t0627-04578-00215.jpg',1940),(849,3,2,2,NULL,26,'T627','04578','00216','m-t0627-04578-00216.jpg',1940),(850,3,2,2,NULL,26,'T627','04578','00217','m-t0627-04578-00217.jpg',1940),(851,3,2,2,NULL,26,'T627','04578','00218','m-t0627-04578-00218.jpg',1940),(852,3,2,2,NULL,26,'T627','04578','00219','m-t0627-04578-00219.jpg',1940),(853,3,2,2,NULL,26,'T627','04578','00220','m-t0627-04578-00220.jpg',1940),(854,3,2,2,NULL,26,'T627','04578','00221','m-t0627-04578-00221.jpg',1940),(855,3,2,2,NULL,26,'T627','04578','00222','m-t0627-04578-00222.jpg',1940),(856,3,2,2,NULL,26,'T627','04578','00223','m-t0627-04578-00223.jpg',1940),(857,3,2,2,NULL,26,'T627','04578','00224','m-t0627-04578-00224.jpg',1940),(858,3,2,2,NULL,26,'T627','04578','00225','m-t0627-04578-00225.jpg',1940),(859,3,2,2,NULL,26,'T627','04578','00226','m-t0627-04578-00226.jpg',1940),(860,3,2,2,NULL,26,'T627','04578','00227','m-t0627-04578-00227.jpg',1940),(861,3,2,2,NULL,26,'T627','04578','00228','m-t0627-04578-00228.jpg',1940),(862,3,2,2,NULL,26,'T627','04578','00229','m-t0627-04578-00229.jpg',1940),(863,3,2,2,NULL,26,'T627','04578','00230','m-t0627-04578-00230.jpg',1940),(864,3,2,2,NULL,26,'T627','04578','00231','m-t0627-04578-00231.jpg',1940),(865,3,2,2,NULL,26,'T627','04578','00232','m-t0627-04578-00232.jpg',1940),(866,3,2,2,NULL,26,'T627','04578','00233','m-t0627-04578-00233.jpg',1940),(867,3,2,2,NULL,26,'T627','04578','00234','m-t0627-04578-00234.jpg',1940),(868,3,2,2,NULL,26,'T627','04578','00235','m-t0627-04578-00235.jpg',1940),(869,3,2,2,NULL,26,'T627','04578','00236','m-t0627-04578-00236.jpg',1940),(870,3,2,2,NULL,26,'T627','04578','00237','m-t0627-04578-00237.jpg',1940),(871,3,2,2,NULL,26,'T627','04578','00238','m-t0627-04578-00238.jpg',1940),(872,3,2,2,NULL,26,'T627','04578','00239','m-t0627-04578-00239.jpg',1940),(873,3,2,2,NULL,26,'T627','04578','00240','m-t0627-04578-00240.jpg',1940),(874,3,2,2,NULL,26,'T627','04578','00241','m-t0627-04578-00241.jpg',1940),(875,3,2,2,NULL,26,'T627','04578','00242','m-t0627-04578-00242.jpg',1940),(876,3,2,2,NULL,26,'T627','04578','00243','m-t0627-04578-00243.jpg',1940),(877,3,2,2,NULL,26,'T627','04578','00244','m-t0627-04578-00244.jpg',1940),(878,3,2,2,NULL,26,'T627','04578','00245','m-t0627-04578-00245.jpg',1940),(879,3,2,2,NULL,26,'T627','04578','00246','m-t0627-04578-00246.jpg',1940),(880,3,2,2,NULL,26,'T627','04578','00247','m-t0627-04578-00247.jpg',1940),(881,3,2,2,NULL,26,'T627','04578','00248','m-t0627-04578-00248.jpg',1940),(882,3,2,2,NULL,26,'T627','04578','00249','m-t0627-04578-00249.jpg',1940),(883,3,2,2,NULL,26,'T627','04578','00250','m-t0627-04578-00250.jpg',1940),(884,3,2,2,NULL,26,'T627','04578','00251','m-t0627-04578-00251.jpg',1940),(885,3,2,2,NULL,26,'T627','04578','00252','m-t0627-04578-00252.jpg',1940),(886,3,2,2,NULL,26,'T627','04578','00253','m-t0627-04578-00253.jpg',1940),(887,3,2,2,NULL,26,'T627','04578','00254','m-t0627-04578-00254.jpg',1940),(888,3,2,2,NULL,26,'T627','04578','00255','m-t0627-04578-00255.jpg',1940),(889,3,2,2,NULL,26,'T627','04578','00256','m-t0627-04578-00256.jpg',1940),(890,3,2,2,NULL,26,'T627','04578','00257','m-t0627-04578-00257.jpg',1940),(891,3,2,2,NULL,26,'T627','04578','00258','m-t0627-04578-00258.jpg',1940),(892,3,2,2,NULL,26,'T627','04578','00259','m-t0627-04578-00259.jpg',1940),(893,3,2,2,NULL,26,'T627','04578','00260','m-t0627-04578-00260.jpg',1940),(894,3,2,2,NULL,26,'T627','04578','00261','m-t0627-04578-00261.jpg',1940),(895,3,2,2,NULL,26,'T627','04578','00262','m-t0627-04578-00262.jpg',1940),(896,3,2,2,NULL,26,'T627','04578','00263','m-t0627-04578-00263.jpg',1940),(897,3,2,2,NULL,26,'T627','04578','00264','m-t0627-04578-00264.jpg',1940),(898,3,2,2,NULL,26,'T627','04578','00265','m-t0627-04578-00265.jpg',1940),(899,3,2,2,NULL,26,'T627','04578','00266','m-t0627-04578-00266.jpg',1940),(900,3,2,2,NULL,26,'T627','04578','00267','m-t0627-04578-00267.jpg',1940),(901,3,2,2,NULL,26,'T627','04578','00268','m-t0627-04578-00268.jpg',1940),(902,3,2,2,NULL,26,'T627','04578','00269','m-t0627-04578-00269.jpg',1940),(903,3,2,2,NULL,26,'T627','04578','00270','m-t0627-04578-00270.jpg',1940),(904,3,2,2,NULL,26,'T627','04578','00271','m-t0627-04578-00271.jpg',1940),(905,3,2,2,NULL,26,'T627','04578','00272','m-t0627-04578-00272.jpg',1940),(906,3,2,2,NULL,26,'T627','04578','00273','m-t0627-04578-00273.jpg',1940),(907,3,2,2,NULL,26,'T627','04578','00274','m-t0627-04578-00274.jpg',1940),(908,3,2,2,NULL,26,'T627','04578','00275','m-t0627-04578-00275.jpg',1940),(909,3,2,2,NULL,26,'T627','04578','00276','m-t0627-04578-00276.jpg',1940),(910,3,2,2,NULL,26,'T627','04578','00277','m-t0627-04578-00277.jpg',1940),(911,3,2,2,NULL,26,'T627','04578','00278','m-t0627-04578-00278.jpg',1940),(912,3,2,2,NULL,26,'T627','04578','00279','m-t0627-04578-00279.jpg',1940),(913,3,2,2,NULL,26,'T627','04578','00280','m-t0627-04578-00280.jpg',1940),(914,3,2,2,NULL,26,'T627','04578','00281','m-t0627-04578-00281.jpg',1940),(915,3,2,2,NULL,26,'T627','04578','00282','m-t0627-04578-00282.jpg',1940),(916,3,2,2,NULL,26,'T627','04578','00283','m-t0627-04578-00283.jpg',1940),(917,3,2,2,NULL,26,'T627','04578','00284','m-t0627-04578-00284.jpg',1940),(918,3,2,2,NULL,26,'T627','04578','00285','m-t0627-04578-00285.jpg',1940),(919,3,2,2,NULL,26,'T627','04578','00286','m-t0627-04578-00286.jpg',1940),(920,3,2,2,NULL,26,'T627','04578','00287','m-t0627-04578-00287.jpg',1940),(921,3,2,2,NULL,26,'T627','04578','00288','m-t0627-04578-00288.jpg',1940),(922,3,2,2,NULL,26,'T627','04578','00289','m-t0627-04578-00289.jpg',1940),(923,3,2,2,NULL,26,'T627','04578','00290','m-t0627-04578-00290.jpg',1940),(924,3,2,2,NULL,26,'T627','04578','00291','m-t0627-04578-00291.jpg',1940),(925,3,2,2,NULL,26,'T627','04578','00292','m-t0627-04578-00292.jpg',1940),(926,3,2,2,NULL,26,'T627','04578','00293','m-t0627-04578-00293.jpg',1940),(927,3,2,2,NULL,26,'T627','04578','00294','m-t0627-04578-00294.jpg',1940),(928,3,2,2,NULL,26,'T627','04578','00295','m-t0627-04578-00295.jpg',1940),(929,3,2,2,NULL,26,'T627','04578','00296','m-t0627-04578-00296.jpg',1940),(930,3,2,2,NULL,26,'T627','04578','00297','m-t0627-04578-00297.jpg',1940),(931,2,2,2,NULL,27,'T1224','00118','01048','m-t1224-00118-01048.jpg',1940),(932,3,2,2,NULL,27,'T627','04578','00298','m-t0627-04578-00298.jpg',1940),(933,3,2,2,NULL,27,'T627','04578','00299','m-t0627-04578-00299.jpg',1940),(934,3,2,2,NULL,27,'T627','04578','00300','m-t0627-04578-00300.jpg',1940),(935,3,2,2,NULL,27,'T627','04578','00301','m-t0627-04578-00301.jpg',1940),(936,3,2,2,NULL,27,'T627','04578','00302','m-t0627-04578-00302.jpg',1940),(937,3,2,2,NULL,27,'T627','04578','00303','m-t0627-04578-00303.jpg',1940),(938,3,2,2,NULL,27,'T627','04578','00304','m-t0627-04578-00304.jpg',1940),(939,3,2,2,NULL,27,'T627','04578','00305','m-t0627-04578-00305.jpg',1940),(940,3,2,2,NULL,27,'T627','04578','00306','m-t0627-04578-00306.jpg',1940),(941,3,2,2,NULL,27,'T627','04578','00307','m-t0627-04578-00307.jpg',1940),(942,3,2,2,NULL,27,'T627','04578','00308','m-t0627-04578-00308.jpg',1940),(943,3,2,2,NULL,27,'T627','04578','00309','m-t0627-04578-00309.jpg',1940),(944,3,2,2,NULL,27,'T627','04578','00310','m-t0627-04578-00310.jpg',1940),(945,3,2,2,NULL,27,'T627','04578','00311','m-t0627-04578-00311.jpg',1940),(946,3,2,2,NULL,27,'T627','04578','00312','m-t0627-04578-00312.jpg',1940),(947,3,2,2,NULL,27,'T627','04578','00313','m-t0627-04578-00313.jpg',1940),(948,3,2,2,NULL,27,'T627','04578','00314','m-t0627-04578-00314.jpg',1940),(949,3,2,2,NULL,27,'T627','04578','00315','m-t0627-04578-00315.jpg',1940),(950,3,2,2,NULL,27,'T627','04578','00316','m-t0627-04578-00316.jpg',1940),(951,3,2,2,NULL,27,'T627','04578','00317','m-t0627-04578-00317.jpg',1940),(952,3,2,2,NULL,27,'T627','04578','00318','m-t0627-04578-00318.jpg',1940),(953,3,2,2,NULL,27,'T627','04578','00319','m-t0627-04578-00319.jpg',1940),(954,3,2,2,NULL,27,'T627','04578','00320','m-t0627-04578-00320.jpg',1940),(955,3,2,2,NULL,27,'T627','04578','00321','m-t0627-04578-00321.jpg',1940),(956,3,2,2,NULL,27,'T627','04578','00322','m-t0627-04578-00322.jpg',1940),(957,3,2,2,NULL,27,'T627','04578','00323','m-t0627-04578-00323.jpg',1940),(958,3,2,2,NULL,27,'T627','04578','00324','m-t0627-04578-00324.jpg',1940),(959,3,2,2,NULL,27,'T627','04578','00325','m-t0627-04578-00325.jpg',1940),(960,3,2,2,NULL,27,'T627','04578','00326','m-t0627-04578-00326.jpg',1940),(961,3,2,2,NULL,27,'T627','04578','00327','m-t0627-04578-00327.jpg',1940),(962,3,2,2,NULL,27,'T627','04578','00328','m-t0627-04578-00328.jpg',1940),(963,3,2,2,NULL,27,'T627','04578','00329','m-t0627-04578-00329.jpg',1940),(964,3,2,2,NULL,27,'T627','04578','00330','m-t0627-04578-00330.jpg',1940),(965,3,2,2,NULL,27,'T627','04578','00331','m-t0627-04578-00331.jpg',1940),(966,3,2,2,NULL,27,'T627','04578','00332','m-t0627-04578-00332.jpg',1940),(967,3,2,2,NULL,27,'T627','04578','00333','m-t0627-04578-00333.jpg',1940),(968,3,2,2,NULL,27,'T627','04578','00334','m-t0627-04578-00334.jpg',1940),(969,3,2,2,NULL,27,'T627','04578','00335','m-t0627-04578-00335.jpg',1940),(970,3,2,2,NULL,27,'T627','04578','00336','m-t0627-04578-00336.jpg',1940),(971,3,2,2,NULL,27,'T627','04578','00337','m-t0627-04578-00337.jpg',1940),(972,3,2,2,NULL,27,'T627','04578','00338','m-t0627-04578-00338.jpg',1940),(973,3,2,2,NULL,27,'T627','04578','00339','m-t0627-04578-00339.jpg',1940),(974,3,2,2,NULL,27,'T627','04578','00340','m-t0627-04578-00340.jpg',1940),(975,3,2,2,NULL,27,'T627','04578','00341','m-t0627-04578-00341.jpg',1940),(976,3,2,2,NULL,27,'T627','04578','00342','m-t0627-04578-00342.jpg',1940),(977,3,2,2,NULL,27,'T627','04578','00343','m-t0627-04578-00343.jpg',1940),(978,3,2,2,NULL,27,'T627','04578','00344','m-t0627-04578-00344.jpg',1940),(979,3,2,2,NULL,27,'T627','04578','00345','m-t0627-04578-00345.jpg',1940),(980,3,2,2,NULL,27,'T627','04578','00346','m-t0627-04578-00346.jpg',1940),(981,3,2,2,NULL,27,'T627','04578','00347','m-t0627-04578-00347.jpg',1940),(982,3,2,2,NULL,27,'T627','04578','00348','m-t0627-04578-00348.jpg',1940),(983,3,2,2,NULL,27,'T627','04578','00349','m-t0627-04578-00349.jpg',1940),(984,3,2,2,NULL,27,'T627','04578','00350','m-t0627-04578-00350.jpg',1940),(985,3,2,2,NULL,27,'T627','04578','00351','m-t0627-04578-00351.jpg',1940),(986,3,2,2,NULL,27,'T627','04578','00352','m-t0627-04578-00352.jpg',1940),(987,2,2,2,NULL,28,'T1224','00118','01049','m-t1224-00118-01049.jpg',1940),(988,3,2,2,NULL,28,'T627','04578','00353','m-t0627-04578-00353.jpg',1940),(989,3,2,2,NULL,28,'T627','04578','00354','m-t0627-04578-00354.jpg',1940),(990,3,2,2,NULL,28,'T627','04578','00355','m-t0627-04578-00355.jpg',1940),(991,3,2,2,NULL,28,'T627','04578','00356','m-t0627-04578-00356.jpg',1940),(992,3,2,2,NULL,28,'T627','04578','00357','m-t0627-04578-00357.jpg',1940),(993,3,2,2,NULL,28,'T627','04578','00358','m-t0627-04578-00358.jpg',1940),(994,2,2,2,NULL,29,'T1224','00118','01049','m-t1224-00118-01049.jpg',1940),(995,3,2,2,NULL,29,'T627','04578','00359','m-t0627-04578-00359.jpg',1940),(996,3,2,2,NULL,29,'T627','04578','00360','m-t0627-04578-00360.jpg',1940),(997,2,2,2,NULL,30,'T1224','00118','01049','m-t1224-00118-01049.jpg',1940),(998,3,2,2,NULL,30,'T627','04578','00361','m-t0627-04578-00361.jpg',1940),(999,3,2,2,NULL,30,'T627','04578','00362','m-t0627-04578-00362.jpg',1940),(1000,2,2,2,NULL,31,'T1224','00118','01049','m-t1224-00118-01049.jpg',1940),(1001,3,2,2,NULL,31,'T627','04578','00363','m-t0627-04578-00363.jpg',1940),(1002,3,2,2,NULL,31,'T627','04578','00364','m-t0627-04578-00364.jpg',1940),(1003,2,2,2,NULL,32,'T1224','00118','01049','m-t1224-00118-01049.jpg',1940),(1004,3,2,2,NULL,32,'T627','04578','00365','m-t0627-04578-00365.jpg',1940),(1005,3,2,2,NULL,32,'T627','04578','00366','m-t0627-04578-00366.jpg',1940),(1006,2,2,2,NULL,33,'T1224','00118','01049','m-t1224-00118-01049.jpg',1940),(1007,3,2,2,NULL,33,'T627','04578','00367','m-t0627-04578-00367.jpg',1940),(1008,3,2,2,NULL,33,'T627','04578','00368','m-t0627-04578-00368.jpg',1940),(1009,2,2,2,NULL,34,'T1224','00118','01050','m-t1224-00118-01050.jpg',1940),(1010,3,2,2,NULL,34,'T627','04578','00369','m-t0627-04578-00369.jpg',1940),(1011,3,2,2,NULL,34,'T627','04578','00370','m-t0627-04578-00370.jpg',1940),(1012,3,2,2,NULL,34,'T627','04578','00371','m-t0627-04578-00371.jpg',1940),(1013,3,2,2,NULL,34,'T627','04578','00372','m-t0627-04578-00372.jpg',1940),(1014,3,2,2,NULL,34,'T627','04578','00373','m-t0627-04578-00373.jpg',1940),(1015,3,2,2,NULL,34,'T627','04578','00374','m-t0627-04578-00374.jpg',1940),(1016,3,2,2,NULL,34,'T627','04578','00375','m-t0627-04578-00375.jpg',1940),(1017,3,2,2,NULL,34,'T627','04578','00376','m-t0627-04578-00376.jpg',1940),(1018,3,2,2,NULL,34,'T627','04578','00377','m-t0627-04578-00377.jpg',1940),(1019,3,2,2,NULL,34,'T627','04578','00378','m-t0627-04578-00378.jpg',1940),(1020,3,2,2,NULL,34,'T627','04578','00379','m-t0627-04578-00379.jpg',1940),(1021,3,2,2,NULL,34,'T627','04578','00380','m-t0627-04578-00380.jpg',1940),(1022,3,2,2,NULL,34,'T627','04578','00381','m-t0627-04578-00381.jpg',1940),(1023,3,2,2,NULL,34,'T627','04578','00382','m-t0627-04578-00382.jpg',1940),(1024,3,2,2,NULL,34,'T627','04578','00383','m-t0627-04578-00383.jpg',1940),(1025,3,2,2,NULL,34,'T627','04578','00384','m-t0627-04578-00384.jpg',1940),(1026,3,2,2,NULL,34,'T627','04578','00385','m-t0627-04578-00385.jpg',1940),(1027,3,2,2,NULL,34,'T627','04578','00386','m-t0627-04578-00386.jpg',1940),(1028,3,2,2,NULL,34,'T627','04578','00387','m-t0627-04578-00387.jpg',1940),(1029,3,2,2,NULL,34,'T627','04578','00388','m-t0627-04578-00388.jpg',1940),(1030,3,2,2,NULL,34,'T627','04578','00389','m-t0627-04578-00389.jpg',1940),(1031,3,2,2,NULL,34,'T627','04578','00390','m-t0627-04578-00390.jpg',1940),(1032,2,2,2,NULL,35,'T1224','00118','01050','m-t1224-00118-01050.jpg',1940),(1033,3,2,2,NULL,35,'T627','04578','00391','m-t0627-04578-00391.jpg',1940),(1034,3,2,2,NULL,35,'T627','04578','00392','m-t0627-04578-00392.jpg',1940),(1035,3,2,2,NULL,35,'T627','04578','00393','m-t0627-04578-00393.jpg',1940),(1036,3,2,2,NULL,35,'T627','04578','00394','m-t0627-04578-00394.jpg',1940),(1037,3,2,2,NULL,35,'T627','04578','00395','m-t0627-04578-00395.jpg',1940),(1038,3,2,2,NULL,35,'T627','04578','00396','m-t0627-04578-00396.jpg',1940),(1039,3,2,2,NULL,35,'T627','04578','00397','m-t0627-04578-00397.jpg',1940),(1040,3,2,2,NULL,35,'T627','04578','00398','m-t0627-04578-00398.jpg',1940),(1041,2,2,2,NULL,36,'T1224','00118','01050','m-t1224-00118-01050.jpg',1940),(1042,3,2,2,NULL,36,'T627','04578','00399','m-t0627-04578-00399.jpg',1940),(1043,3,2,2,NULL,36,'T627','04578','00400','m-t0627-04578-00400.jpg',1940),(1044,3,2,2,NULL,36,'T627','04578','00401','m-t0627-04578-00401.jpg',1940),(1045,3,2,2,NULL,36,'T627','04578','00402','m-t0627-04578-00402.jpg',1940),(1046,3,2,2,NULL,36,'T627','04578','00403','m-t0627-04578-00403.jpg',1940),(1047,3,2,2,NULL,36,'T627','04578','00404','m-t0627-04578-00404.jpg',1940),(1048,3,2,2,NULL,36,'T627','04578','00405','m-t0627-04578-00405.jpg',1940),(1049,3,2,2,NULL,36,'T627','04578','00406','m-t0627-04578-00406.jpg',1940),(1050,2,2,2,NULL,37,'T1224','00118','01051','m-t1224-00118-01051.jpg',1940),(1051,3,2,2,NULL,37,'T627','04578','00407','m-t0627-04578-00407.jpg',1940),(1052,3,2,2,NULL,37,'T627','04578','00408','m-t0627-04578-00408.jpg',1940),(1053,3,2,2,NULL,37,'T627','04578','00409','m-t0627-04578-00409.jpg',1940),(1054,3,2,2,NULL,37,'T627','04578','00410','m-t0627-04578-00410.jpg',1940),(1055,3,2,2,NULL,37,'T627','04578','00411','m-t0627-04578-00411.jpg',1940),(1056,3,2,2,NULL,37,'T627','04578','00412','m-t0627-04578-00412.jpg',1940),(1057,2,2,2,NULL,38,'T1224','00118','01051','m-t1224-00118-01051.jpg',1940),(1058,3,2,2,NULL,38,'T627','04578','00413','m-t0627-04578-00413.jpg',1940),(1059,3,2,2,NULL,38,'T627','04578','00414','m-t0627-04578-00414.jpg',1940),(1060,3,2,2,NULL,38,'T627','04578','00415','m-t0627-04578-00415.jpg',1940),(1061,3,2,2,NULL,38,'T627','04578','00416','m-t0627-04578-00416.jpg',1940),(1062,3,2,2,NULL,38,'T627','04578','00417','m-t0627-04578-00417.jpg',1940),(1063,3,2,2,NULL,38,'T627','04578','00418','m-t0627-04578-00418.jpg',1940),(1064,3,2,2,NULL,38,'T627','04578','00419','m-t0627-04578-00419.jpg',1940),(1065,3,2,2,NULL,38,'T627','04578','00420','m-t0627-04578-00420.jpg',1940),(1066,3,2,2,NULL,38,'T627','04578','00421','m-t0627-04578-00421.jpg',1940),(1067,3,2,2,NULL,38,'T627','04578','00422','m-t0627-04578-00422.jpg',1940),(1068,3,2,2,NULL,38,'T627','04578','00423','m-t0627-04578-00423.jpg',1940),(1069,3,2,2,NULL,38,'T627','04578','00424','m-t0627-04578-00424.jpg',1940),(1070,3,2,2,NULL,38,'T627','04578','00425','m-t0627-04578-00425.jpg',1940),(1071,3,2,2,NULL,38,'T627','04578','00426','m-t0627-04578-00426.jpg',1940),(1072,3,2,2,NULL,38,'T627','04578','00427','m-t0627-04578-00427.jpg',1940),(1073,3,2,2,NULL,38,'T627','04578','00428','m-t0627-04578-00428.jpg',1940),(1074,3,2,2,NULL,38,'T627','04578','00429','m-t0627-04578-00429.jpg',1940),(1075,3,2,2,NULL,38,'T627','04578','00430','m-t0627-04578-00430.jpg',1940),(1076,3,2,2,NULL,38,'T627','04578','00431','m-t0627-04578-00431.jpg',1940),(1077,3,2,2,NULL,38,'T627','04578','00432','m-t0627-04578-00432.jpg',1940),(1078,3,2,2,NULL,38,'T627','04578','00433','m-t0627-04578-00433.jpg',1940),(1079,3,2,2,NULL,38,'T627','04578','00434','m-t0627-04578-00434.jpg',1940),(1080,2,2,2,NULL,39,'T1224','00118','01052','m-t1224-00118-01052.jpg',1940),(1081,3,2,2,NULL,39,'T627','04578','00435','m-t0627-04578-00435.jpg',1940),(1082,3,2,2,NULL,39,'T627','04578','00436','m-t0627-04578-00436.jpg',1940),(1083,2,2,2,NULL,40,'T1224','00118','01052','m-t1224-00118-01052.jpg',1940),(1084,3,2,2,NULL,40,'T627','04578','00437','m-t0627-04578-00437.jpg',1940),(1085,3,2,2,NULL,40,'T627','04578','00438','m-t0627-04578-00438.jpg',1940),(1086,3,2,2,NULL,40,'T627','04578','00439','m-t0627-04578-00439.jpg',1940),(1087,3,2,2,NULL,40,'T627','04578','00440','m-t0627-04578-00440.jpg',1940),(1088,3,2,2,NULL,40,'T627','04578','00441','m-t0627-04578-00441.jpg',1940),(1089,3,2,2,NULL,40,'T627','04578','00442','m-t0627-04578-00442.jpg',1940),(1090,2,2,2,NULL,41,'T1224','00118','01052','m-t1224-00118-01052.jpg',1940),(1091,3,2,2,NULL,41,'T627','04578','00443','m-t0627-04578-00443.jpg',1940),(1092,3,2,2,NULL,41,'T627','04578','00444','m-t0627-04578-00444.jpg',1940),(1093,3,2,2,NULL,41,'T627','04578','00445','m-t0627-04578-00445.jpg',1940),(1094,3,2,2,NULL,41,'T627','04578','00446','m-t0627-04578-00446.jpg',1940),(1095,3,2,2,NULL,41,'T627','04578','00447','m-t0627-04578-00447.jpg',1940),(1096,3,2,2,NULL,41,'T627','04578','00448','m-t0627-04578-00448.jpg',1940),(1097,3,2,2,NULL,41,'T627','04578','00449','m-t0627-04578-00449.jpg',1940),(1098,3,2,2,NULL,41,'T627','04578','00450','m-t0627-04578-00450.jpg',1940),(1099,3,2,2,NULL,41,'T627','04578','00451','m-t0627-04578-00451.jpg',1940),(1100,3,2,2,NULL,41,'T627','04578','00452','m-t0627-04578-00452.jpg',1940),(1101,3,2,2,NULL,41,'T627','04578','00453','m-t0627-04578-00453.jpg',1940),(1102,3,2,2,NULL,41,'T627','04578','00454','m-t0627-04578-00454.jpg',1940),(1103,3,2,2,NULL,41,'T627','04578','00455','m-t0627-04578-00455.jpg',1940),(1104,3,2,2,NULL,41,'T627','04578','00456','m-t0627-04578-00456.jpg',1940),(1105,2,2,2,NULL,42,'T1224','00118','01053','m-t1224-00118-01053.jpg',1940),(1106,3,2,2,NULL,42,'T627','04578','01154','m-t0627-04578-01154.jpg',1940),(1107,3,2,2,NULL,42,'T627','04578','01155','m-t0627-04578-01155.jpg',1940),(1108,3,2,2,NULL,42,'T627','04578','01156','m-t0627-04578-01156.jpg',1940),(1109,3,2,2,NULL,42,'T627','04578','01157','m-t0627-04578-01157.jpg',1940),(1110,3,2,2,NULL,42,'T627','04578','01158','m-t0627-04578-01158.jpg',1940),(1111,3,2,2,NULL,42,'T627','04578','01159','m-t0627-04578-01159.jpg',1940),(1112,3,2,2,NULL,42,'T627','04578','01160','m-t0627-04578-01160.jpg',1940),(1113,3,2,2,NULL,42,'T627','04578','01161','m-t0627-04578-01161.jpg',1940),(1114,3,2,2,NULL,42,'T627','04578','01162','m-t0627-04578-01162.jpg',1940),(1115,3,2,2,NULL,42,'T627','04578','01163','m-t0627-04578-01163.jpg',1940),(1116,3,2,2,NULL,42,'T627','04578','01164','m-t0627-04578-01164.jpg',1940),(1117,3,2,2,NULL,42,'T627','04578','01165','m-t0627-04578-01165.jpg',1940),(1118,3,2,2,NULL,42,'T627','04578','01166','m-t0627-04578-01166.jpg',1940),(1119,3,2,2,NULL,42,'T627','04578','01167','m-t0627-04578-01167.jpg',1940),(1120,3,2,2,NULL,42,'T627','04578','01168','m-t0627-04578-01168.jpg',1940),(1121,3,2,2,NULL,42,'T627','04578','01169','m-t0627-04578-01169.jpg',1940),(1122,3,2,2,NULL,42,'T627','04578','01170','m-t0627-04578-01170.jpg',1940),(1123,3,2,2,NULL,42,'T627','04578','01171','m-t0627-04578-01171.jpg',1940),(1124,3,2,2,NULL,42,'T627','04578','01172','m-t0627-04578-01172.jpg',1940),(1125,3,2,2,NULL,42,'T627','04578','01173','m-t0627-04578-01173.jpg',1940),(1126,3,2,2,NULL,42,'T627','04578','01174','m-t0627-04578-01174.jpg',1940),(1127,3,2,2,NULL,42,'T627','04578','01175','m-t0627-04578-01175.jpg',1940),(1128,3,2,2,NULL,42,'T627','04578','01176','m-t0627-04578-01176.jpg',1940),(1129,3,2,2,NULL,42,'T627','04578','01177','m-t0627-04578-01177.jpg',1940),(1130,3,2,2,NULL,42,'T627','04578','01178','m-t0627-04578-01178.jpg',1940),(1131,3,2,2,NULL,42,'T627','04578','01179','m-t0627-04578-01179.jpg',1940),(1132,3,2,2,NULL,42,'T627','04578','01180','m-t0627-04578-01180.jpg',1940),(1133,3,2,2,NULL,42,'T627','04578','01181','m-t0627-04578-01181.jpg',1940),(1134,3,2,2,NULL,42,'T627','04578','01182','m-t0627-04578-01182.jpg',1940),(1135,3,2,2,NULL,42,'T627','04578','01183','m-t0627-04578-01183.jpg',1940),(1136,3,2,2,NULL,42,'T627','04578','01184','m-t0627-04578-01184.jpg',1940),(1137,3,2,2,NULL,42,'T627','04578','01185','m-t0627-04578-01185.jpg',1940),(1138,2,2,2,NULL,43,'T1224','00118','01053','m-t1224-00118-01053.jpg',1940),(1139,3,2,2,NULL,43,'T627','04578','01186','m-t0627-04578-01186.jpg',1940),(1140,3,2,2,NULL,43,'T627','04578','01187','m-t0627-04578-01187.jpg',1940),(1141,3,2,2,NULL,43,'T627','04578','01188','m-t0627-04578-01188.jpg',1940),(1142,3,2,2,NULL,43,'T627','04578','01189','m-t0627-04578-01189.jpg',1940),(1143,3,2,2,NULL,43,'T627','04578','01190','m-t0627-04578-01190.jpg',1940),(1144,3,2,2,NULL,43,'T627','04578','01191','m-t0627-04578-01191.jpg',1940),(1145,3,2,2,NULL,43,'T627','04578','01192','m-t0627-04578-01192.jpg',1940),(1146,3,2,2,NULL,43,'T627','04578','01193','m-t0627-04578-01193.jpg',1940),(1147,3,2,2,NULL,43,'T627','04578','01194','m-t0627-04578-01194.jpg',1940),(1148,3,2,2,NULL,43,'T627','04578','01195','m-t0627-04578-01195.jpg',1940),(1149,2,2,2,NULL,44,'T1224','00118','01053','m-t1224-00118-01053.jpg',1940),(1150,3,2,2,NULL,44,'T627','04578','01196','m-t0627-04578-01196.jpg',1940),(1151,3,2,2,NULL,44,'T627','04578','01197','m-t0627-04578-01197.jpg',1940),(1152,3,2,2,NULL,44,'T627','04578','01198','m-t0627-04578-01198.jpg',1940),(1153,3,2,2,NULL,44,'T627','04578','01199','m-t0627-04578-01199.jpg',1940),(1154,3,2,2,NULL,44,'T627','04578','01200','m-t0627-04578-01200.jpg',1940),(1155,3,2,2,NULL,44,'T627','04578','01201','m-t0627-04578-01201.jpg',1940),(1156,3,2,2,NULL,44,'T627','04578','01202','m-t0627-04578-01202.jpg',1940),(1157,3,2,2,NULL,44,'T627','04578','01203','m-t0627-04578-01203.jpg',1940),(1158,3,2,2,NULL,44,'T627','04578','01204','m-t0627-04578-01204.jpg',1940),(1159,3,2,2,NULL,44,'T627','04578','01205','m-t0627-04578-01205.jpg',1940),(1160,3,2,2,NULL,44,'T627','04578','01206','m-t0627-04578-01206.jpg',1940),(1161,3,2,2,NULL,44,'T627','04578','01207','m-t0627-04578-01207.jpg',1940),(1162,3,2,2,NULL,44,'T627','04578','01208','m-t0627-04578-01208.jpg',1940),(1163,3,2,2,NULL,44,'T627','04578','01209','m-t0627-04578-01209.jpg',1940),(1164,3,2,2,NULL,44,'T627','04578','01210','m-t0627-04578-01210.jpg',1940),(1165,3,2,2,NULL,44,'T627','04578','01211','m-t0627-04578-01211.jpg',1940),(1166,3,2,2,NULL,44,'T627','04578','01212','m-t0627-04578-01212.jpg',1940),(1167,3,2,2,NULL,44,'T627','04578','01213','m-t0627-04578-01213.jpg',1940),(1168,3,2,2,NULL,44,'T627','04578','01214','m-t0627-04578-01214.jpg',1940),(1169,3,2,2,NULL,44,'T627','04578','01215','m-t0627-04578-01215.jpg',1940),(1170,3,2,2,NULL,44,'T627','04578','01216','m-t0627-04578-01216.jpg',1940),(1171,3,2,2,NULL,44,'T627','04578','01217','m-t0627-04578-01217.jpg',1940),(1172,3,2,2,NULL,44,'T627','04578','01218','m-t0627-04578-01218.jpg',1940),(1173,3,2,2,NULL,44,'T627','04578','01219','m-t0627-04578-01219.jpg',1940),(1174,3,2,2,NULL,44,'T627','04578','01220','m-t0627-04578-01220.jpg',1940),(1175,3,2,2,NULL,44,'T627','04578','01221','m-t0627-04578-01221.jpg',1940),(1176,3,2,2,NULL,44,'T627','04578','01222','m-t0627-04578-01222.jpg',1940),(1177,3,2,2,NULL,44,'T627','04578','01223','m-t0627-04578-01223.jpg',1940),(1178,3,2,2,NULL,44,'T627','04578','01224','m-t0627-04578-01224.jpg',1940),(1179,3,2,2,NULL,44,'T627','04578','01225','m-t0627-04578-01225.jpg',1940),(1180,3,2,2,NULL,44,'T627','04578','01226','m-t0627-04578-01226.jpg',1940),(1181,3,2,2,NULL,44,'T627','04578','01227','m-t0627-04578-01227.jpg',1940),(1182,3,2,2,NULL,44,'T627','04578','01228','m-t0627-04578-01228.jpg',1940),(1183,3,2,2,NULL,44,'T627','04578','01229','m-t0627-04578-01229.jpg',1940),(1184,3,2,2,NULL,44,'T627','04578','01230','m-t0627-04578-01230.jpg',1940),(1185,3,2,2,NULL,44,'T627','04578','01231','m-t0627-04578-01231.jpg',1940),(1186,3,2,2,NULL,44,'T627','04578','01232','m-t0627-04578-01232.jpg',1940),(1187,3,2,2,NULL,44,'T627','04578','01233','m-t0627-04578-01233.jpg',1940),(1188,2,2,2,NULL,45,'T1224','00118','01054','m-t1224-00118-01054.jpg',1940),(1189,3,2,2,NULL,45,'T627','04578','01234','m-t0627-04578-01234.jpg',1940),(1190,3,2,2,NULL,45,'T627','04578','01235','m-t0627-04578-01235.jpg',1940),(1191,3,2,2,NULL,45,'T627','04578','01236','m-t0627-04578-01236.jpg',1940),(1192,3,2,2,NULL,45,'T627','04578','01237','m-t0627-04578-01237.jpg',1940),(1193,3,2,2,NULL,45,'T627','04578','01238','m-t0627-04578-01238.jpg',1940),(1194,3,2,2,NULL,45,'T627','04578','01239','m-t0627-04578-01239.jpg',1940),(1195,3,2,2,NULL,45,'T627','04578','01240','m-t0627-04578-01240.jpg',1940),(1196,3,2,2,NULL,45,'T627','04578','01241','m-t0627-04578-01241.jpg',1940),(1197,3,2,2,NULL,45,'T627','04578','01242','m-t0627-04578-01242.jpg',1940),(1198,3,2,2,NULL,45,'T627','04578','01243','m-t0627-04578-01243.jpg',1940),(1199,3,2,2,NULL,45,'T627','04578','01244','m-t0627-04578-01244.jpg',1940),(1200,3,2,2,NULL,45,'T627','04578','01245','m-t0627-04578-01245.jpg',1940),(1201,3,2,2,NULL,45,'T627','04578','01246','m-t0627-04578-01246.jpg',1940),(1202,3,2,2,NULL,45,'T627','04578','01247','m-t0627-04578-01247.jpg',1940),(1203,2,2,2,NULL,46,'T1224','00118','01054','m-t1224-00118-01054.jpg',1940),(1204,3,2,2,NULL,46,'T627','04578','01248','m-t0627-04578-01248.jpg',1940),(1205,3,2,2,NULL,46,'T627','04578','01249','m-t0627-04578-01249.jpg',1940),(1206,3,2,2,NULL,46,'T627','04578','01250','m-t0627-04578-01250.jpg',1940),(1207,3,2,2,NULL,46,'T627','04578','01251','m-t0627-04578-01251.jpg',1940),(1208,2,2,2,NULL,47,'T1224','00118','01054','m-t1224-00118-01054.jpg',1940),(1209,3,2,2,NULL,47,'T627','04578','01252','m-t0627-04578-01252.jpg',1940),(1210,3,2,2,NULL,47,'T627','04578','01253','m-t0627-04578-01253.jpg',1940),(1211,2,2,2,NULL,48,'T1224','00118','01054','m-t1224-00118-01054.jpg',1940),(1212,3,2,2,NULL,48,'T627','04578','01254','m-t0627-04578-01254.jpg',1940),(1213,3,2,2,NULL,48,'T627','04578','01255','m-t0627-04578-01255.jpg',1940),(1214,3,2,2,NULL,48,'T627','04578','01256','m-t0627-04578-01256.jpg',1940),(1215,3,2,2,NULL,48,'T627','04578','01257','m-t0627-04578-01257.jpg',1940),(1216,3,2,2,NULL,48,'T627','04578','01258','m-t0627-04578-01258.jpg',1940),(1217,3,2,2,NULL,48,'T627','04578','01259','m-t0627-04578-01259.jpg',1940),(1218,3,2,2,NULL,48,'T627','04578','01260','m-t0627-04578-01260.jpg',1940),(1219,3,2,2,NULL,48,'T627','04578','01261','m-t0627-04578-01261.jpg',1940),(1220,3,2,2,NULL,48,'T627','04578','01262','m-t0627-04578-01262.jpg',1940),(1221,3,2,2,NULL,48,'T627','04578','01263','m-t0627-04578-01263.jpg',1940),(1222,3,2,2,NULL,48,'T627','04578','01264','m-t0627-04578-01264.jpg',1940),(1223,3,2,2,NULL,48,'T627','04578','01265','m-t0627-04578-01265.jpg',1940),(1224,3,2,2,NULL,48,'T627','04578','01266','m-t0627-04578-01266.jpg',1940),(1225,3,2,2,NULL,48,'T627','04578','01267','m-t0627-04578-01267.jpg',1940),(1226,3,2,2,NULL,48,'T627','04578','01268','m-t0627-04578-01268.jpg',1940),(1227,3,2,2,NULL,48,'T627','04578','01269','m-t0627-04578-01269.jpg',1940),(1228,3,2,2,NULL,48,'T627','04578','01270','m-t0627-04578-01270.jpg',1940),(1229,3,2,2,NULL,48,'T627','04578','01271','m-t0627-04578-01271.jpg',1940),(1230,2,2,2,NULL,49,'T1224','00118','01055','m-t1224-00118-01055.jpg',1940),(1231,3,2,2,NULL,49,'T627','04578','00986','m-t0627-04578-00986.jpg',1940),(1232,3,2,2,NULL,49,'T627','04578','00987','m-t0627-04578-00987.jpg',1940),(1233,3,2,2,NULL,49,'T627','04578','00988','m-t0627-04578-00988.jpg',1940),(1234,3,2,2,NULL,49,'T627','04578','00989','m-t0627-04578-00989.jpg',1940),(1235,3,2,2,NULL,49,'T627','04578','00990','m-t0627-04578-00990.jpg',1940),(1236,3,2,2,NULL,49,'T627','04578','00991','m-t0627-04578-00991.jpg',1940),(1237,3,2,2,NULL,49,'T627','04578','00992','m-t0627-04578-00992.jpg',1940),(1238,3,2,2,NULL,49,'T627','04578','00993','m-t0627-04578-00993.jpg',1940),(1239,3,2,2,NULL,49,'T627','04578','00994','m-t0627-04578-00994.jpg',1940),(1240,3,2,2,NULL,49,'T627','04578','00995','m-t0627-04578-00995.jpg',1940),(1241,3,2,2,NULL,49,'T627','04578','00996','m-t0627-04578-00996.jpg',1940),(1242,3,2,2,NULL,49,'T627','04578','00997','m-t0627-04578-00997.jpg',1940),(1243,3,2,2,NULL,49,'T627','04578','00998','m-t0627-04578-00998.jpg',1940),(1244,3,2,2,NULL,49,'T627','04578','00999','m-t0627-04578-00999.jpg',1940),(1245,3,2,2,NULL,49,'T627','04578','01000','m-t0627-04578-01000.jpg',1940),(1246,3,2,2,NULL,49,'T627','04578','01001','m-t0627-04578-01001.jpg',1940),(1247,3,2,2,NULL,49,'T627','04578','01002','m-t0627-04578-01002.jpg',1940),(1248,3,2,2,NULL,49,'T627','04578','01003','m-t0627-04578-01003.jpg',1940),(1249,3,2,2,NULL,49,'T627','04578','01004','m-t0627-04578-01004.jpg',1940),(1250,3,2,2,NULL,49,'T627','04578','01005','m-t0627-04578-01005.jpg',1940),(1251,3,2,2,NULL,49,'T627','04578','01006','m-t0627-04578-01006.jpg',1940),(1252,3,2,2,NULL,49,'T627','04578','01007','m-t0627-04578-01007.jpg',1940),(1253,3,2,2,NULL,49,'T627','04578','01008','m-t0627-04578-01008.jpg',1940),(1254,3,2,2,NULL,49,'T627','04578','01009','m-t0627-04578-01009.jpg',1940),(1255,3,2,2,NULL,49,'T627','04578','01010','m-t0627-04578-01010.jpg',1940),(1256,3,2,2,NULL,49,'T627','04578','01011','m-t0627-04578-01011.jpg',1940),(1257,3,2,2,NULL,49,'T627','04578','01012','m-t0627-04578-01012.jpg',1940),(1258,3,2,2,NULL,49,'T627','04578','01013','m-t0627-04578-01013.jpg',1940),(1259,3,2,2,NULL,49,'T627','04578','01014','m-t0627-04578-01014.jpg',1940),(1260,3,2,2,NULL,49,'T627','04578','01015','m-t0627-04578-01015.jpg',1940),(1261,3,2,2,NULL,49,'T627','04578','01016','m-t0627-04578-01016.jpg',1940),(1262,3,2,2,NULL,49,'T627','04578','01017','m-t0627-04578-01017.jpg',1940),(1263,3,2,2,NULL,49,'T627','04578','01018','m-t0627-04578-01018.jpg',1940),(1264,3,2,2,NULL,49,'T627','04578','01019','m-t0627-04578-01019.jpg',1940),(1265,3,2,2,NULL,49,'T627','04578','01020','m-t0627-04578-01020.jpg',1940),(1266,3,2,2,NULL,49,'T627','04578','01021','m-t0627-04578-01021.jpg',1940),(1267,3,2,2,NULL,49,'T627','04578','01022','m-t0627-04578-01022.jpg',1940),(1268,3,2,2,NULL,49,'T627','04578','01023','m-t0627-04578-01023.jpg',1940),(1269,3,2,2,NULL,49,'T627','04578','01024','m-t0627-04578-01024.jpg',1940),(1270,3,2,2,NULL,49,'T627','04578','01025','m-t0627-04578-01025.jpg',1940),(1271,3,2,2,NULL,49,'T627','04578','01026','m-t0627-04578-01026.jpg',1940),(1272,3,2,2,NULL,49,'T627','04578','01027','m-t0627-04578-01027.jpg',1940),(1273,3,2,2,NULL,49,'T627','04578','01028','m-t0627-04578-01028.jpg',1940),(1274,3,2,2,NULL,49,'T627','04578','01029','m-t0627-04578-01029.jpg',1940),(1275,3,2,2,NULL,49,'T627','04578','01030','m-t0627-04578-01030.jpg',1940),(1276,3,2,2,NULL,49,'T627','04578','01031','m-t0627-04578-01031.jpg',1940),(1277,3,2,2,NULL,49,'T627','04578','01032','m-t0627-04578-01032.jpg',1940),(1278,3,2,2,NULL,49,'T627','04578','01033','m-t0627-04578-01033.jpg',1940),(1279,3,2,2,NULL,49,'T627','04578','01034','m-t0627-04578-01034.jpg',1940),(1280,3,2,2,NULL,49,'T627','04578','01035','m-t0627-04578-01035.jpg',1940),(1281,3,2,2,NULL,49,'T627','04578','01036','m-t0627-04578-01036.jpg',1940),(1282,3,2,2,NULL,49,'T627','04578','01037','m-t0627-04578-01037.jpg',1940),(1283,3,2,2,NULL,49,'T627','04578','01038','m-t0627-04578-01038.jpg',1940),(1284,3,2,2,NULL,49,'T627','04578','01039','m-t0627-04578-01039.jpg',1940),(1285,3,2,2,NULL,49,'T627','04578','01040','m-t0627-04578-01040.jpg',1940),(1286,3,2,2,NULL,49,'T627','04578','01041','m-t0627-04578-01041.jpg',1940),(1287,3,2,2,NULL,49,'T627','04578','01042','m-t0627-04578-01042.jpg',1940),(1288,3,2,2,NULL,49,'T627','04578','01043','m-t0627-04578-01043.jpg',1940),(1289,3,2,2,NULL,49,'T627','04578','01044','m-t0627-04578-01044.jpg',1940),(1290,3,2,2,NULL,49,'T627','04578','01045','m-t0627-04578-01045.jpg',1940),(1291,3,2,2,NULL,49,'T627','04578','01046','m-t0627-04578-01046.jpg',1940),(1292,3,2,2,NULL,49,'T627','04578','01047','m-t0627-04578-01047.jpg',1940),(1293,3,2,2,NULL,49,'T627','04578','01048','m-t0627-04578-01048.jpg',1940),(1294,3,2,2,NULL,49,'T627','04578','01049','m-t0627-04578-01049.jpg',1940),(1295,3,2,2,NULL,49,'T627','04578','01050','m-t0627-04578-01050.jpg',1940),(1296,3,2,2,NULL,49,'T627','04578','01051','m-t0627-04578-01051.jpg',1940),(1297,3,2,2,NULL,49,'T627','04578','01052','m-t0627-04578-01052.jpg',1940),(1298,3,2,2,NULL,49,'T627','04578','01053','m-t0627-04578-01053.jpg',1940),(1299,3,2,2,NULL,49,'T627','04578','01054','m-t0627-04578-01054.jpg',1940),(1300,3,2,2,NULL,49,'T627','04578','01055','m-t0627-04578-01055.jpg',1940),(1301,3,2,2,NULL,49,'T627','04578','01056','m-t0627-04578-01056.jpg',1940),(1302,3,2,2,NULL,49,'T627','04578','01057','m-t0627-04578-01057.jpg',1940),(1303,3,2,2,NULL,49,'T627','04578','01058','m-t0627-04578-01058.jpg',1940),(1304,3,2,2,NULL,49,'T627','04578','01059','m-t0627-04578-01059.jpg',1940),(1305,3,2,2,NULL,49,'T627','04578','01060','m-t0627-04578-01060.jpg',1940),(1306,3,2,2,NULL,49,'T627','04578','01061','m-t0627-04578-01061.jpg',1940),(1307,3,2,2,NULL,49,'T627','04578','01062','m-t0627-04578-01062.jpg',1940),(1308,3,2,2,NULL,49,'T627','04578','01063','m-t0627-04578-01063.jpg',1940),(1309,3,2,2,NULL,49,'T627','04578','01064','m-t0627-04578-01064.jpg',1940),(1310,3,2,2,NULL,49,'T627','04578','01065','m-t0627-04578-01065.jpg',1940),(1311,3,2,2,NULL,49,'T627','04578','01066','m-t0627-04578-01066.jpg',1940),(1312,3,2,2,NULL,49,'T627','04578','01067','m-t0627-04578-01067.jpg',1940),(1313,2,2,2,NULL,50,'T1224','00118','01055','m-t1224-00118-01055.jpg',1940),(1314,3,2,2,NULL,50,'T627','04578','01068','m-t0627-04578-01068.jpg',1940),(1315,3,2,2,NULL,50,'T627','04578','01069','m-t0627-04578-01069.jpg',1940),(1316,3,2,2,NULL,50,'T627','04578','01070','m-t0627-04578-01070.jpg',1940),(1317,3,2,2,NULL,50,'T627','04578','01071','m-t0627-04578-01071.jpg',1940),(1318,3,2,2,NULL,50,'T627','04578','01072','m-t0627-04578-01072.jpg',1940),(1319,3,2,2,NULL,50,'T627','04578','01073','m-t0627-04578-01073.jpg',1940),(1320,2,2,2,NULL,51,'T1224','00118','01055','m-t1224-00118-01055.jpg',1940),(1321,3,2,2,NULL,51,'T627','04578','01074','m-t0627-04578-01074.jpg',1940),(1322,3,2,2,NULL,51,'T627','04578','01075','m-t0627-04578-01075.jpg',1940),(1323,2,2,2,NULL,52,'T1224','00118','01055','m-t1224-00118-01055.jpg',1940),(1324,3,2,2,NULL,52,'T627','04578','01076','m-t0627-04578-01076.jpg',1940),(1325,3,2,2,NULL,52,'T627','04578','01077','m-t0627-04578-01077.jpg',1940),(1326,2,2,2,NULL,53,'T1224','00118','01056','m-t1224-00118-01056.jpg',1940),(1327,3,2,2,NULL,53,'T627','04578','01078','m-t0627-04578-01078.jpg',1940),(1328,3,2,2,NULL,53,'T627','04578','01079','m-t0627-04578-01079.jpg',1940),(1329,3,2,2,NULL,53,'T627','04578','01080','m-t0627-04578-01080.jpg',1940),(1330,3,2,2,NULL,53,'T627','04578','01081','m-t0627-04578-01081.jpg',1940),(1331,2,2,2,NULL,54,'T1224','00118','01056','m-t1224-00118-01056.jpg',1940),(1332,3,2,2,NULL,54,'T627','04578','01082','m-t0627-04578-01082.jpg',1940),(1333,3,2,2,NULL,54,'T627','04578','01083','m-t0627-04578-01083.jpg',1940),(1334,2,2,2,NULL,55,'T1224','00118','01056','m-t1224-00118-01056.jpg',1940),(1335,3,2,2,NULL,55,'T627','04578','01084','m-t0627-04578-01084.jpg',1940),(1336,3,2,2,NULL,55,'T627','04578','01085','m-t0627-04578-01085.jpg',1940),(1337,3,2,2,NULL,55,'T627','04578','01086','m-t0627-04578-01086.jpg',1940),(1338,3,2,2,NULL,55,'T627','04578','01087','m-t0627-04578-01087.jpg',1940),(1339,3,2,2,NULL,55,'T627','04578','01088','m-t0627-04578-01088.jpg',1940),(1340,3,2,2,NULL,55,'T627','04578','01089','m-t0627-04578-01089.jpg',1940),(1341,3,2,2,NULL,55,'T627','04578','01090','m-t0627-04578-01090.jpg',1940),(1342,3,2,2,NULL,55,'T627','04578','01091','m-t0627-04578-01091.jpg',1940),(1343,3,2,2,NULL,55,'T627','04578','01092','m-t0627-04578-01092.jpg',1940),(1344,3,2,2,NULL,55,'T627','04578','01093','m-t0627-04578-01093.jpg',1940),(1345,3,2,2,NULL,55,'T627','04578','01094','m-t0627-04578-01094.jpg',1940),(1346,3,2,2,NULL,55,'T627','04578','01095','m-t0627-04578-01095.jpg',1940),(1347,2,2,2,NULL,56,'T1224','00118','01057','m-t1224-00118-01057.jpg',1940),(1348,3,2,2,NULL,56,'T627','04578','01096','m-t0627-04578-01096.jpg',1940),(1349,3,2,2,NULL,56,'T627','04578','01097','m-t0627-04578-01097.jpg',1940),(1350,2,2,2,NULL,57,'T1224','00118','01057','m-t1224-00118-01057.jpg',1940),(1351,3,2,2,NULL,57,'T627','04578','01098','m-t0627-04578-01098.jpg',1940),(1352,3,2,2,NULL,57,'T627','04578','01099','m-t0627-04578-01099.jpg',1940),(1353,3,2,2,NULL,57,'T627','04578','01100','m-t0627-04578-01100.jpg',1940),(1354,3,2,2,NULL,57,'T627','04578','01101','m-t0627-04578-01101.jpg',1940),(1355,3,2,2,NULL,57,'T627','04578','01102','m-t0627-04578-01102.jpg',1940),(1356,3,2,2,NULL,57,'T627','04578','01103','m-t0627-04578-01103.jpg',1940),(1357,3,2,2,NULL,57,'T627','04578','01104','m-t0627-04578-01104.jpg',1940),(1358,3,2,2,NULL,57,'T627','04578','01105','m-t0627-04578-01105.jpg',1940),(1359,3,2,2,NULL,57,'T627','04578','01106','m-t0627-04578-01106.jpg',1940),(1360,3,2,2,NULL,57,'T627','04578','01107','m-t0627-04578-01107.jpg',1940),(1361,3,2,2,NULL,57,'T627','04578','01108','m-t0627-04578-01108.jpg',1940),(1362,3,2,2,NULL,57,'T627','04578','01109','m-t0627-04578-01109.jpg',1940),(1363,3,2,2,NULL,57,'T627','04578','01110','m-t0627-04578-01110.jpg',1940),(1364,3,2,2,NULL,57,'T627','04578','01111','m-t0627-04578-01111.jpg',1940),(1365,3,2,2,NULL,57,'T627','04578','01112','m-t0627-04578-01112.jpg',1940),(1366,3,2,2,NULL,57,'T627','04578','01113','m-t0627-04578-01113.jpg',1940),(1367,3,2,2,NULL,57,'T627','04578','01114','m-t0627-04578-01114.jpg',1940),(1368,3,2,2,NULL,57,'T627','04578','01115','m-t0627-04578-01115.jpg',1940),(1369,3,2,2,NULL,57,'T627','04578','01116','m-t0627-04578-01116.jpg',1940),(1370,3,2,2,NULL,57,'T627','04578','01117','m-t0627-04578-01117.jpg',1940),(1371,3,2,2,NULL,57,'T627','04578','01118','m-t0627-04578-01118.jpg',1940),(1372,3,2,2,NULL,57,'T627','04578','01119','m-t0627-04578-01119.jpg',1940),(1373,3,2,2,NULL,57,'T627','04578','01120','m-t0627-04578-01120.jpg',1940),(1374,3,2,2,NULL,57,'T627','04578','01121','m-t0627-04578-01121.jpg',1940),(1375,3,2,2,NULL,57,'T627','04578','01122','m-t0627-04578-01122.jpg',1940),(1376,3,2,2,NULL,57,'T627','04578','01124','m-t0627-04578-01124.jpg',1940),(1377,3,2,2,NULL,57,'T627','04578','01125','m-t0627-04578-01125.jpg',1940),(1378,3,2,2,NULL,57,'T627','04578','01126','m-t0627-04578-01126.jpg',1940),(1379,3,2,2,NULL,57,'T627','04578','01127','m-t0627-04578-01127.jpg',1940),(1380,3,2,2,NULL,57,'T627','04578','01128','m-t0627-04578-01128.jpg',1940),(1381,2,2,2,NULL,58,'T1224','00118','01057','m-t1224-00118-01057.jpg',1940),(1382,3,2,2,NULL,58,'T627','04578','01129','m-t0627-04578-01129.jpg',1940),(1383,3,2,2,NULL,58,'T627','04578','01130','m-t0627-04578-01130.jpg',1940),(1384,3,2,2,NULL,58,'T627','04578','01131','m-t0627-04578-01131.jpg',1940),(1385,3,2,2,NULL,58,'T627','04578','01132','m-t0627-04578-01132.jpg',1940),(1386,3,2,2,NULL,58,'T627','04578','01133','m-t0627-04578-01133.jpg',1940),(1387,3,2,2,NULL,58,'T627','04578','01134','m-t0627-04578-01134.jpg',1940),(1388,3,2,2,NULL,58,'T627','04578','01135','m-t0627-04578-01135.jpg',1940),(1389,3,2,2,NULL,58,'T627','04578','01136','m-t0627-04578-01136.jpg',1940),(1390,3,2,2,NULL,58,'T627','04578','01137','m-t0627-04578-01137.jpg',1940),(1391,3,2,2,NULL,58,'T627','04578','01138','m-t0627-04578-01138.jpg',1940),(1392,3,2,2,NULL,58,'T627','04578','01139','m-t0627-04578-01139.jpg',1940),(1393,3,2,2,NULL,58,'T627','04578','01140','m-t0627-04578-01140.jpg',1940),(1394,3,2,2,NULL,58,'T627','04578','01141','m-t0627-04578-01141.jpg',1940),(1395,3,2,2,NULL,58,'T627','04578','01142','m-t0627-04578-01142.jpg',1940),(1396,2,2,2,NULL,59,'T1224','00118','01058','m-t1224-00118-01058.jpg',1940),(1397,3,2,2,NULL,59,'T627','04578','01143','m-t0627-04578-01143.jpg',1940),(1398,3,2,2,NULL,59,'T627','04578','01144','m-t0627-04578-01144.jpg',1940),(1399,3,2,2,NULL,59,'T627','04578','01145','m-t0627-04578-01145.jpg',1940),(1400,3,2,2,NULL,59,'T627','04578','01146','m-t0627-04578-01146.jpg',1940),(1401,3,2,2,NULL,59,'T627','04578','01147','m-t0627-04578-01147.jpg',1940),(1402,3,2,2,NULL,59,'T627','04578','01148','m-t0627-04578-01148.jpg',1940),(1403,3,2,2,NULL,59,'T627','04578','01149','m-t0627-04578-01149.jpg',1940),(1404,3,2,2,NULL,59,'T627','04578','01150','m-t0627-04578-01150.jpg',1940),(1405,3,2,2,NULL,59,'T627','04578','01151','m-t0627-04578-01151.jpg',1940),(1406,3,2,2,NULL,59,'T627','04578','01152','m-t0627-04578-01152.jpg',1940),(1407,1,2,2,1,NULL,'A3378','00073','00041','m-a3378-00073-00041.jpg',1940),(1408,1,2,2,1,NULL,'A3378','00073','00042','m-a3378-00073-00042.jpg',1940),(1409,1,2,2,1,NULL,'A3378','00073','00043','m-a3378-00073-00043.jpg',1940),(1410,1,2,2,1,NULL,'A3378','00073','00044','m-a3378-00073-00044.jpg',1940),(1411,1,2,2,2,NULL,'A3378','00073','00045','m-a3378-00073-00045.jpg',1940),(1412,1,2,2,2,NULL,'A3378','00073','00046','m-a3378-00073-00046.jpg',1940),(1413,1,2,2,2,NULL,'A3378','00073','00047','m-a3378-00073-00047.jpg',1940),(1414,1,2,2,3,NULL,'A3378','00073','00051','m-a3378-00073-00051.jpg',1940),(1415,1,2,2,3,NULL,'A3378','00073','00052','m-a3378-00073-00052.jpg',1940),(1416,1,2,2,3,NULL,'A3378','00073','00053','m-a3378-00073-00053.jpg',1940),(1417,1,2,2,3,NULL,'A3378','00073','00054','m-a3378-00073-00054.jpg',1940),(1418,1,2,2,4,NULL,'A3378','00073','00055','m-a3378-00073-00055.jpg',1940),(1419,1,2,2,4,NULL,'A3378','00073','00056','m-a3378-00073-00056.jpg',1940),(1420,1,2,2,4,NULL,'A3378','00073','00057','m-a3378-00073-00057.jpg',1940),(1421,1,2,2,4,NULL,'A3378','00073','00058','m-a3378-00073-00058.jpg',1940),(1422,1,2,2,4,NULL,'A3378','00073','00059','m-a3378-00073-00059.jpg',1940),(1423,1,2,2,4,NULL,'A3378','00073','00060','m-a3378-00073-00060.jpg',1940),(1424,1,2,2,4,NULL,'A3378','00073','00061','m-a3378-00073-00061.jpg',1940),(1425,1,2,2,4,NULL,'A3378','00073','00062','m-a3378-00073-00062.jpg',1940),(1426,1,2,2,5,NULL,'A3378','00073','00063','m-a3378-00073-00063.jpg',1940),(1427,1,2,2,5,NULL,'A3378','00073','00064','m-a3378-00073-00064.jpg',1940),(1428,1,2,2,5,NULL,'A3378','00073','00065','m-a3378-00073-00065.jpg',1940),(1429,1,2,2,5,NULL,'A3378','00073','00066','m-a3378-00073-00066.jpg',1940),(1430,1,2,2,5,NULL,'A3378','00073','00067','m-a3378-00073-00067.jpg',1940),(1431,1,2,2,5,NULL,'A3378','00073','00068','m-a3378-00073-00068.jpg',1940),(1432,1,2,2,5,NULL,'A3378','00073','00069','m-a3378-00073-00069.jpg',1940),(1433,1,2,2,5,NULL,'A3378','00073','00070','m-a3378-00073-00070.jpg',1940),(1434,1,2,2,NULL,NULL,'A3378','00073','00071','m-a3378-00073-00071.jpg',1940),(1435,1,2,2,NULL,NULL,'A3378','00073','00072','m-a3378-00073-00072.jpg',1940),(1436,1,2,2,NULL,NULL,'A3378','00073','00073','m-a3378-00073-00073.jpg',1940),(1437,1,2,2,NULL,NULL,'A3378','00073','00074','m-a3378-00073-00074.jpg',1940),(1438,1,2,2,NULL,NULL,'A3378','00073','00075','m-a3378-00073-00075.jpg',1940),(1439,1,2,2,NULL,NULL,'A3378','00073','00076','m-a3378-00073-00076.jpg',1940),(1440,2,2,3,NULL,60,'T1224','00118','01088','m-t1224-00118-01088.jpg',1940),(1441,3,2,3,NULL,60,'T627','04581','00259','m-t0627-04581-00259.jpg',1940),(1442,3,2,3,NULL,60,'T627','04581','00260','m-t0627-04581-00260.jpg',1940),(1443,3,2,3,NULL,60,'T627','04581','00261','m-t0627-04581-00261.jpg',1940),(1444,3,2,3,NULL,60,'T627','04581','00262','m-t0627-04581-00262.jpg',1940),(1445,3,2,3,NULL,60,'T627','04581','00263','m-t0627-04581-00263.jpg',1940),(1446,3,2,3,NULL,60,'T627','04581','00264','m-t0627-04581-00264.jpg',1940),(1447,3,2,3,NULL,60,'T627','04581','00265','m-t0627-04581-00265.jpg',1940),(1448,3,2,3,NULL,60,'T627','04581','00266','m-t0627-04581-00266.jpg',1940),(1449,3,2,3,NULL,60,'T627','04581','00267','m-t0627-04581-00267.jpg',1940),(1450,3,2,3,NULL,60,'T627','04581','00268','m-t0627-04581-00268.jpg',1940),(1451,3,2,3,NULL,60,'T627','04581','00269','m-t0627-04581-00269.jpg',1940),(1452,3,2,3,NULL,60,'T627','04581','00270','m-t0627-04581-00270.jpg',1940),(1453,3,2,3,NULL,60,'T627','04581','00271','m-t0627-04581-00271.jpg',1940),(1454,3,2,3,NULL,60,'T627','04581','00272','m-t0627-04581-00272.jpg',1940),(1455,3,2,3,NULL,60,'T627','04581','00273','m-t0627-04581-00273.jpg',1940),(1456,3,2,3,NULL,60,'T627','04581','00274','m-t0627-04581-00274.jpg',1940),(1457,3,2,3,NULL,60,'T627','04581','00275','m-t0627-04581-00275.jpg',1940),(1458,3,2,3,NULL,60,'T627','04581','00276','m-t0627-04581-00276.jpg',1940),(1459,3,2,3,NULL,60,'T627','04581','00277','m-t0627-04581-00277.jpg',1940),(1460,3,2,3,NULL,60,'T627','04581','00278','m-t0627-04581-00278.jpg',1940),(1461,3,2,3,NULL,60,'T627','04581','00279','m-t0627-04581-00279.jpg',1940),(1462,3,2,3,NULL,60,'T627','04581','00280','m-t0627-04581-00280.jpg',1940),(1463,3,2,3,NULL,60,'T627','04581','00281','m-t0627-04581-00281.jpg',1940),(1464,3,2,3,NULL,60,'T627','04581','00282','m-t0627-04581-00282.jpg',1940),(1465,3,2,3,NULL,60,'T627','04581','00283','m-t0627-04581-00283.jpg',1940),(1466,3,2,3,NULL,60,'T627','04581','00284','m-t0627-04581-00284.jpg',1940),(1467,3,2,3,NULL,60,'T627','04581','00285','m-t0627-04581-00285.jpg',1940),(1468,3,2,3,NULL,60,'T627','04581','00286','m-t0627-04581-00286.jpg',1940),(1469,3,2,3,NULL,60,'T627','04581','00287','m-t0627-04581-00287.jpg',1940),(1470,3,2,3,NULL,60,'T627','04581','00288','m-t0627-04581-00288.jpg',1940),(1471,3,2,3,NULL,60,'T627','04581','00289','m-t0627-04581-00289.jpg',1940),(1472,3,2,3,NULL,60,'T627','04581','00290','m-t0627-04581-00290.jpg',1940),(1473,3,2,3,NULL,60,'T627','04581','00291','m-t0627-04581-00291.jpg',1940),(1474,3,2,3,NULL,60,'T627','04581','00292','m-t0627-04581-00292.jpg',1940),(1475,3,2,3,NULL,60,'T627','04581','00293','m-t0627-04581-00293.jpg',1940),(1476,3,2,3,NULL,60,'T627','04581','00294','m-t0627-04581-00294.jpg',1940),(1477,3,2,3,NULL,60,'T627','04581','00295','m-t0627-04581-00295.jpg',1940),(1478,3,2,3,NULL,60,'T627','04581','00296','m-t0627-04581-00296.jpg',1940),(1479,3,2,3,NULL,60,'T627','04581','00297','m-t0627-04581-00297.jpg',1940),(1480,3,2,3,NULL,60,'T627','04581','00298','m-t0627-04581-00298.jpg',1940),(1481,3,2,3,NULL,60,'T627','04581','00299','m-t0627-04581-00299.jpg',1940),(1482,3,2,3,NULL,60,'T627','04581','00300','m-t0627-04581-00300.jpg',1940),(1483,3,2,3,NULL,60,'T627','04581','00301','m-t0627-04581-00301.jpg',1940),(1484,3,2,3,NULL,60,'T627','04581','00302','m-t0627-04581-00302.jpg',1940),(1485,3,2,3,NULL,60,'T627','04581','00303','m-t0627-04581-00303.jpg',1940),(1486,3,2,3,NULL,60,'T627','04581','00304','m-t0627-04581-00304.jpg',1940),(1487,3,2,3,NULL,60,'T627','04581','00305','m-t0627-04581-00305.jpg',1940),(1488,3,2,3,NULL,60,'T627','04581','00306','m-t0627-04581-00306.jpg',1940),(1489,3,2,3,NULL,60,'T627','04581','00307','m-t0627-04581-00307.jpg',1940),(1490,3,2,3,NULL,60,'T627','04581','00308','m-t0627-04581-00308.jpg',1940),(1491,3,2,3,NULL,60,'T627','04581','00309','m-t0627-04581-00309.jpg',1940),(1492,3,2,3,NULL,60,'T627','04581','00310','m-t0627-04581-00310.jpg',1940),(1493,3,2,3,NULL,60,'T627','04581','00311','m-t0627-04581-00311.jpg',1940),(1494,3,2,3,NULL,60,'T627','04581','00312','m-t0627-04581-00312.jpg',1940),(1495,3,2,3,NULL,60,'T627','04581','00313','m-t0627-04581-00313.jpg',1940),(1496,3,2,3,NULL,60,'T627','04581','00314','m-t0627-04581-00314.jpg',1940),(1497,3,2,3,NULL,60,'T627','04581','00315','m-t0627-04581-00315.jpg',1940),(1498,3,2,3,NULL,60,'T627','04581','00316','m-t0627-04581-00316.jpg',1940),(1499,3,2,3,NULL,60,'T627','04581','00317','m-t0627-04581-00317.jpg',1940),(1500,3,2,3,NULL,60,'T627','04581','00318','m-t0627-04581-00318.jpg',1940),(1501,3,2,3,NULL,60,'T627','04581','00319','m-t0627-04581-00319.jpg',1940),(1502,3,2,3,NULL,60,'T627','04581','00320','m-t0627-04581-00320.jpg',1940),(1503,3,2,3,NULL,60,'T627','04581','00321','m-t0627-04581-00321.jpg',1940),(1504,3,2,3,NULL,60,'T627','04581','00322','m-t0627-04581-00322.jpg',1940),(1505,3,2,3,NULL,60,'T627','04581','00323','m-t0627-04581-00323.jpg',1940),(1506,3,2,3,NULL,60,'T627','04581','00324','m-t0627-04581-00324.jpg',1940),(1507,3,2,3,NULL,60,'T627','04581','00325','m-t0627-04581-00325.jpg',1940),(1508,3,2,3,NULL,60,'T627','04581','00326','m-t0627-04581-00326.jpg',1940),(1509,3,2,3,NULL,60,'T627','04581','00327','m-t0627-04581-00327.jpg',1940),(1510,3,2,3,NULL,60,'T627','04581','00328','m-t0627-04581-00328.jpg',1940),(1511,3,2,3,NULL,60,'T627','04581','00329','m-t0627-04581-00329.jpg',1940),(1512,3,2,3,NULL,60,'T627','04581','00330','m-t0627-04581-00330.jpg',1940),(1513,3,2,3,NULL,60,'T627','04581','00331','m-t0627-04581-00331.jpg',1940),(1514,3,2,3,NULL,60,'T627','04581','00332','m-t0627-04581-00332.jpg',1940),(1515,3,2,3,NULL,60,'T627','04581','00333','m-t0627-04581-00333.jpg',1940),(1516,3,2,3,NULL,60,'T627','04581','00334','m-t0627-04581-00334.jpg',1940),(1517,2,2,3,NULL,61,'T1224','00118','01088','m-t1224-00118-01088.jpg',1940),(1518,3,2,3,NULL,61,'T627','04581','00335','m-t0627-04581-00335.jpg',1940),(1519,3,2,3,NULL,61,'T627','04581','00336','m-t0627-04581-00336.jpg',1940),(1520,3,2,3,NULL,61,'T627','04581','00337','m-t0627-04581-00337.jpg',1940),(1521,3,2,3,NULL,61,'T627','04581','00338','m-t0627-04581-00338.jpg',1940),(1522,3,2,3,NULL,61,'T627','04581','00339','m-t0627-04581-00339.jpg',1940),(1523,3,2,3,NULL,61,'T627','04581','00340','m-t0627-04581-00340.jpg',1940),(1524,3,2,3,NULL,61,'T627','04581','00341','m-t0627-04581-00341.jpg',1940),(1525,3,2,3,NULL,61,'T627','04581','00342','m-t0627-04581-00342.jpg',1940),(1526,3,2,3,NULL,61,'T627','04581','00343','m-t0627-04581-00343.jpg',1940),(1527,3,2,3,NULL,61,'T627','04581','00344','m-t0627-04581-00344.jpg',1940),(1528,3,2,3,NULL,61,'T627','04581','00345','m-t0627-04581-00345.jpg',1940),(1529,3,2,3,NULL,61,'T627','04581','00346','m-t0627-04581-00346.jpg',1940),(1530,3,2,3,NULL,61,'T627','04581','00347','m-t0627-04581-00347.jpg',1940),(1531,3,2,3,NULL,61,'T627','04581','00348','m-t0627-04581-00348.jpg',1940),(1532,3,2,3,NULL,61,'T627','04581','00349','m-t0627-04581-00349.jpg',1940),(1533,3,2,3,NULL,61,'T627','04581','00350','m-t0627-04581-00350.jpg',1940),(1534,3,2,3,NULL,61,'T627','04581','00351','m-t0627-04581-00351.jpg',1940),(1535,3,2,3,NULL,61,'T627','04581','00352','m-t0627-04581-00352.jpg',1940),(1536,3,2,3,NULL,61,'T627','04581','00353','m-t0627-04581-00353.jpg',1940),(1537,3,2,3,NULL,61,'T627','04581','00354','m-t0627-04581-00354.jpg',1940),(1538,3,2,3,NULL,61,'T627','04581','00355','m-t0627-04581-00355.jpg',1940),(1539,3,2,3,NULL,61,'T627','04581','00356','m-t0627-04581-00356.jpg',1940),(1540,3,2,3,NULL,61,'T627','04581','00357','m-t0627-04581-00357.jpg',1940),(1541,3,2,3,NULL,61,'T627','04581','00358','m-t0627-04581-00358.jpg',1940),(1542,3,2,3,NULL,61,'T627','04581','00359','m-t0627-04581-00359.jpg',1940),(1543,3,2,3,NULL,61,'T627','04581','00360','m-t0627-04581-00360.jpg',1940),(1544,3,2,3,NULL,61,'T627','04581','00361','m-t0627-04581-00361.jpg',1940),(1545,3,2,3,NULL,61,'T627','04581','00362','m-t0627-04581-00362.jpg',1940),(1546,3,2,3,NULL,61,'T627','04581','00363','m-t0627-04581-00363.jpg',1940),(1547,3,2,3,NULL,61,'T627','04581','00364','m-t0627-04581-00364.jpg',1940),(1548,3,2,3,NULL,61,'T627','04581','00365','m-t0627-04581-00365.jpg',1940),(1549,3,2,3,NULL,61,'T627','04581','00366','m-t0627-04581-00366.jpg',1940),(1550,3,2,3,NULL,61,'T627','04581','00367','m-t0627-04581-00367.jpg',1940),(1551,3,2,3,NULL,61,'T627','04581','00368','m-t0627-04581-00368.jpg',1940),(1552,3,2,3,NULL,61,'T627','04581','00369','m-t0627-04581-00369.jpg',1940),(1553,3,2,3,NULL,61,'T627','04581','00370','m-t0627-04581-00370.jpg',1940),(1554,3,2,3,NULL,61,'T627','04581','00371','m-t0627-04581-00371.jpg',1940),(1555,3,2,3,NULL,61,'T627','04581','00372','m-t0627-04581-00372.jpg',1940),(1556,3,2,3,NULL,61,'T627','04581','00373','m-t0627-04581-00373.jpg',1940),(1557,3,2,3,NULL,61,'T627','04581','00374','m-t0627-04581-00374.jpg',1940),(1558,3,2,3,NULL,61,'T627','04581','00375','m-t0627-04581-00375.jpg',1940),(1559,3,2,3,NULL,61,'T627','04581','00376','m-t0627-04581-00376.jpg',1940),(1560,3,2,3,NULL,61,'T627','04581','00377','m-t0627-04581-00377.jpg',1940),(1561,3,2,3,NULL,61,'T627','04581','00378','m-t0627-04581-00378.jpg',1940),(1562,3,2,3,NULL,61,'T627','04581','00379','m-t0627-04581-00379.jpg',1940),(1563,3,2,3,NULL,61,'T627','04581','00380','m-t0627-04581-00380.jpg',1940),(1564,3,2,3,NULL,61,'T627','04581','00381','m-t0627-04581-00381.jpg',1940),(1565,3,2,3,NULL,61,'T627','04581','00382','m-t0627-04581-00382.jpg',1940),(1566,3,2,3,NULL,61,'T627','04581','00383','m-t0627-04581-00383.jpg',1940),(1567,3,2,3,NULL,61,'T627','04581','00384','m-t0627-04581-00384.jpg',1940),(1568,3,2,3,NULL,61,'T627','04581','00385','m-t0627-04581-00385.jpg',1940),(1569,3,2,3,NULL,61,'T627','04581','00386','m-t0627-04581-00386.jpg',1940),(1570,3,2,3,NULL,61,'T627','04581','00387','m-t0627-04581-00387.jpg',1940),(1571,3,2,3,NULL,61,'T627','04581','00388','m-t0627-04581-00388.jpg',1940),(1572,3,2,3,NULL,61,'T627','04581','00389','m-t0627-04581-00389.jpg',1940),(1573,3,2,3,NULL,61,'T627','04581','00390','m-t0627-04581-00390.jpg',1940),(1574,3,2,3,NULL,61,'T627','04581','00391','m-t0627-04581-00391.jpg',1940),(1575,3,2,3,NULL,61,'T627','04581','00392','m-t0627-04581-00392.jpg',1940),(1576,3,2,3,NULL,61,'T627','04581','00393','m-t0627-04581-00393.jpg',1940),(1577,3,2,3,NULL,61,'T627','04581','00394','m-t0627-04581-00394.jpg',1940),(1578,3,2,3,NULL,61,'T627','04581','00395','m-t0627-04581-00395.jpg',1940),(1579,3,2,3,NULL,61,'T627','04581','00396','m-t0627-04581-00396.jpg',1940),(1580,3,2,3,NULL,61,'T627','04581','00397','m-t0627-04581-00397.jpg',1940),(1581,3,2,3,NULL,61,'T627','04581','00398','m-t0627-04581-00398.jpg',1940),(1582,3,2,3,NULL,61,'T627','04581','00399','m-t0627-04581-00399.jpg',1940),(1583,3,2,3,NULL,61,'T627','04581','00400','m-t0627-04581-00400.jpg',1940),(1584,3,2,3,NULL,61,'T627','04581','00401','m-t0627-04581-00401.jpg',1940),(1585,3,2,3,NULL,61,'T627','04581','00402','m-t0627-04581-00402.jpg',1940),(1586,3,2,3,NULL,61,'T627','04581','00403','m-t0627-04581-00403.jpg',1940),(1587,3,2,3,NULL,61,'T627','04581','00404','m-t0627-04581-00404.jpg',1940),(1588,3,2,3,NULL,61,'T627','04581','00405','m-t0627-04581-00405.jpg',1940),(1589,3,2,3,NULL,61,'T627','04581','00406','m-t0627-04581-00406.jpg',1940),(1590,3,2,3,NULL,61,'T627','04581','00407','m-t0627-04581-00407.jpg',1940),(1591,3,2,3,NULL,61,'T627','04581','00408','m-t0627-04581-00408.jpg',1940),(1592,3,2,3,NULL,61,'T627','04581','00409','m-t0627-04581-00409.jpg',1940),(1593,3,2,3,NULL,61,'T627','04581','00410','m-t0627-04581-00410.jpg',1940),(1594,3,2,3,NULL,61,'T627','04581','00411','m-t0627-04581-00411.jpg',1940),(1595,3,2,3,NULL,61,'T627','04581','00412','m-t0627-04581-00412.jpg',1940),(1596,3,2,3,NULL,61,'T627','04581','00413','m-t0627-04581-00413.jpg',1940),(1597,3,2,3,NULL,61,'T627','04581','00414','m-t0627-04581-00414.jpg',1940),(1598,2,2,3,NULL,62,'T1224','00118','01088','m-t1224-00118-01088.jpg',1940),(1599,3,2,3,NULL,62,'T627','04581','00415','m-t0627-04581-00415.jpg',1940),(1600,3,2,3,NULL,62,'T627','04581','00416','m-t0627-04581-00416.jpg',1940),(1601,3,2,3,NULL,62,'T627','04581','00417','m-t0627-04581-00417.jpg',1940),(1602,3,2,3,NULL,62,'T627','04581','00418','m-t0627-04581-00418.jpg',1940),(1603,3,2,3,NULL,62,'T627','04581','00419','m-t0627-04581-00419.jpg',1940),(1604,3,2,3,NULL,62,'T627','04581','00420','m-t0627-04581-00420.jpg',1940),(1605,3,2,3,NULL,62,'T627','04581','00421','m-t0627-04581-00421.jpg',1940),(1606,3,2,3,NULL,62,'T627','04581','00422','m-t0627-04581-00422.jpg',1940),(1607,3,2,3,NULL,62,'T627','04581','00423','m-t0627-04581-00423.jpg',1940),(1608,3,2,3,NULL,62,'T627','04581','00424','m-t0627-04581-00424.jpg',1940),(1609,3,2,3,NULL,62,'T627','04581','00425','m-t0627-04581-00425.jpg',1940),(1610,3,2,3,NULL,62,'T627','04581','00426','m-t0627-04581-00426.jpg',1940),(1611,3,2,3,NULL,62,'T627','04581','00427','m-t0627-04581-00427.jpg',1940),(1612,3,2,3,NULL,62,'T627','04581','00428','m-t0627-04581-00428.jpg',1940),(1613,3,2,3,NULL,62,'T627','04581','00429','m-t0627-04581-00429.jpg',1940),(1614,3,2,3,NULL,62,'T627','04581','00430','m-t0627-04581-00430.jpg',1940),(1615,3,2,3,NULL,62,'T627','04581','00431','m-t0627-04581-00431.jpg',1940),(1616,3,2,3,NULL,62,'T627','04581','00432','m-t0627-04581-00432.jpg',1940),(1617,3,2,3,NULL,62,'T627','04581','00433','m-t0627-04581-00433.jpg',1940),(1618,3,2,3,NULL,62,'T627','04581','00434','m-t0627-04581-00434.jpg',1940),(1619,3,2,3,NULL,62,'T627','04581','00435','m-t0627-04581-00435.jpg',1940),(1620,3,2,3,NULL,62,'T627','04581','00436','m-t0627-04581-00436.jpg',1940),(1621,3,2,3,NULL,62,'T627','04581','00437','m-t0627-04581-00437.jpg',1940),(1622,3,2,3,NULL,62,'T627','04581','00438','m-t0627-04581-00438.jpg',1940),(1623,3,2,3,NULL,62,'T627','04581','00439','m-t0627-04581-00439.jpg',1940),(1624,3,2,3,NULL,62,'T627','04581','00440','m-t0627-04581-00440.jpg',1940),(1625,3,2,3,NULL,62,'T627','04581','00441','m-t0627-04581-00441.jpg',1940),(1626,3,2,3,NULL,62,'T627','04581','00442','m-t0627-04581-00442.jpg',1940),(1627,3,2,3,NULL,62,'T627','04581','00443','m-t0627-04581-00443.jpg',1940),(1628,3,2,3,NULL,62,'T627','04581','00444','m-t0627-04581-00444.jpg',1940),(1629,3,2,3,NULL,62,'T627','04581','00445','m-t0627-04581-00445.jpg',1940),(1630,3,2,3,NULL,62,'T627','04581','00446','m-t0627-04581-00446.jpg',1940),(1631,3,2,3,NULL,62,'T627','04581','00447','m-t0627-04581-00447.jpg',1940),(1632,3,2,3,NULL,62,'T627','04581','00448','m-t0627-04581-00448.jpg',1940),(1633,3,2,3,NULL,62,'T627','04581','00449','m-t0627-04581-00449.jpg',1940),(1634,3,2,3,NULL,62,'T627','04581','00450','m-t0627-04581-00450.jpg',1940),(1635,3,2,3,NULL,62,'T627','04581','00451','m-t0627-04581-00451.jpg',1940),(1636,3,2,3,NULL,62,'T627','04581','00452','m-t0627-04581-00452.jpg',1940),(1637,3,2,3,NULL,62,'T627','04581','00453','m-t0627-04581-00453.jpg',1940),(1638,3,2,3,NULL,62,'T627','04581','00454','m-t0627-04581-00454.jpg',1940),(1639,3,2,3,NULL,62,'T627','04581','00455','m-t0627-04581-00455.jpg',1940),(1640,3,2,3,NULL,62,'T627','04581','00456','m-t0627-04581-00456.jpg',1940),(1641,3,2,3,NULL,62,'T627','04581','00457','m-t0627-04581-00457.jpg',1940),(1642,3,2,3,NULL,62,'T627','04581','00458','m-t0627-04581-00458.jpg',1940),(1643,2,2,3,NULL,63,'T1224','00118','01088','m-t1224-00118-01088.jpg',1940),(1644,2,2,3,NULL,63,'T1224','00118','01089','m-t1224-00118-01089.jpg',1940),(1645,2,2,3,NULL,63,'T1224','00118','01090','m-t1224-00118-01090.jpg',1940),(1646,3,2,3,NULL,63,'T627','04581','00459','m-t0627-04581-00459.jpg',1940),(1647,3,2,3,NULL,63,'T627','04581','00460','m-t0627-04581-00460.jpg',1940),(1648,3,2,3,NULL,63,'T627','04581','00461','m-t0627-04581-00461.jpg',1940),(1649,3,2,3,NULL,63,'T627','04581','00462','m-t0627-04581-00462.jpg',1940),(1650,3,2,3,NULL,63,'T627','04581','00463','m-t0627-04581-00463.jpg',1940),(1651,3,2,3,NULL,63,'T627','04581','00464','m-t0627-04581-00464.jpg',1940),(1652,3,2,3,NULL,63,'T627','04581','00465','m-t0627-04581-00465.jpg',1940),(1653,3,2,3,NULL,63,'T627','04581','00466','m-t0627-04581-00466.jpg',1940),(1654,3,2,3,NULL,63,'T627','04581','00467','m-t0627-04581-00467.jpg',1940),(1655,3,2,3,NULL,63,'T627','04581','00468','m-t0627-04581-00468.jpg',1940),(1656,3,2,3,NULL,63,'T627','04581','00469','m-t0627-04581-00469.jpg',1940),(1657,3,2,3,NULL,63,'T627','04581','00470','m-t0627-04581-00470.jpg',1940),(1658,3,2,3,NULL,63,'T627','04581','00471','m-t0627-04581-00471.jpg',1940),(1659,3,2,3,NULL,63,'T627','04581','00472','m-t0627-04581-00472.jpg',1940),(1660,3,2,3,NULL,63,'T627','04581','00473','m-t0627-04581-00473.jpg',1940),(1661,3,2,3,NULL,63,'T627','04581','00474','m-t0627-04581-00474.jpg',1940),(1662,3,2,3,NULL,63,'T627','04581','00475','m-t0627-04581-00475.jpg',1940),(1663,3,2,3,NULL,63,'T627','04581','00476','m-t0627-04581-00476.jpg',1940),(1664,3,2,3,NULL,63,'T627','04581','00477','m-t0627-04581-00477.jpg',1940),(1665,3,2,3,NULL,63,'T627','04581','00478','m-t0627-04581-00478.jpg',1940),(1666,3,2,3,NULL,63,'T627','04581','00479','m-t0627-04581-00479.jpg',1940),(1667,3,2,3,NULL,63,'T627','04581','00480','m-t0627-04581-00480.jpg',1940),(1668,3,2,3,NULL,63,'T627','04581','00481','m-t0627-04581-00481.jpg',1940),(1669,3,2,3,NULL,63,'T627','04581','00482','m-t0627-04581-00482.jpg',1940),(1670,3,2,3,NULL,63,'T627','04581','00483','m-t0627-04581-00483.jpg',1940),(1671,3,2,3,NULL,63,'T627','04581','00484','m-t0627-04581-00484.jpg',1940),(1672,3,2,3,NULL,63,'T627','04581','00485','m-t0627-04581-00485.jpg',1940),(1673,3,2,3,NULL,63,'T627','04581','00486','m-t0627-04581-00486.jpg',1940),(1674,3,2,3,NULL,63,'T627','04581','00487','m-t0627-04581-00487.jpg',1940),(1675,3,2,3,NULL,63,'T627','04581','00488','m-t0627-04581-00488.jpg',1940),(1676,3,2,3,NULL,63,'T627','04581','00489','m-t0627-04581-00489.jpg',1940),(1677,3,2,3,NULL,63,'T627','04581','00490','m-t0627-04581-00490.jpg',1940),(1678,3,2,3,NULL,63,'T627','04581','00491','m-t0627-04581-00491.jpg',1940),(1679,3,2,3,NULL,63,'T627','04581','00492','m-t0627-04581-00492.jpg',1940),(1680,3,2,3,NULL,63,'T627','04581','00493','m-t0627-04581-00493.jpg',1940),(1681,3,2,3,NULL,63,'T627','04581','00494','m-t0627-04581-00494.jpg',1940),(1682,3,2,3,NULL,63,'T627','04581','00495','m-t0627-04581-00495.jpg',1940),(1683,3,2,3,NULL,63,'T627','04581','00496','m-t0627-04581-00496.jpg',1940),(1684,2,2,3,NULL,64,'T1224','00118','01091','m-t1224-00118-01091.jpg',1940),(1685,3,2,3,NULL,64,'T627','04581','00497','m-t0627-04581-00497.jpg',1940),(1686,3,2,3,NULL,64,'T627','04581','00498','m-t0627-04581-00498.jpg',1940),(1687,3,2,3,NULL,64,'T627','04581','00499','m-t0627-04581-00499.jpg',1940),(1688,3,2,3,NULL,64,'T627','04581','00500','m-t0627-04581-00500.jpg',1940),(1689,3,2,3,NULL,64,'T627','04581','00501','m-t0627-04581-00501.jpg',1940),(1690,3,2,3,NULL,64,'T627','04581','00502','m-t0627-04581-00502.jpg',1940),(1691,3,2,3,NULL,64,'T627','04581','00503','m-t0627-04581-00503.jpg',1940),(1692,3,2,3,NULL,64,'T627','04581','00504','m-t0627-04581-00504.jpg',1940),(1693,3,2,3,NULL,64,'T627','04581','00505','m-t0627-04581-00505.jpg',1940),(1694,3,2,3,NULL,64,'T627','04581','00506','m-t0627-04581-00506.jpg',1940),(1695,2,2,3,NULL,65,'T1224','00118','01091','m-t1224-00118-01091.jpg',1940),(1696,3,2,3,NULL,65,'T627','04581','00507','m-t0627-04581-00507.jpg',1940),(1697,3,2,3,NULL,65,'T627','04581','00508','m-t0627-04581-00508.jpg',1940),(1698,3,2,3,NULL,65,'T627','04581','00509','m-t0627-04581-00509.jpg',1940),(1699,3,2,3,NULL,65,'T627','04581','00510','m-t0627-04581-00510.jpg',1940),(1700,2,2,3,NULL,66,'T1224','00118','01091','m-t1224-00118-01091.jpg',1940),(1701,3,2,3,NULL,66,'T627','04581','00511','m-t0627-04581-00511.jpg',1940),(1702,3,2,3,NULL,66,'T627','04581','00512','m-t0627-04581-00512.jpg',1940),(1703,3,2,3,NULL,66,'T627','04581','00513','m-t0627-04581-00513.jpg',1940),(1704,3,2,3,NULL,66,'T627','04581','00514','m-t0627-04581-00514.jpg',1940),(1705,3,2,3,NULL,66,'T627','04581','00515','m-t0627-04581-00515.jpg',1940),(1706,3,2,3,NULL,66,'T627','04581','00516','m-t0627-04581-00516.jpg',1940),(1707,3,2,3,NULL,66,'T627','04581','00517','m-t0627-04581-00517.jpg',1940),(1708,3,2,3,NULL,66,'T627','04581','00518','m-t0627-04581-00518.jpg',1940),(1709,3,2,3,NULL,66,'T627','04581','00519','m-t0627-04581-00519.jpg',1940),(1710,3,2,3,NULL,66,'T627','04581','00520','m-t0627-04581-00520.jpg',1940),(1711,2,2,3,NULL,67,'T1224','00118','01092','m-t1224-00118-01092.jpg',1940),(1712,3,2,3,NULL,67,'T627','04581','00720','m-t0627-04581-00720.jpg',1940),(1713,3,2,3,NULL,67,'T627','04581','00721','m-t0627-04581-00721.jpg',1940),(1714,3,2,3,NULL,67,'T627','04581','00722','m-t0627-04581-00722.jpg',1940),(1715,3,2,3,NULL,67,'T627','04581','00723','m-t0627-04581-00723.jpg',1940),(1716,3,2,3,NULL,67,'T627','04581','00724','m-t0627-04581-00724.jpg',1940),(1717,3,2,3,NULL,67,'T627','04581','00725','m-t0627-04581-00725.jpg',1940),(1718,3,2,3,NULL,67,'T627','04581','00726','m-t0627-04581-00726.jpg',1940),(1719,3,2,3,NULL,67,'T627','04581','00727','m-t0627-04581-00727.jpg',1940),(1720,3,2,3,NULL,67,'T627','04581','00728','m-t0627-04581-00728.jpg',1940),(1721,3,2,3,NULL,67,'T627','04581','00729','m-t0627-04581-00729.jpg',1940),(1722,2,2,3,NULL,68,'T1224','00118','01092','m-t1224-00118-01092.jpg',1940),(1723,3,2,3,NULL,68,'T627','04581','00730','m-t0627-04581-00730.jpg',1940),(1724,3,2,3,NULL,68,'T627','04581','00731','m-t0627-04581-00731.jpg',1940),(1725,3,2,3,NULL,68,'T627','04581','00732','m-t0627-04581-00732.jpg',1940),(1726,3,2,3,NULL,68,'T627','04581','00733','m-t0627-04581-00733.jpg',1940),(1727,3,2,3,NULL,68,'T627','04581','00734','m-t0627-04581-00734.jpg',1940),(1728,3,2,3,NULL,68,'T627','04581','00735','m-t0627-04581-00735.jpg',1940),(1729,3,2,3,NULL,68,'T627','04581','00736','m-t0627-04581-00736.jpg',1940),(1730,3,2,3,NULL,68,'T627','04581','00737','m-t0627-04581-00737.jpg',1940),(1731,3,2,3,NULL,68,'T627','04581','00738','m-t0627-04581-00738.jpg',1940),(1732,3,2,3,NULL,68,'T627','04581','00739','m-t0627-04581-00739.jpg',1940),(1733,3,2,3,NULL,68,'T627','04581','00740','m-t0627-04581-00740.jpg',1940),(1734,3,2,3,NULL,68,'T627','04581','00741','m-t0627-04581-00741.jpg',1940),(1735,3,2,3,NULL,68,'T627','04581','00742','m-t0627-04581-00742.jpg',1940),(1736,3,2,3,NULL,68,'T627','04581','00743','m-t0627-04581-00743.jpg',1940),(1737,3,2,3,NULL,68,'T627','04581','00744','m-t0627-04581-00744.jpg',1940),(1738,3,2,3,NULL,68,'T627','04581','00745','m-t0627-04581-00745.jpg',1940),(1739,3,2,3,NULL,68,'T627','04581','00746','m-t0627-04581-00746.jpg',1940),(1740,3,2,3,NULL,68,'T627','04581','00747','m-t0627-04581-00747.jpg',1940),(1741,3,2,3,NULL,68,'T627','04581','00748','m-t0627-04581-00748.jpg',1940),(1742,3,2,3,NULL,68,'T627','04581','00749','m-t0627-04581-00749.jpg',1940),(1743,3,2,3,NULL,68,'T627','04581','00750','m-t0627-04581-00750.jpg',1940),(1744,3,2,3,NULL,68,'T627','04581','00751','m-t0627-04581-00751.jpg',1940),(1745,3,2,3,NULL,68,'T627','04581','00752','m-t0627-04581-00752.jpg',1940),(1746,3,2,3,NULL,68,'T627','04581','00753','m-t0627-04581-00753.jpg',1940),(1747,3,2,3,NULL,68,'T627','04581','00754','m-t0627-04581-00754.jpg',1940),(1748,3,2,3,NULL,68,'T627','04581','00755','m-t0627-04581-00755.jpg',1940),(1749,3,2,3,NULL,68,'T627','04581','00756','m-t0627-04581-00756.jpg',1940),(1750,3,2,3,NULL,68,'T627','04581','00757','m-t0627-04581-00757.jpg',1940),(1751,3,2,3,NULL,68,'T627','04581','00758','m-t0627-04581-00758.jpg',1940),(1752,3,2,3,NULL,68,'T627','04581','00759','m-t0627-04581-00759.jpg',1940),(1753,3,2,3,NULL,68,'T627','04581','00760','m-t0627-04581-00760.jpg',1940),(1754,3,2,3,NULL,68,'T627','04581','00761','m-t0627-04581-00761.jpg',1940),(1755,3,2,3,NULL,68,'T627','04581','00762','m-t0627-04581-00762.jpg',1940),(1756,3,2,3,NULL,68,'T627','04581','00763','m-t0627-04581-00763.jpg',1940),(1757,3,2,3,NULL,68,'T627','04581','00764','m-t0627-04581-00764.jpg',1940),(1758,3,2,3,NULL,68,'T627','04581','00765','m-t0627-04581-00765.jpg',1940),(1759,3,2,3,NULL,68,'T627','04581','00766','m-t0627-04581-00766.jpg',1940),(1760,3,2,3,NULL,68,'T627','04581','00767','m-t0627-04581-00767.jpg',1940),(1761,3,2,3,NULL,68,'T627','04581','00768','m-t0627-04581-00768.jpg',1940),(1762,3,2,3,NULL,68,'T627','04581','00769','m-t0627-04581-00769.jpg',1940),(1763,2,2,3,NULL,69,'T1224','00118','01093','m-t1224-00118-01093.jpg',1940),(1764,3,2,3,NULL,69,'T627','04581','00770','m-t0627-04581-00770.jpg',1940),(1765,3,2,3,NULL,69,'T627','04581','00771','m-t0627-04581-00771.jpg',1940),(1766,2,2,3,NULL,70,'T1224','00118','01093','m-t1224-00118-01093.jpg',1940),(1767,3,2,3,NULL,70,'T627','04581','00772','m-t0627-04581-00772.jpg',1940),(1768,3,2,3,NULL,70,'T627','04581','00773','m-t0627-04581-00773.jpg',1940),(1769,2,2,3,NULL,71,'T1224','00118','01092','m-t1224-00118-01092.jpg',1940),(1770,3,2,3,NULL,71,'T627','04581','00774','m-t0627-04581-00774.jpg',1940),(1771,3,2,3,NULL,71,'T627','04581','00775','m-t0627-04581-00775.jpg',1940),(1772,2,2,3,NULL,72,'T1224','00118','01092','m-t1224-00118-01092.jpg',1940),(1773,3,2,3,NULL,72,'T627','04581','00521','m-t0627-04581-00521.jpg',1940),(1774,3,2,3,NULL,72,'T627','04581','00522','m-t0627-04581-00522.jpg',1940),(1775,3,2,3,NULL,72,'T627','04581','00523','m-t0627-04581-00523.jpg',1940),(1776,3,2,3,NULL,72,'T627','04581','00524','m-t0627-04581-00524.jpg',1940),(1777,2,2,3,NULL,73,'T1224','00118','01093','m-t1224-00118-01093.jpg',1940),(1778,3,2,3,NULL,73,'T627','04581','00697','m-t0627-04581-00697.jpg',1940),(1779,3,2,3,NULL,73,'T627','04581','00698','m-t0627-04581-00698.jpg',1940),(1780,2,2,3,NULL,74,'T1224','00118','01093','m-t1224-00118-01093.jpg',1940),(1781,3,2,3,NULL,74,'T627','04581','00699','m-t0627-04581-00699.jpg',1940),(1782,3,2,3,NULL,74,'T627','04581','00700','m-t0627-04581-00700.jpg',1940),(1783,3,2,3,NULL,74,'T627','04581','00701','m-t0627-04581-00701.jpg',1940),(1784,3,2,3,NULL,74,'T627','04581','00702','m-t0627-04581-00702.jpg',1940),(1785,3,2,3,NULL,74,'T627','04581','00703','m-t0627-04581-00703.jpg',1940),(1786,3,2,3,NULL,74,'T627','04581','00704','m-t0627-04581-00704.jpg',1940),(1787,3,2,3,NULL,74,'T627','04581','00705','m-t0627-04581-00705.jpg',1940),(1788,3,2,3,NULL,74,'T627','04581','00706','m-t0627-04581-00706.jpg',1940),(1789,3,2,3,NULL,74,'T627','04581','00707','m-t0627-04581-00707.jpg',1940),(1790,3,2,3,NULL,74,'T627','04581','00708','m-t0627-04581-00708.jpg',1940),(1791,3,2,3,NULL,74,'T627','04581','00709','m-t0627-04581-00709.jpg',1940),(1792,3,2,3,NULL,74,'T627','04581','00710','m-t0627-04581-00710.jpg',1940),(1793,3,2,3,NULL,74,'T627','04581','00711','m-t0627-04581-00711.jpg',1940),(1794,3,2,3,NULL,74,'T627','04581','00712','m-t0627-04581-00712.jpg',1940),(1795,3,2,3,NULL,74,'T627','04581','00713','m-t0627-04581-00713.jpg',1940),(1796,3,2,3,NULL,74,'T627','04581','00714','m-t0627-04581-00714.jpg',1940),(1797,3,2,3,NULL,74,'T627','04581','00715','m-t0627-04581-00715.jpg',1940),(1798,3,2,3,NULL,74,'T627','04581','00716','m-t0627-04581-00716.jpg',1940),(1799,3,2,3,NULL,74,'T627','04581','00717','m-t0627-04581-00717.jpg',1940),(1800,3,2,3,NULL,74,'T627','04581','00718','m-t0627-04581-00718.jpg',1940),(1801,2,2,3,NULL,75,'T1224','00118','01094','m-t1224-00118-01094.jpg',1940),(1802,3,2,3,NULL,75,'T627','04581','00636','m-t0627-04581-00636.jpg',1940),(1803,3,2,3,NULL,75,'T627','04581','00637','m-t0627-04581-00637.jpg',1940),(1804,3,2,3,NULL,75,'T627','04581','00638','m-t0627-04581-00638.jpg',1940),(1805,3,2,3,NULL,75,'T627','04581','00639','m-t0627-04581-00639.jpg',1940),(1806,3,2,3,NULL,75,'T627','04581','00640','m-t0627-04581-00640.jpg',1940),(1807,3,2,3,NULL,75,'T627','04581','00641','m-t0627-04581-00641.jpg',1940),(1808,3,2,3,NULL,75,'T627','04581','00642','m-t0627-04581-00642.jpg',1940),(1809,3,2,3,NULL,75,'T627','04581','00643','m-t0627-04581-00643.jpg',1940),(1810,3,2,3,NULL,75,'T627','04581','00644','m-t0627-04581-00644.jpg',1940),(1811,3,2,3,NULL,75,'T627','04581','00645','m-t0627-04581-00645.jpg',1940),(1812,3,2,3,NULL,75,'T627','04581','00646','m-t0627-04581-00646.jpg',1940),(1813,3,2,3,NULL,75,'T627','04581','00647','m-t0627-04581-00647.jpg',1940),(1814,3,2,3,NULL,75,'T627','04581','00648','m-t0627-04581-00648.jpg',1940),(1815,3,2,3,NULL,75,'T627','04581','00649','m-t0627-04581-00649.jpg',1940),(1816,3,2,3,NULL,75,'T627','04581','00650','m-t0627-04581-00650.jpg',1940),(1817,3,2,3,NULL,75,'T627','04581','00651','m-t0627-04581-00651.jpg',1940),(1818,3,2,3,NULL,75,'T627','04581','00652','m-t0627-04581-00652.jpg',1940),(1819,3,2,3,NULL,75,'T627','04581','00653','m-t0627-04581-00653.jpg',1940),(1820,3,2,3,NULL,75,'T627','04581','00654','m-t0627-04581-00654.jpg',1940),(1821,3,2,3,NULL,75,'T627','04581','00655','m-t0627-04581-00655.jpg',1940),(1822,3,2,3,NULL,75,'T627','04581','00656','m-t0627-04581-00656.jpg',1940),(1823,3,2,3,NULL,75,'T627','04581','00657','m-t0627-04581-00657.jpg',1940),(1824,3,2,3,NULL,75,'T627','04581','00658','m-t0627-04581-00658.jpg',1940),(1825,3,2,3,NULL,75,'T627','04581','00659','m-t0627-04581-00659.jpg',1940),(1826,3,2,3,NULL,75,'T627','04581','00660','m-t0627-04581-00660.jpg',1940),(1827,3,2,3,NULL,75,'T627','04581','00661','m-t0627-04581-00661.jpg',1940),(1828,3,2,3,NULL,75,'T627','04581','00662','m-t0627-04581-00662.jpg',1940),(1829,3,2,3,NULL,75,'T627','04581','00663','m-t0627-04581-00663.jpg',1940),(1830,3,2,3,NULL,75,'T627','04581','00664','m-t0627-04581-00664.jpg',1940),(1831,3,2,3,NULL,75,'T627','04581','00665','m-t0627-04581-00665.jpg',1940),(1832,3,2,3,NULL,75,'T627','04581','00666','m-t0627-04581-00666.jpg',1940),(1833,3,2,3,NULL,75,'T627','04581','00667','m-t0627-04581-00667.jpg',1940),(1834,3,2,3,NULL,75,'T627','04581','00668','m-t0627-04581-00668.jpg',1940),(1835,3,2,3,NULL,75,'T627','04581','00669','m-t0627-04581-00669.jpg',1940),(1836,3,2,3,NULL,75,'T627','04581','00670','m-t0627-04581-00670.jpg',1940),(1837,3,2,3,NULL,75,'T627','04581','00671','m-t0627-04581-00671.jpg',1940),(1838,3,2,3,NULL,75,'T627','04581','00672','m-t0627-04581-00672.jpg',1940),(1839,3,2,3,NULL,75,'T627','04581','00673','m-t0627-04581-00673.jpg',1940),(1840,3,2,3,NULL,75,'T627','04581','00674','m-t0627-04581-00674.jpg',1940),(1841,3,2,3,NULL,75,'T627','04581','00675','m-t0627-04581-00675.jpg',1940),(1842,3,2,3,NULL,75,'T627','04581','00676','m-t0627-04581-00676.jpg',1940),(1843,3,2,3,NULL,75,'T627','04581','00677','m-t0627-04581-00677.jpg',1940),(1844,3,2,3,NULL,75,'T627','04581','00678','m-t0627-04581-00678.jpg',1940),(1845,3,2,3,NULL,75,'T627','04581','00679','m-t0627-04581-00679.jpg',1940),(1846,3,2,3,NULL,75,'T627','04581','00680','m-t0627-04581-00680.jpg',1940),(1847,3,2,3,NULL,75,'T627','04581','00681','m-t0627-04581-00681.jpg',1940),(1848,3,2,3,NULL,75,'T627','04581','00682','m-t0627-04581-00682.jpg',1940),(1849,3,2,3,NULL,75,'T627','04581','00683','m-t0627-04581-00683.jpg',1940),(1850,3,2,3,NULL,75,'T627','04581','00684','m-t0627-04581-00684.jpg',1940),(1851,3,2,3,NULL,75,'T627','04581','00685','m-t0627-04581-00685.jpg',1940),(1852,3,2,3,NULL,75,'T627','04581','00686','m-t0627-04581-00686.jpg',1940),(1853,3,2,3,NULL,75,'T627','04581','00687','m-t0627-04581-00687.jpg',1940),(1854,3,2,3,NULL,75,'T627','04581','00688','m-t0627-04581-00688.jpg',1940),(1855,3,2,3,NULL,75,'T627','04581','00689','m-t0627-04581-00689.jpg',1940),(1856,3,2,3,NULL,75,'T627','04581','00690','m-t0627-04581-00690.jpg',1940),(1857,3,2,3,NULL,75,'T627','04581','00691','m-t0627-04581-00691.jpg',1940),(1858,3,2,3,NULL,75,'T627','04581','00692','m-t0627-04581-00692.jpg',1940),(1859,3,2,3,NULL,75,'T627','04581','00693','m-t0627-04581-00693.jpg',1940),(1860,3,2,3,NULL,75,'T627','04581','00694','m-t0627-04581-00694.jpg',1940),(1861,3,2,3,NULL,75,'T627','04581','00695','m-t0627-04581-00695.jpg',1940),(1862,2,2,3,NULL,76,'T1224','00118','01095','m-t1224-00118-01095.jpg',1940),(1863,3,2,3,NULL,76,'T627','04581','00006','m-t0627-04581-00006.jpg',1940),(1864,3,2,3,NULL,76,'T627','04581','00007','m-t0627-04581-00007.jpg',1940),(1865,3,2,3,NULL,76,'T627','04581','00008','m-t0627-04581-00008.jpg',1940),(1866,3,2,3,NULL,76,'T627','04581','00009','m-t0627-04581-00009.jpg',1940),(1867,3,2,3,NULL,76,'T627','04581','00010','m-t0627-04581-00010.jpg',1940),(1868,3,2,3,NULL,76,'T627','04581','00011','m-t0627-04581-00011.jpg',1940),(1869,3,2,3,NULL,76,'T627','04581','00012','m-t0627-04581-00012.jpg',1940),(1870,3,2,3,NULL,76,'T627','04581','00013','m-t0627-04581-00013.jpg',1940),(1871,3,2,3,NULL,76,'T627','04581','00014','m-t0627-04581-00014.jpg',1940),(1872,3,2,3,NULL,76,'T627','04581','00015','m-t0627-04581-00015.jpg',1940),(1873,2,2,3,NULL,77,'T1224','00118','01095','m-t1224-00118-01095.jpg',1940),(1874,3,2,3,NULL,77,'T627','04581','00016','m-t0627-04581-00016.jpg',1940),(1875,3,2,3,NULL,77,'T627','04581','00017','m-t0627-04581-00017.jpg',1940),(1876,3,2,3,NULL,77,'T627','04581','00018','m-t0627-04581-00018.jpg',1940),(1877,3,2,3,NULL,77,'T627','04581','00019','m-t0627-04581-00019.jpg',1940),(1878,3,2,3,NULL,77,'T627','04581','00020','m-t0627-04581-00020.jpg',1940),(1879,3,2,3,NULL,77,'T627','04581','00021','m-t0627-04581-00021.jpg',1940),(1880,3,2,3,NULL,77,'T627','04581','00022','m-t0627-04581-00022.jpg',1940),(1881,3,2,3,NULL,77,'T627','04581','00023','m-t0627-04581-00023.jpg',1940),(1882,3,2,3,NULL,77,'T627','04581','00024','m-t0627-04581-00024.jpg',1940),(1883,3,2,3,NULL,77,'T627','04581','00025','m-t0627-04581-00025.jpg',1940),(1884,3,2,3,NULL,77,'T627','04581','00026','m-t0627-04581-00026.jpg',1940),(1885,3,2,3,NULL,77,'T627','04581','00027','m-t0627-04581-00027.jpg',1940),(1886,3,2,3,NULL,77,'T627','04581','00028','m-t0627-04581-00028.jpg',1940),(1887,3,2,3,NULL,77,'T627','04581','00029','m-t0627-04581-00029.jpg',1940),(1888,3,2,3,NULL,77,'T627','04581','00030','m-t0627-04581-00030.jpg',1940),(1889,3,2,3,NULL,77,'T627','04581','00031','m-t0627-04581-00031.jpg',1940),(1890,3,2,3,NULL,77,'T627','04581','00032','m-t0627-04581-00032.jpg',1940),(1891,3,2,3,NULL,77,'T627','04581','00033','m-t0627-04581-00033.jpg',1940),(1892,3,2,3,NULL,77,'T627','04581','00034','m-t0627-04581-00034.jpg',1940),(1893,3,2,3,NULL,77,'T627','04581','00035','m-t0627-04581-00035.jpg',1940),(1894,2,2,3,NULL,78,'T1224','00118','01095','m-t1224-00118-01095.jpg',1940),(1895,3,2,3,NULL,78,'T627','04581','00036','m-t0627-04581-00036.jpg',1940),(1896,3,2,3,NULL,78,'T627','04581','00037','m-t0627-04581-00037.jpg',1940),(1897,3,2,3,NULL,78,'T627','04581','00038','m-t0627-04581-00038.jpg',1940),(1898,3,2,3,NULL,78,'T627','04581','00039','m-t0627-04581-00039.jpg',1940),(1899,3,2,3,NULL,78,'T627','04581','00040','m-t0627-04581-00040.jpg',1940),(1900,3,2,3,NULL,78,'T627','04581','00041','m-t0627-04581-00041.jpg',1940),(1901,3,2,3,NULL,78,'T627','04581','00042','m-t0627-04581-00042.jpg',1940),(1902,3,2,3,NULL,78,'T627','04581','00043','m-t0627-04581-00043.jpg',1940),(1903,2,2,3,NULL,79,'T1224','00118','01095','m-t1224-00118-01095.jpg',1940),(1904,3,2,3,NULL,79,'T627','04581','00044','m-t0627-04581-00044.jpg',1940),(1905,3,2,3,NULL,79,'T627','04581','00045','m-t0627-04581-00045.jpg',1940),(1906,2,2,3,NULL,80,'T1224','00118','01096','m-t1224-00118-01096.jpg',1940),(1907,3,2,3,NULL,80,'T627','04581','00574','m-t0627-04581-00574.jpg',1940),(1908,3,2,3,NULL,80,'T627','04581','00575','m-t0627-04581-00575.jpg',1940),(1909,3,2,3,NULL,80,'T627','04581','00576','m-t0627-04581-00576.jpg',1940),(1910,3,2,3,NULL,80,'T627','04581','00577','m-t0627-04581-00577.jpg',1940),(1911,3,2,3,NULL,80,'T627','04581','00578','m-t0627-04581-00578.jpg',1940),(1912,3,2,3,NULL,80,'T627','04581','00579','m-t0627-04581-00579.jpg',1940),(1913,3,2,3,NULL,80,'T627','04581','00580','m-t0627-04581-00580.jpg',1940),(1914,3,2,3,NULL,80,'T627','04581','00581','m-t0627-04581-00581.jpg',1940),(1915,3,2,3,NULL,80,'T627','04581','00582','m-t0627-04581-00582.jpg',1940),(1916,3,2,3,NULL,80,'T627','04581','00583','m-t0627-04581-00583.jpg',1940),(1917,2,2,3,NULL,81,'T1224','00118','01095','m-t1224-00118-01095.jpg',1940),(1918,3,2,3,NULL,81,'T627','04581','00046','m-t0627-04581-00046.jpg',1940),(1919,3,2,3,NULL,81,'T627','04581','00047','m-t0627-04581-00047.jpg',1940),(1920,3,2,3,NULL,81,'T627','04581','00048','m-t0627-04581-00048.jpg',1940),(1921,3,2,3,NULL,81,'T627','04581','00049','m-t0627-04581-00049.jpg',1940),(1922,2,2,3,NULL,82,'T1224','00118','01095','m-t1224-00118-01095.jpg',1940),(1923,3,2,3,NULL,82,'T627','04581','00050','m-t0627-04581-00050.jpg',1940),(1924,3,2,3,NULL,82,'T627','04581','00051','m-t0627-04581-00051.jpg',1940),(1925,3,2,3,NULL,82,'T627','04581','00052','m-t0627-04581-00052.jpg',1940),(1926,3,2,3,NULL,82,'T627','04581','00053','m-t0627-04581-00053.jpg',1940),(1927,3,2,3,NULL,82,'T627','04581','00054','m-t0627-04581-00054.jpg',1940),(1928,3,2,3,NULL,82,'T627','04581','00055','m-t0627-04581-00055.jpg',1940),(1929,3,2,3,NULL,82,'T627','04581','00056','m-t0627-04581-00056.jpg',1940),(1930,3,2,3,NULL,82,'T627','04581','00057','m-t0627-04581-00057.jpg',1940),(1931,3,2,3,NULL,82,'T627','04581','00058','m-t0627-04581-00058.jpg',1940),(1932,3,2,3,NULL,82,'T627','04581','00059','m-t0627-04581-00059.jpg',1940),(1933,3,2,3,NULL,82,'T627','04581','00060','m-t0627-04581-00060.jpg',1940),(1934,3,2,3,NULL,82,'T627','04581','00061','m-t0627-04581-00061.jpg',1940),(1935,2,2,3,NULL,83,'T1224','00118','01095','m-t1224-00118-01095.jpg',1940),(1936,3,2,3,NULL,83,'T627','04581','00062','m-t0627-04581-00062.jpg',1940),(1937,3,2,3,NULL,83,'T627','04581','00063','m-t0627-04581-00063.jpg',1940),(1938,3,2,3,NULL,83,'T627','04581','00064','m-t0627-04581-00064.jpg',1940),(1939,3,2,3,NULL,83,'T627','04581','00065','m-t0627-04581-00065.jpg',1940),(1940,3,2,3,NULL,83,'T627','04581','00066','m-t0627-04581-00066.jpg',1940),(1941,3,2,3,NULL,83,'T627','04581','00067','m-t0627-04581-00067.jpg',1940),(1942,3,2,3,NULL,83,'T627','04581','00068','m-t0627-04581-00068.jpg',1940),(1943,3,2,3,NULL,83,'T627','04581','00069','m-t0627-04581-00069.jpg',1940),(1944,3,2,3,NULL,83,'T627','04581','00070','m-t0627-04581-00070.jpg',1940),(1945,3,2,3,NULL,83,'T627','04581','00071','m-t0627-04581-00071.jpg',1940),(1946,3,2,3,NULL,83,'T627','04581','00072','m-t0627-04581-00072.jpg',1940),(1947,3,2,3,NULL,83,'T627','04581','00073','m-t0627-04581-00073.jpg',1940),(1948,3,2,3,NULL,83,'T627','04581','00074','m-t0627-04581-00074.jpg',1940),(1949,3,2,3,NULL,83,'T627','04581','00075','m-t0627-04581-00075.jpg',1940),(1950,3,2,3,NULL,83,'T627','04581','00076','m-t0627-04581-00076.jpg',1940),(1951,3,2,3,NULL,83,'T627','04581','00077','m-t0627-04581-00077.jpg',1940),(1952,3,2,3,NULL,83,'T627','04581','00078','m-t0627-04581-00078.jpg',1940),(1953,3,2,3,NULL,83,'T627','04581','00079','m-t0627-04581-00079.jpg',1940),(1954,3,2,3,NULL,83,'T627','04581','00080','m-t0627-04581-00080.jpg',1940),(1955,3,2,3,NULL,83,'T627','04581','00081','m-t0627-04581-00081.jpg',1940),(1956,3,2,3,NULL,83,'T627','04581','00082','m-t0627-04581-00082.jpg',1940),(1957,3,2,3,NULL,83,'T627','04581','00083','m-t0627-04581-00083.jpg',1940),(1958,3,2,3,NULL,83,'T627','04581','00084','m-t0627-04581-00084.jpg',1940),(1959,3,2,3,NULL,83,'T627','04581','00085','m-t0627-04581-00085.jpg',1940),(1960,3,2,3,NULL,83,'T627','04581','00086','m-t0627-04581-00086.jpg',1940),(1961,3,2,3,NULL,83,'T627','04581','00087','m-t0627-04581-00087.jpg',1940),(1962,3,2,3,NULL,83,'T627','04581','00088','m-t0627-04581-00088.jpg',1940),(1963,3,2,3,NULL,83,'T627','04581','00089','m-t0627-04581-00089.jpg',1940),(1964,3,2,3,NULL,83,'T627','04581','00090','m-t0627-04581-00090.jpg',1940),(1965,3,2,3,NULL,83,'T627','04581','00091','m-t0627-04581-00091.jpg',1940),(1966,3,2,3,NULL,83,'T627','04581','00092','m-t0627-04581-00092.jpg',1940),(1967,3,2,3,NULL,83,'T627','04581','00093','m-t0627-04581-00093.jpg',1940),(1968,3,2,3,NULL,83,'T627','04581','00094','m-t0627-04581-00094.jpg',1940),(1969,3,2,3,NULL,83,'T627','04581','00095','m-t0627-04581-00095.jpg',1940),(1970,3,2,3,NULL,83,'T627','04581','00096','m-t0627-04581-00096.jpg',1940),(1971,3,2,3,NULL,83,'T627','04581','00097','m-t0627-04581-00097.jpg',1940),(1972,3,2,3,NULL,83,'T627','04581','00098','m-t0627-04581-00098.jpg',1940),(1973,3,2,3,NULL,83,'T627','04581','00099','m-t0627-04581-00099.jpg',1940),(1974,3,2,3,NULL,83,'T627','04581','00100','m-t0627-04581-00100.jpg',1940),(1975,3,2,3,NULL,83,'T627','04581','00101','m-t0627-04581-00101.jpg',1940),(1976,3,2,3,NULL,83,'T627','04581','00102','m-t0627-04581-00102.jpg',1940),(1977,3,2,3,NULL,83,'T627','04581','00103','m-t0627-04581-00103.jpg',1940),(1978,3,2,3,NULL,83,'T627','04581','00104','m-t0627-04581-00104.jpg',1940),(1979,3,2,3,NULL,83,'T627','04581','00105','m-t0627-04581-00105.jpg',1940),(1980,3,2,3,NULL,83,'T627','04581','00106','m-t0627-04581-00106.jpg',1940),(1981,3,2,3,NULL,83,'T627','04581','00107','m-t0627-04581-00107.jpg',1940),(1982,3,2,3,NULL,83,'T627','04581','00108','m-t0627-04581-00108.jpg',1940),(1983,3,2,3,NULL,83,'T627','04581','00109','m-t0627-04581-00109.jpg',1940),(1984,3,2,3,NULL,83,'T627','04581','00110','m-t0627-04581-00110.jpg',1940),(1985,3,2,3,NULL,83,'T627','04581','00111','m-t0627-04581-00111.jpg',1940),(1986,3,2,3,NULL,83,'T627','04581','00112','m-t0627-04581-00112.jpg',1940),(1987,3,2,3,NULL,83,'T627','04581','00113','m-t0627-04581-00113.jpg',1940),(1988,3,2,3,NULL,83,'T627','04581','00114','m-t0627-04581-00114.jpg',1940),(1989,3,2,3,NULL,83,'T627','04581','00115','m-t0627-04581-00115.jpg',1940),(1990,3,2,3,NULL,83,'T627','04581','00116','m-t0627-04581-00116.jpg',1940),(1991,3,2,3,NULL,83,'T627','04581','00117','m-t0627-04581-00117.jpg',1940),(1992,3,2,3,NULL,83,'T627','04581','00118','m-t0627-04581-00118.jpg',1940),(1993,3,2,3,NULL,83,'T627','04581','00119','m-t0627-04581-00119.jpg',1940),(1994,3,2,3,NULL,83,'T627','04581','00120','m-t0627-04581-00120.jpg',1940),(1995,3,2,3,NULL,83,'T627','04581','00121','m-t0627-04581-00121.jpg',1940),(1996,3,2,3,NULL,83,'T627','04581','00122','m-t0627-04581-00122.jpg',1940),(1997,3,2,3,NULL,83,'T627','04581','00123','m-t0627-04581-00123.jpg',1940),(1998,3,2,3,NULL,83,'T627','04581','00124','m-t0627-04581-00124.jpg',1940),(1999,3,2,3,NULL,83,'T627','04581','00125','m-t0627-04581-00125.jpg',1940),(2000,3,2,3,NULL,83,'T627','04581','00126','m-t0627-04581-00126.jpg',1940),(2001,3,2,3,NULL,83,'T627','04581','00127','m-t0627-04581-00127.jpg',1940),(2002,3,2,3,NULL,83,'T627','04581','00128','m-t0627-04581-00128.jpg',1940),(2003,3,2,3,NULL,83,'T627','04581','00129','m-t0627-04581-00129.jpg',1940),(2004,3,2,3,NULL,83,'T627','04581','00130','m-t0627-04581-00130.jpg',1940),(2005,3,2,3,NULL,83,'T627','04581','00131','m-t0627-04581-00131.jpg',1940),(2006,3,2,3,NULL,83,'T627','04581','00132','m-t0627-04581-00132.jpg',1940),(2007,3,2,3,NULL,83,'T627','04581','00133','m-t0627-04581-00133.jpg',1940),(2008,3,2,3,NULL,83,'T627','04581','00134','m-t0627-04581-00134.jpg',1940),(2009,3,2,3,NULL,83,'T627','04581','00135','m-t0627-04581-00135.jpg',1940),(2010,3,2,3,NULL,83,'T627','04581','00136','m-t0627-04581-00136.jpg',1940),(2011,3,2,3,NULL,83,'T627','04581','00137','m-t0627-04581-00137.jpg',1940),(2012,3,2,3,NULL,83,'T627','04581','00138','m-t0627-04581-00138.jpg',1940),(2013,3,2,3,NULL,83,'T627','04581','00139','m-t0627-04581-00139.jpg',1940),(2014,3,2,3,NULL,83,'T627','04581','00140','m-t0627-04581-00140.jpg',1940),(2015,3,2,3,NULL,83,'T627','04581','00141','m-t0627-04581-00141.jpg',1940),(2016,3,2,3,NULL,83,'T627','04581','00142','m-t0627-04581-00142.jpg',1940),(2017,3,2,3,NULL,83,'T627','04581','00143','m-t0627-04581-00143.jpg',1940),(2018,3,2,3,NULL,83,'T627','04581','00144','m-t0627-04581-00144.jpg',1940),(2019,3,2,3,NULL,83,'T627','04581','00145','m-t0627-04581-00145.jpg',1940),(2020,3,2,3,NULL,83,'T627','04581','00146','m-t0627-04581-00146.jpg',1940),(2021,3,2,3,NULL,83,'T627','04581','00147','m-t0627-04581-00147.jpg',1940),(2022,3,2,3,NULL,83,'T627','04581','00148','m-t0627-04581-00148.jpg',1940),(2023,2,2,3,NULL,84,'T1224','00118','01096','m-t1224-00118-01096.jpg',1940),(2024,3,2,3,NULL,84,'T627','04581','00584','m-t0627-04581-00584.jpg',1940),(2025,3,2,3,NULL,84,'T627','04581','00585','m-t0627-04581-00585.jpg',1940),(2026,3,2,3,NULL,84,'T627','04581','00586','m-t0627-04581-00586.jpg',1940),(2027,3,2,3,NULL,84,'T627','04581','00587','m-t0627-04581-00587.jpg',1940),(2028,3,2,3,NULL,84,'T627','04581','00588','m-t0627-04581-00588.jpg',1940),(2029,3,2,3,NULL,84,'T627','04581','00589','m-t0627-04581-00589.jpg',1940),(2030,3,2,3,NULL,84,'T627','04581','00590','m-t0627-04581-00590.jpg',1940),(2031,3,2,3,NULL,84,'T627','04581','00591','m-t0627-04581-00591.jpg',1940),(2032,3,2,3,NULL,84,'T627','04581','00592','m-t0627-04581-00592.jpg',1940),(2033,3,2,3,NULL,84,'T627','04581','00593','m-t0627-04581-00593.jpg',1940),(2034,3,2,3,NULL,84,'T627','04581','00594','m-t0627-04581-00594.jpg',1940),(2035,3,2,3,NULL,84,'T627','04581','00595','m-t0627-04581-00595.jpg',1940),(2036,2,2,3,NULL,85,'T1224','00118','01096','m-t1224-00118-01096.jpg',1940),(2037,3,2,3,NULL,85,'T627','04581','00864','m-t0627-04581-00864.jpg',1940),(2038,3,2,3,NULL,85,'T627','04581','00865','m-t0627-04581-00865.jpg',1940),(2039,3,2,3,NULL,85,'T627','04581','00866','m-t0627-04581-00866.jpg',1940),(2040,3,2,3,NULL,85,'T627','04581','00867','m-t0627-04581-00867.jpg',1940),(2041,3,2,3,NULL,85,'T627','04581','00868','m-t0627-04581-00868.jpg',1940),(2042,3,2,3,NULL,85,'T627','04581','00869','m-t0627-04581-00869.jpg',1940),(2043,2,2,3,NULL,86,'T1224','00118','01096','m-t1224-00118-01096.jpg',1940),(2044,3,2,3,NULL,86,'T627','04581','00870','m-t0627-04581-00870.jpg',1940),(2045,3,2,3,NULL,86,'T627','04581','00871','m-t0627-04581-00871.jpg',1940),(2046,3,2,3,NULL,86,'T627','04581','00872','m-t0627-04581-00872.jpg',1940),(2047,3,2,3,NULL,86,'T627','04581','00873','m-t0627-04581-00873.jpg',1940),(2048,3,2,3,NULL,86,'T627','04581','00874','m-t0627-04581-00874.jpg',1940),(2049,3,2,3,NULL,86,'T627','04581','00875','m-t0627-04581-00875.jpg',1940),(2050,3,2,3,NULL,86,'T627','04581','00876','m-t0627-04581-00876.jpg',1940),(2051,3,2,3,NULL,86,'T627','04581','00877','m-t0627-04581-00877.jpg',1940),(2052,3,2,3,NULL,86,'T627','04581','00878','m-t0627-04581-00878.jpg',1940),(2053,3,2,3,NULL,86,'T627','04581','00879','m-t0627-04581-00879.jpg',1940),(2054,2,2,3,NULL,87,'T1224','00118','01097','m-t1224-00118-01097.jpg',1940),(2055,3,2,3,NULL,87,'T627','04581','00880','m-t0627-04581-00880.jpg',1940),(2056,3,2,3,NULL,87,'T627','04581','00881','m-t0627-04581-00881.jpg',1940),(2057,3,2,3,NULL,87,'T627','04581','00882','m-t0627-04581-00882.jpg',1940),(2058,3,2,3,NULL,87,'T627','04581','00883','m-t0627-04581-00883.jpg',1940),(2059,3,2,3,NULL,87,'T627','04581','00884','m-t0627-04581-00884.jpg',1940),(2060,3,2,3,NULL,87,'T627','04581','00885','m-t0627-04581-00885.jpg',1940),(2061,2,2,3,NULL,88,'T1224','00118','01097','m-t1224-00118-01097.jpg',1940),(2062,3,2,3,NULL,88,'T627','04581','00606','m-t0627-04581-00606.jpg',1940),(2063,3,2,3,NULL,88,'T627','04581','00607','m-t0627-04581-00607.jpg',1940),(2064,3,2,3,NULL,88,'T627','04581','00608','m-t0627-04581-00608.jpg',1940),(2065,3,2,3,NULL,88,'T627','04581','00609','m-t0627-04581-00609.jpg',1940),(2066,3,2,3,NULL,88,'T627','04581','00610','m-t0627-04581-00610.jpg',1940),(2067,3,2,3,NULL,88,'T627','04581','00611','m-t0627-04581-00611.jpg',1940),(2068,3,2,3,NULL,88,'T627','04581','00612','m-t0627-04581-00612.jpg',1940),(2069,3,2,3,NULL,88,'T627','04581','00613','m-t0627-04581-00613.jpg',1940),(2070,2,2,3,NULL,89,'T1224','00118','01097','m-t1224-00118-01097.jpg',1940),(2071,3,2,3,NULL,89,'T627','04581','00614','m-t0627-04581-00614.jpg',1940),(2072,3,2,3,NULL,89,'T627','04581','00615','m-t0627-04581-00615.jpg',1940),(2073,3,2,3,NULL,89,'T627','04581','00616','m-t0627-04581-00616.jpg',1940),(2074,3,2,3,NULL,89,'T627','04581','00617','m-t0627-04581-00617.jpg',1940),(2075,2,2,3,NULL,90,'T1224','00118','01098','m-t1224-00118-01098.jpg',1940),(2076,3,2,3,NULL,90,'T627','04581','00777','m-t0627-04581-00777.jpg',1940),(2077,3,2,3,NULL,90,'T627','04581','00778','m-t0627-04581-00778.jpg',1940),(2078,3,2,3,NULL,90,'T627','04581','00779','m-t0627-04581-00779.jpg',1940),(2079,3,2,3,NULL,90,'T627','04581','00780','m-t0627-04581-00780.jpg',1940),(2080,3,2,3,NULL,90,'T627','04581','00781','m-t0627-04581-00781.jpg',1940),(2081,3,2,3,NULL,90,'T627','04581','00782','m-t0627-04581-00782.jpg',1940),(2082,3,2,3,NULL,90,'T627','04581','00783','m-t0627-04581-00783.jpg',1940),(2083,3,2,3,NULL,90,'T627','04581','00784','m-t0627-04581-00784.jpg',1940),(2084,3,2,3,NULL,90,'T627','04581','00785','m-t0627-04581-00785.jpg',1940),(2085,3,2,3,NULL,90,'T627','04581','00786','m-t0627-04581-00786.jpg',1940),(2086,2,2,3,NULL,91,'T1224','00118','01098','m-t1224-00118-01098.jpg',1940),(2087,3,2,3,NULL,91,'T627','04581','00787','m-t0627-04581-00787.jpg',1940),(2088,3,2,3,NULL,91,'T627','04581','00788','m-t0627-04581-00788.jpg',1940),(2089,3,2,3,NULL,91,'T627','04581','00789','m-t0627-04581-00789.jpg',1940),(2090,3,2,3,NULL,91,'T627','04581','00790','m-t0627-04581-00790.jpg',1940),(2091,3,2,3,NULL,91,'T627','04581','00791','m-t0627-04581-00791.jpg',1940),(2092,3,2,3,NULL,91,'T627','04581','00792','m-t0627-04581-00792.jpg',1940),(2093,2,2,3,NULL,92,'T1224','00118','01098','m-t1224-00118-01098.jpg',1940),(2094,3,2,3,NULL,92,'T627','04581','00793','m-t0627-04581-00793.jpg',1940),(2095,3,2,3,NULL,92,'T627','04581','00794','m-t0627-04581-00794.jpg',1940),(2096,3,2,3,NULL,92,'T627','04581','00795','m-t0627-04581-00795.jpg',1940),(2097,3,2,3,NULL,92,'T627','04581','00796','m-t0627-04581-00796.jpg',1940),(2098,3,2,3,NULL,92,'T627','04581','00797','m-t0627-04581-00797.jpg',1940),(2099,3,2,3,NULL,92,'T627','04581','00798','m-t0627-04581-00798.jpg',1940),(2100,3,2,3,NULL,92,'T627','04581','00799','m-t0627-04581-00799.jpg',1940),(2101,3,2,3,NULL,92,'T627','04581','00800','m-t0627-04581-00800.jpg',1940),(2102,2,2,3,NULL,93,'T1224','00118','01098','m-t1224-00118-01098.jpg',1940),(2103,3,2,3,NULL,93,'T627','04581','00801','m-t0627-04581-00801.jpg',1940),(2104,3,2,3,NULL,93,'T627','04581','00802','m-t0627-04581-00802.jpg',1940),(2105,3,2,3,NULL,93,'T627','04581','00803','m-t0627-04581-00803.jpg',1940),(2106,3,2,3,NULL,93,'T627','04581','00804','m-t0627-04581-00804.jpg',1940),(2107,3,2,3,NULL,93,'T627','04581','00805','m-t0627-04581-00805.jpg',1940),(2108,3,2,3,NULL,93,'T627','04581','00806','m-t0627-04581-00806.jpg',1940),(2109,2,2,3,NULL,94,'T1224','00118','01098','m-t1224-00118-01098.jpg',1940),(2110,3,2,3,NULL,94,'T627','04581','00807','m-t0627-04581-00807.jpg',1940),(2111,3,2,3,NULL,94,'T627','04581','00808','m-t0627-04581-00808.jpg',1940),(2112,3,2,3,NULL,94,'T627','04581','00809','m-t0627-04581-00809.jpg',1940),(2113,3,2,3,NULL,94,'T627','04581','00810','m-t0627-04581-00810.jpg',1940),(2114,3,2,3,NULL,94,'T627','04581','00811','m-t0627-04581-00811.jpg',1940),(2115,3,2,3,NULL,94,'T627','04581','00812','m-t0627-04581-00812.jpg',1940),(2116,3,2,3,NULL,94,'T627','04581','00813','m-t0627-04581-00813.jpg',1940),(2117,3,2,3,NULL,94,'T627','04581','00814','m-t0627-04581-00814.jpg',1940),(2118,3,2,3,NULL,94,'T627','04581','00815','m-t0627-04581-00815.jpg',1940),(2119,3,2,3,NULL,94,'T627','04581','00816','m-t0627-04581-00816.jpg',1940),(2120,3,2,3,NULL,94,'T627','04581','00817','m-t0627-04581-00817.jpg',1940),(2121,3,2,3,NULL,94,'T627','04581','00818','m-t0627-04581-00818.jpg',1940),(2122,2,2,3,NULL,95,'T1224','00118','01098','m-t1224-00118-01098.jpg',1940),(2123,3,2,3,NULL,95,'T627','04581','00819','m-t0627-04581-00819.jpg',1940),(2124,3,2,3,NULL,95,'T627','04581','00820','m-t0627-04581-00820.jpg',1940),(2125,2,2,3,NULL,96,'T1224','00118','01098','m-t1224-00118-01098.jpg',1940),(2126,3,2,3,NULL,96,'T627','04581','00821','m-t0627-04581-00821.jpg',1940),(2127,3,2,3,NULL,96,'T627','04581','00822','m-t0627-04581-00822.jpg',1940),(2128,3,2,3,NULL,96,'T627','04581','00823','m-t0627-04581-00823.jpg',1940),(2129,3,2,3,NULL,96,'T627','04581','00824','m-t0627-04581-00824.jpg',1940),(2130,3,2,3,NULL,96,'T627','04581','00825','m-t0627-04581-00825.jpg',1940),(2131,3,2,3,NULL,96,'T627','04581','00826','m-t0627-04581-00826.jpg',1940),(2132,3,2,3,NULL,96,'T627','04581','00827','m-t0627-04581-00827.jpg',1940),(2133,3,2,3,NULL,96,'T627','04581','00828','m-t0627-04581-00828.jpg',1940),(2134,3,2,3,NULL,96,'T627','04581','00829','m-t0627-04581-00829.jpg',1940),(2135,3,2,3,NULL,96,'T627','04581','00830','m-t0627-04581-00830.jpg',1940),(2136,3,2,3,NULL,96,'T627','04581','00831','m-t0627-04581-00831.jpg',1940),(2137,3,2,3,NULL,96,'T627','04581','00832','m-t0627-04581-00832.jpg',1940),(2138,2,2,3,NULL,97,'T1224','00118','01099','m-t1224-00118-01099.jpg',1940),(2139,3,2,3,NULL,97,'T627','04581','00833','m-t0627-04581-00833.jpg',1940),(2140,3,2,3,NULL,97,'T627','04581','00834','m-t0627-04581-00834.jpg',1940),(2141,3,2,3,NULL,97,'T627','04581','00835','m-t0627-04581-00835.jpg',1940),(2142,3,2,3,NULL,97,'T627','04581','00836','m-t0627-04581-00836.jpg',1940),(2143,3,2,3,NULL,97,'T627','04581','00837','m-t0627-04581-00837.jpg',1940),(2144,3,2,3,NULL,97,'T627','04581','00838','m-t0627-04581-00838.jpg',1940),(2145,3,2,3,NULL,97,'T627','04581','00839','m-t0627-04581-00839.jpg',1940),(2146,3,2,3,NULL,97,'T627','04581','00840','m-t0627-04581-00840.jpg',1940),(2147,3,2,3,NULL,97,'T627','04581','00841','m-t0627-04581-00841.jpg',1940),(2148,3,2,3,NULL,97,'T627','04581','00842','m-t0627-04581-00842.jpg',1940),(2149,3,2,3,NULL,97,'T627','04581','00843','m-t0627-04581-00843.jpg',1940),(2150,3,2,3,NULL,97,'T627','04581','00844','m-t0627-04581-00844.jpg',1940),(2151,2,2,3,NULL,98,'T1224','00118','01099','m-t1224-00118-01099.jpg',1940),(2152,3,2,3,NULL,98,'T627','04581','00845','m-t0627-04581-00845.jpg',1940),(2153,3,2,3,NULL,98,'T627','04581','00846','m-t0627-04581-00846.jpg',1940),(2154,3,2,3,NULL,98,'T627','04581','00847','m-t0627-04581-00847.jpg',1940),(2155,3,2,3,NULL,98,'T627','04581','00848','m-t0627-04581-00848.jpg',1940),(2156,3,2,3,NULL,98,'T627','04581','00849','m-t0627-04581-00849.jpg',1940),(2157,3,2,3,NULL,98,'T627','04581','00850','m-t0627-04581-00850.jpg',1940),(2158,3,2,3,NULL,98,'T627','04581','00851','m-t0627-04581-00851.jpg',1940),(2159,3,2,3,NULL,98,'T627','04581','00852','m-t0627-04581-00852.jpg',1940),(2160,3,2,3,NULL,98,'T627','04581','00853','m-t0627-04581-00853.jpg',1940),(2161,3,2,3,NULL,98,'T627','04581','00854','m-t0627-04581-00854.jpg',1940),(2162,3,2,3,NULL,98,'T627','04581','00855','m-t0627-04581-00855.jpg',1940),(2163,3,2,3,NULL,98,'T627','04581','00856','m-t0627-04581-00856.jpg',1940),(2164,2,2,3,NULL,99,'T1224','00118','01099','m-t1224-00118-01099.jpg',1940),(2165,3,2,3,NULL,99,'T627','04581','00857','m-t0627-04581-00857.jpg',1940),(2166,3,2,3,NULL,99,'T627','04581','00858','m-t0627-04581-00858.jpg',1940),(2167,3,2,3,NULL,99,'T627','04581','00859','m-t0627-04581-00859.jpg',1940),(2168,3,2,3,NULL,99,'T627','04581','00860','m-t0627-04581-00860.jpg',1940),(2169,3,2,3,NULL,99,'T627','04581','00861','m-t0627-04581-00861.jpg',1940),(2170,3,2,3,NULL,99,'T627','04581','00862','m-t0627-04581-00862.jpg',1940),(2171,2,2,3,NULL,100,'T1224','00118','01100','m-t1224-00118-01100.jpg',1940),(2172,3,2,3,NULL,100,'T627','04581','00619','m-t0627-04581-00619.jpg',1940),(2173,3,2,3,NULL,100,'T627','04581','00620','m-t0627-04581-00620.jpg',1940),(2174,3,2,3,NULL,100,'T627','04581','00621','m-t0627-04581-00621.jpg',1940),(2175,3,2,3,NULL,100,'T627','04581','00622','m-t0627-04581-00622.jpg',1940),(2176,3,2,3,NULL,100,'T627','04581','00623','m-t0627-04581-00623.jpg',1940),(2177,3,2,3,NULL,100,'T627','04581','00624','m-t0627-04581-00624.jpg',1940),(2178,3,2,3,NULL,100,'T627','04581','00625','m-t0627-04581-00625.jpg',1940),(2179,3,2,3,NULL,100,'T627','04581','00626','m-t0627-04581-00626.jpg',1940),(2180,3,2,3,NULL,100,'T627','04581','00627','m-t0627-04581-00627.jpg',1940),(2181,3,2,3,NULL,100,'T627','04581','00628','m-t0627-04581-00628.jpg',1940),(2182,3,2,3,NULL,100,'T627','04581','00629','m-t0627-04581-00629.jpg',1940),(2183,3,2,3,NULL,100,'T627','04581','00630','m-t0627-04581-00630.jpg',1940),(2184,3,2,3,NULL,100,'T627','04581','00631','m-t0627-04581-00631.jpg',1940),(2185,3,2,3,NULL,100,'T627','04581','00632','m-t0627-04581-00632.jpg',1940),(2186,3,2,3,NULL,100,'T627','04581','00633','m-t0627-04581-00633.jpg',1940),(2187,3,2,3,NULL,100,'T627','04581','00634','m-t0627-04581-00634.jpg',1940),(2188,2,2,3,NULL,101,'T1224','00118','01100','m-t1224-00118-01100.jpg',1940),(2189,3,2,3,NULL,101,'T627','04581','00150','m-t0627-04581-00150.jpg',1940),(2190,3,2,3,NULL,101,'T627','04581','00151','m-t0627-04581-00151.jpg',1940),(2191,3,2,3,NULL,101,'T627','04581','00152','m-t0627-04581-00152.jpg',1940),(2192,3,2,3,NULL,101,'T627','04581','00153','m-t0627-04581-00153.jpg',1940),(2193,3,2,3,NULL,101,'T627','04581','00154','m-t0627-04581-00154.jpg',1940),(2194,3,2,3,NULL,101,'T627','04581','00155','m-t0627-04581-00155.jpg',1940),(2195,3,2,3,NULL,101,'T627','04581','00156','m-t0627-04581-00156.jpg',1940),(2196,3,2,3,NULL,101,'T627','04581','00157','m-t0627-04581-00157.jpg',1940),(2197,2,2,3,NULL,102,'T1224','00118','01101','m-t1224-00118-01101.jpg',1940),(2198,3,2,3,NULL,102,'T627','04581','00158','m-t0627-04581-00158.jpg',1940),(2199,3,2,3,NULL,102,'T627','04581','00159','m-t0627-04581-00159.jpg',1940),(2200,3,2,3,NULL,102,'T627','04581','00160','m-t0627-04581-00160.jpg',1940),(2201,3,2,3,NULL,102,'T627','04581','00161','m-t0627-04581-00161.jpg',1940),(2202,2,2,3,NULL,103,'T1224','00118','01101','m-t1224-00118-01101.jpg',1940),(2203,3,2,3,NULL,103,'T627','04581','00162','m-t0627-04581-00162.jpg',1940),(2204,3,2,3,NULL,103,'T627','04581','00163','m-t0627-04581-00163.jpg',1940),(2205,2,2,3,NULL,104,'T1224','00118','01101','m-t1224-00118-01101.jpg',1940),(2206,3,2,3,NULL,104,'T627','04581','00164','m-t0627-04581-00164.jpg',1940),(2207,3,2,3,NULL,104,'T627','04581','00165','m-t0627-04581-00165.jpg',1940),(2208,3,2,3,NULL,104,'T627','04581','00166','m-t0627-04581-00166.jpg',1940),(2209,3,2,3,NULL,104,'T627','04581','00167','m-t0627-04581-00167.jpg',1940),(2210,3,2,3,NULL,104,'T627','04581','00168','m-t0627-04581-00168.jpg',1940),(2211,3,2,3,NULL,104,'T627','04581','00169','m-t0627-04581-00169.jpg',1940),(2212,3,2,3,NULL,104,'T627','04581','00170','m-t0627-04581-00170.jpg',1940),(2213,3,2,3,NULL,104,'T627','04581','00171','m-t0627-04581-00171.jpg',1940),(2214,3,2,3,NULL,104,'T627','04581','00172','m-t0627-04581-00172.jpg',1940),(2215,3,2,3,NULL,104,'T627','04581','00173','m-t0627-04581-00173.jpg',1940),(2216,3,2,3,NULL,104,'T627','04581','00174','m-t0627-04581-00174.jpg',1940),(2217,3,2,3,NULL,104,'T627','04581','00175','m-t0627-04581-00175.jpg',1940),(2218,3,2,3,NULL,104,'T627','04581','00176','m-t0627-04581-00176.jpg',1940),(2219,3,2,3,NULL,104,'T627','04581','00177','m-t0627-04581-00177.jpg',1940),(2220,3,2,3,NULL,104,'T627','04581','00178','m-t0627-04581-00178.jpg',1940),(2221,3,2,3,NULL,104,'T627','04581','00179','m-t0627-04581-00179.jpg',1940),(2222,3,2,3,NULL,104,'T627','04581','00180','m-t0627-04581-00180.jpg',1940),(2223,3,2,3,NULL,104,'T627','04581','00181','m-t0627-04581-00181.jpg',1940),(2224,3,2,3,NULL,104,'T627','04581','00182','m-t0627-04581-00182.jpg',1940),(2225,3,2,3,NULL,104,'T627','04581','00183','m-t0627-04581-00183.jpg',1940),(2226,3,2,3,NULL,104,'T627','04581','00184','m-t0627-04581-00184.jpg',1940),(2227,3,2,3,NULL,104,'T627','04581','00185','m-t0627-04581-00185.jpg',1940),(2228,2,2,3,NULL,105,'T1224','00118','01102','m-t1224-00118-01102.jpg',1940),(2229,3,2,3,NULL,105,'T627','04581','00526','m-t0627-04581-00526.jpg',1940),(2230,3,2,3,NULL,105,'T627','04581','00527','m-t0627-04581-00527.jpg',1940),(2231,3,2,3,NULL,105,'T627','04581','00528','m-t0627-04581-00528.jpg',1940),(2232,3,2,3,NULL,105,'T627','04581','00529','m-t0627-04581-00529.jpg',1940),(2233,3,2,3,NULL,105,'T627','04581','00530','m-t0627-04581-00530.jpg',1940),(2234,3,2,3,NULL,105,'T627','04581','00531','m-t0627-04581-00531.jpg',1940),(2235,3,2,3,NULL,105,'T627','04581','00532','m-t0627-04581-00532.jpg',1940),(2236,3,2,3,NULL,105,'T627','04581','00533','m-t0627-04581-00533.jpg',1940),(2237,2,2,3,NULL,106,'T1224','00118','01102','m-t1224-00118-01102.jpg',1940),(2238,3,2,3,NULL,106,'T627','04581','00534','m-t0627-04581-00534.jpg',1940),(2239,3,2,3,NULL,106,'T627','04581','00535','m-t0627-04581-00535.jpg',1940),(2240,3,2,3,NULL,106,'T627','04581','00536','m-t0627-04581-00536.jpg',1940),(2241,3,2,3,NULL,106,'T627','04581','00537','m-t0627-04581-00537.jpg',1940),(2242,2,2,3,NULL,107,'T1224','00118','01102','m-t1224-00118-01102.jpg',1940),(2243,3,2,3,NULL,107,'T627','04581','00538','m-t0627-04581-00538.jpg',1940),(2244,3,2,3,NULL,107,'T627','04581','00539','m-t0627-04581-00539.jpg',1940),(2245,2,2,3,NULL,108,'T1224','00118','01102','m-t1224-00118-01102.jpg',1940),(2246,3,2,3,NULL,108,'T627','04581','00540','m-t0627-04581-00540.jpg',1940),(2247,3,2,3,NULL,108,'T627','04581','00541','m-t0627-04581-00541.jpg',1940),(2248,3,2,3,NULL,108,'T627','04581','00542','m-t0627-04581-00542.jpg',1940),(2249,3,2,3,NULL,108,'T627','04581','00543','m-t0627-04581-00543.jpg',1940),(2250,2,2,3,NULL,109,'T1224','00118','01103','m-t1224-00118-01103.jpg',1940),(2251,3,2,3,NULL,109,'T627','04581','00544','m-t0627-04581-00544.jpg',1940),(2252,3,2,3,NULL,109,'T627','04581','00545','m-t0627-04581-00545.jpg',1940),(2253,3,2,3,NULL,109,'T627','04581','00546','m-t0627-04581-00546.jpg',1940),(2254,3,2,3,NULL,109,'T627','04581','00547','m-t0627-04581-00547.jpg',1940),(2255,3,2,3,NULL,109,'T627','04581','00548','m-t0627-04581-00548.jpg',1940),(2256,3,2,3,NULL,109,'T627','04581','00549','m-t0627-04581-00549.jpg',1940),(2257,3,2,3,NULL,109,'T627','04581','00550','m-t0627-04581-00550.jpg',1940),(2258,3,2,3,NULL,109,'T627','04581','00551','m-t0627-04581-00551.jpg',1940),(2259,2,2,3,NULL,110,'T1224','00118','01103','m-t1224-00118-01103.jpg',1940),(2260,3,2,3,NULL,110,'T627','04581','00552','m-t0627-04581-00552.jpg',1940),(2261,3,2,3,NULL,110,'T627','04581','00553','m-t0627-04581-00553.jpg',1940),(2262,3,2,3,NULL,110,'T627','04581','00554','m-t0627-04581-00554.jpg',1940),(2263,3,2,3,NULL,110,'T627','04581','00555','m-t0627-04581-00555.jpg',1940),(2264,2,2,3,NULL,111,'T1224','00118','01103','m-t1224-00118-01103.jpg',1940),(2265,3,2,3,NULL,111,'T627','04581','00597','m-t0627-04581-00597.jpg',1940),(2266,3,2,3,NULL,111,'T627','04581','00598','m-t0627-04581-00598.jpg',1940),(2267,3,2,3,NULL,111,'T627','04581','00599','m-t0627-04581-00599.jpg',1940),(2268,3,2,3,NULL,111,'T627','04581','00600','m-t0627-04581-00600.jpg',1940),(2269,3,2,3,NULL,111,'T627','04581','00601','m-t0627-04581-00601.jpg',1940),(2270,3,2,3,NULL,111,'T627','04581','00602','m-t0627-04581-00602.jpg',1940),(2271,3,2,3,NULL,111,'T627','04581','00603','m-t0627-04581-00603.jpg',1940),(2272,3,2,3,NULL,111,'T627','04581','00604','m-t0627-04581-00604.jpg',1940),(2273,2,2,3,NULL,112,'T1224','00118','01104','m-t1224-00118-01104.jpg',1940),(2274,3,2,3,NULL,112,'T627','04581','00887','m-t0627-04581-00887.jpg',1940),(2275,3,2,3,NULL,112,'T627','04581','00888','m-t0627-04581-00888.jpg',1940),(2276,3,2,3,NULL,112,'T627','04581','00889','m-t0627-04581-00889.jpg',1940),(2277,3,2,3,NULL,112,'T627','04581','00890','m-t0627-04581-00890.jpg',1940),(2278,3,2,3,NULL,112,'T627','04581','00891','m-t0627-04581-00891.jpg',1940),(2279,3,2,3,NULL,112,'T627','04581','00892','m-t0627-04581-00892.jpg',1940),(2280,2,2,3,NULL,113,'T1224','00118','01104','m-t1224-00118-01104.jpg',1940),(2281,3,2,3,NULL,113,'T627','04581','00893','m-t0627-04581-00893.jpg',1940),(2282,3,2,3,NULL,113,'T627','04581','00894','m-t0627-04581-00894.jpg',1940),(2283,3,2,3,NULL,113,'T627','04581','00895','m-t0627-04581-00895.jpg',1940),(2284,3,2,3,NULL,113,'T627','04581','00896','m-t0627-04581-00896.jpg',1940),(2285,3,2,3,NULL,113,'T627','04581','00897','m-t0627-04581-00897.jpg',1940),(2286,3,2,3,NULL,113,'T627','04581','00898','m-t0627-04581-00898.jpg',1940),(2287,2,2,3,NULL,114,'T1224','00118','01104','m-t1224-00118-01104.jpg',1940),(2288,3,2,3,NULL,114,'T627','04581','00899','m-t0627-04581-00899.jpg',1940),(2289,3,2,3,NULL,114,'T627','04581','00900','m-t0627-04581-00900.jpg',1940),(2290,3,2,3,NULL,114,'T627','04581','00901','m-t0627-04581-00901.jpg',1940),(2291,3,2,3,NULL,114,'T627','04581','00902','m-t0627-04581-00902.jpg',1940),(2292,2,2,3,NULL,115,'T1224','00118','01105','m-t1224-00118-01105.jpg',1940),(2293,3,2,3,NULL,115,'T627','04581','00904','m-t0627-04581-00904.jpg',1940),(2294,3,2,3,NULL,115,'T627','04581','00905','m-t0627-04581-00905.jpg',1940),(2295,3,2,3,NULL,115,'T627','04581','00906','m-t0627-04581-00906.jpg',1940),(2296,3,2,3,NULL,115,'T627','04581','00907','m-t0627-04581-00907.jpg',1940),(2297,3,2,3,NULL,115,'T627','04581','00908','m-t0627-04581-00908.jpg',1940),(2298,3,2,3,NULL,115,'T627','04581','00909','m-t0627-04581-00909.jpg',1940),(2299,3,2,3,NULL,115,'T627','04581','00910','m-t0627-04581-00910.jpg',1940),(2300,3,2,3,NULL,115,'T627','04581','00911','m-t0627-04581-00911.jpg',1940),(2301,2,2,3,NULL,116,'T1224','00118','01105','m-t1224-00118-01105.jpg',1940),(2302,3,2,3,NULL,116,'T627','04581','00912','m-t0627-04581-00912.jpg',1940),(2303,3,2,3,NULL,116,'T627','04581','00913','m-t0627-04581-00913.jpg',1940),(2304,3,2,3,NULL,116,'T627','04581','00914','m-t0627-04581-00914.jpg',1940),(2305,3,2,3,NULL,116,'T627','04581','00915','m-t0627-04581-00915.jpg',1940),(2306,2,2,3,NULL,117,'T1224','00118','01105','m-t1224-00118-01105.jpg',1940),(2307,3,2,3,NULL,117,'T627','04581','00187','m-t0627-04581-00187.jpg',1940),(2308,3,2,3,NULL,117,'T627','04581','00188','m-t0627-04581-00188.jpg',1940),(2309,3,2,3,NULL,117,'T627','04581','00189','m-t0627-04581-00189.jpg',1940),(2310,3,2,3,NULL,117,'T627','04581','00190','m-t0627-04581-00190.jpg',1940),(2311,3,2,3,NULL,117,'T627','04581','00191','m-t0627-04581-00191.jpg',1940),(2312,3,2,3,NULL,117,'T627','04581','00192','m-t0627-04581-00192.jpg',1940),(2313,3,2,3,NULL,117,'T627','04581','00193','m-t0627-04581-00193.jpg',1940),(2314,3,2,3,NULL,117,'T627','04581','00194','m-t0627-04581-00194.jpg',1940),(2315,3,2,3,NULL,117,'T627','04581','00195','m-t0627-04581-00195.jpg',1940),(2316,3,2,3,NULL,117,'T627','04581','00196','m-t0627-04581-00196.jpg',1940),(2317,3,2,3,NULL,117,'T627','04581','00197','m-t0627-04581-00197.jpg',1940),(2318,3,2,3,NULL,117,'T627','04581','00198','m-t0627-04581-00198.jpg',1940),(2319,3,2,3,NULL,117,'T627','04581','00199','m-t0627-04581-00199.jpg',1940),(2320,3,2,3,NULL,117,'T627','04581','00200','m-t0627-04581-00200.jpg',1940),(2321,2,2,3,NULL,118,'T1224','00118','01106','m-t1224-00118-01106.jpg',1940),(2322,3,2,3,NULL,118,'T627','04581','00201','m-t0627-04581-00201.jpg',1940),(2323,3,2,3,NULL,118,'T627','04581','00202','m-t0627-04581-00202.jpg',1940),(2324,3,2,3,NULL,118,'T627','04581','00203','m-t0627-04581-00203.jpg',1940),(2325,3,2,3,NULL,118,'T627','04581','00204','m-t0627-04581-00204.jpg',1940),(2326,2,2,3,NULL,119,'T1224','00118','01106','m-t1224-00118-01106.jpg',1940),(2327,3,2,3,NULL,119,'T627','04581','00205','m-t0627-04581-00205.jpg',1940),(2328,3,2,3,NULL,119,'T627','04581','00206','m-t0627-04581-00206.jpg',1940),(2329,3,2,3,NULL,119,'T627','04581','00207','m-t0627-04581-00207.jpg',1940),(2330,3,2,3,NULL,119,'T627','04581','00208','m-t0627-04581-00208.jpg',1940),(2331,3,2,3,NULL,119,'T627','04581','00209','m-t0627-04581-00209.jpg',1940),(2332,3,2,3,NULL,119,'T627','04581','00210','m-t0627-04581-00210.jpg',1940),(2333,3,2,3,NULL,119,'T627','04581','00211','m-t0627-04581-00211.jpg',1940),(2334,3,2,3,NULL,119,'T627','04581','00212','m-t0627-04581-00212.jpg',1940),(2335,3,2,3,NULL,119,'T627','04581','00213','m-t0627-04581-00213.jpg',1940),(2336,3,2,3,NULL,119,'T627','04581','00214','m-t0627-04581-00214.jpg',1940),(2337,2,2,3,NULL,120,'T1224','00118','01106','m-t1224-00118-01106.jpg',1940),(2338,3,2,3,NULL,120,'T627','04581','00215','m-t0627-04581-00215.jpg',1940),(2339,3,2,3,NULL,120,'T627','04581','00216','m-t0627-04581-00216.jpg',1940),(2340,3,2,3,NULL,120,'T627','04581','00217','m-t0627-04581-00217.jpg',1940),(2341,3,2,3,NULL,120,'T627','04581','00218','m-t0627-04581-00218.jpg',1940),(2342,3,2,3,NULL,120,'T627','04581','00219','m-t0627-04581-00219.jpg',1940),(2343,3,2,3,NULL,120,'T627','04581','00220','m-t0627-04581-00220.jpg',1940),(2344,3,2,3,NULL,120,'T627','04581','00221','m-t0627-04581-00221.jpg',1940),(2345,3,2,3,NULL,120,'T627','04581','00222','m-t0627-04581-00222.jpg',1940),(2346,3,2,3,NULL,120,'T627','04581','00223','m-t0627-04581-00223.jpg',1940),(2347,3,2,3,NULL,120,'T627','04581','00224','m-t0627-04581-00224.jpg',1940),(2348,3,2,3,NULL,120,'T627','04581','00225','m-t0627-04581-00225.jpg',1940),(2349,3,2,3,NULL,120,'T627','04581','00226','m-t0627-04581-00226.jpg',1940),(2350,3,2,3,NULL,120,'T627','04581','00227','m-t0627-04581-00227.jpg',1940),(2351,3,2,3,NULL,120,'T627','04581','00228','m-t0627-04581-00228.jpg',1940),(2352,3,2,3,NULL,120,'T627','04581','00229','m-t0627-04581-00229.jpg',1940),(2353,3,2,3,NULL,120,'T627','04581','00230','m-t0627-04581-00230.jpg',1940),(2354,2,2,3,NULL,121,'T1224','00118','01107','m-t1224-00118-01107.jpg',1940),(2355,3,2,3,NULL,121,'T627','04581','00232','m-t0627-04581-00232.jpg',1940),(2356,3,2,3,NULL,121,'T627','04581','00233','m-t0627-04581-00233.jpg',1940),(2357,3,2,3,NULL,121,'T627','04581','00234','m-t0627-04581-00234.jpg',1940),(2358,3,2,3,NULL,121,'T627','04581','00235','m-t0627-04581-00235.jpg',1940),(2359,2,2,3,NULL,122,'T1224','00118','01107','m-t1224-00118-01107.jpg',1940),(2360,3,2,3,NULL,122,'T627','04581','00236','m-t0627-04581-00236.jpg',1940),(2361,3,2,3,NULL,122,'T627','04581','00237','m-t0627-04581-00237.jpg',1940),(2362,3,2,3,NULL,122,'T627','04581','00238','m-t0627-04581-00238.jpg',1940),(2363,3,2,3,NULL,122,'T627','04581','00239','m-t0627-04581-00239.jpg',1940),(2364,2,2,3,NULL,123,'T1224','00118','01107','m-t1224-00118-01107.jpg',1940),(2365,3,2,3,NULL,123,'T627','04581','00240','m-t0627-04581-00240.jpg',1940),(2366,3,2,3,NULL,123,'T627','04581','00241','m-t0627-04581-00241.jpg',1940),(2367,3,2,3,NULL,123,'T627','04581','00242','m-t0627-04581-00242.jpg',1940),(2368,3,2,3,NULL,123,'T627','04581','00243','m-t0627-04581-00243.jpg',1940),(2369,3,2,3,NULL,123,'T627','04581','00244','m-t0627-04581-00244.jpg',1940),(2370,3,2,3,NULL,123,'T627','04581','00245','m-t0627-04581-00245.jpg',1940),(2371,3,2,3,NULL,123,'T627','04581','00246','m-t0627-04581-00246.jpg',1940),(2372,3,2,3,NULL,123,'T627','04581','00247','m-t0627-04581-00247.jpg',1940),(2373,2,2,3,NULL,124,'T1224','00118','01107','m-t1224-00118-01107.jpg',1940),(2374,3,2,3,NULL,124,'T627','04581','00248','m-t0627-04581-00248.jpg',1940),(2375,3,2,3,NULL,124,'T627','04581','00249','m-t0627-04581-00249.jpg',1940),(2376,3,2,3,NULL,124,'T627','04581','00250','m-t0627-04581-00250.jpg',1940),(2377,3,2,3,NULL,124,'T627','04581','00251','m-t0627-04581-00251.jpg',1940),(2378,3,2,3,NULL,124,'T627','04581','00252','m-t0627-04581-00252.jpg',1940),(2379,3,2,3,NULL,124,'T627','04581','00253','m-t0627-04581-00253.jpg',1940),(2380,3,2,3,NULL,124,'T627','04581','00254','m-t0627-04581-00254.jpg',1940),(2381,3,2,3,NULL,124,'T627','04581','00255','m-t0627-04581-00255.jpg',1940),(2382,3,2,3,NULL,124,'T627','04581','00256','m-t0627-04581-00256.jpg',1940),(2383,3,2,3,NULL,124,'T627','04581','00257','m-t0627-04581-00257.jpg',1940),(2384,2,2,3,NULL,125,'T1224','00118','01108','m-t1224-00118-01108.jpg',1940),(2385,3,2,3,NULL,125,'T627','04581','00557','m-t0627-04581-00557.jpg',1940),(2386,3,2,3,NULL,125,'T627','04581','00558','m-t0627-04581-00558.jpg',1940),(2387,3,2,3,NULL,125,'T627','04581','00559','m-t0627-04581-00559.jpg',1940),(2388,3,2,3,NULL,125,'T627','04581','00560','m-t0627-04581-00560.jpg',1940),(2389,3,2,3,NULL,125,'T627','04581','00561','m-t0627-04581-00561.jpg',1940),(2390,3,2,3,NULL,125,'T627','04581','00562','m-t0627-04581-00562.jpg',1940),(2391,3,2,3,NULL,125,'T627','04581','00563','m-t0627-04581-00563.jpg',1940),(2392,3,2,3,NULL,125,'T627','04581','00564','m-t0627-04581-00564.jpg',1940),(2393,3,2,3,NULL,125,'T627','04581','00565','m-t0627-04581-00565.jpg',1940),(2394,3,2,3,NULL,125,'T627','04581','00566','m-t0627-04581-00566.jpg',1940),(2395,3,2,3,NULL,125,'T627','04581','00567','m-t0627-04581-00567.jpg',1940),(2396,3,2,3,NULL,125,'T627','04581','00568','m-t0627-04581-00568.jpg',1940),(2397,3,2,3,NULL,125,'T627','04581','00569','m-t0627-04581-00569.jpg',1940),(2398,3,2,3,NULL,125,'T627','04581','00570','m-t0627-04581-00570.jpg',1940),(2399,3,2,3,NULL,125,'T627','04581','00571','m-t0627-04581-00571.jpg',1940),(2400,3,2,3,NULL,125,'T627','04581','00572','m-t0627-04581-00572.jpg',1940),(2401,1,2,3,6,NULL,'A3378','00073','00035','m-a3378-00073-00035.jpg',1940),(2402,1,2,3,6,NULL,'A3378','00073','00036','m-a3378-00073-00036.jpg',1940),(2403,1,2,3,6,NULL,'A3378','00073','00037','m-a3378-00073-00037.jpg',1940),(2404,1,2,3,6,NULL,'A3378','00073','00038','m-a3378-00073-00038.jpg',1940),(2405,1,2,3,6,NULL,'A3378','00073','00039','m-a3378-00073-00039.jpg',1940),(2406,1,2,3,6,NULL,'A3378','00073','00040','m-a3378-00073-00040.jpg',1940),(2407,1,2,3,NULL,NULL,'A3378','00073','00083','m-a3378-00073-00083.jpg',1940),(2408,1,2,3,NULL,NULL,'A3378','00073','00084','m-a3378-00073-00084.jpg',1940),(2409,2,2,4,NULL,126,'T1224','00118','01059','m-t1224-00118-01059.jpg',1940),(2410,3,2,4,NULL,126,'T627','04579','00006','m-t0627-04579-00006.jpg',1940),(2411,3,2,4,NULL,126,'T627','04579','00007','m-t0627-04579-00007.jpg',1940),(2412,3,2,4,NULL,126,'T627','04579','00008','m-t0627-04579-00008.jpg',1940),(2413,3,2,4,NULL,126,'T627','04579','00009','m-t0627-04579-00009.jpg',1940),(2414,3,2,4,NULL,126,'T627','04579','00010','m-t0627-04579-00010.jpg',1940),(2415,3,2,4,NULL,126,'T627','04579','00011','m-t0627-04579-00011.jpg',1940),(2416,3,2,4,NULL,126,'T627','04579','00012','m-t0627-04579-00012.jpg',1940),(2417,3,2,4,NULL,126,'T627','04579','00013','m-t0627-04579-00013.jpg',1940),(2418,3,2,4,NULL,126,'T627','04579','00014','m-t0627-04579-00014.jpg',1940),(2419,3,2,4,NULL,126,'T627','04579','00015','m-t0627-04579-00015.jpg',1940),(2420,3,2,4,NULL,126,'T627','04579','00016','m-t0627-04579-00016.jpg',1940),(2421,3,2,4,NULL,126,'T627','04579','00017','m-t0627-04579-00017.jpg',1940),(2422,3,2,4,NULL,126,'T627','04579','00018','m-t0627-04579-00018.jpg',1940),(2423,3,2,4,NULL,126,'T627','04579','00019','m-t0627-04579-00019.jpg',1940),(2424,3,2,4,NULL,126,'T627','04579','00020','m-t0627-04579-00020.jpg',1940),(2425,3,2,4,NULL,126,'T627','04579','00021','m-t0627-04579-00021.jpg',1940),(2426,3,2,4,NULL,126,'T627','04579','00022','m-t0627-04579-00022.jpg',1940),(2427,3,2,4,NULL,126,'T627','04579','00023','m-t0627-04579-00023.jpg',1940),(2428,3,2,4,NULL,126,'T627','04579','00024','m-t0627-04579-00024.jpg',1940),(2429,3,2,4,NULL,126,'T627','04579','00025','m-t0627-04579-00025.jpg',1940),(2430,3,2,4,NULL,126,'T627','04579','00026','m-t0627-04579-00026.jpg',1940),(2431,3,2,4,NULL,126,'T627','04579','00027','m-t0627-04579-00027.jpg',1940),(2432,3,2,4,NULL,126,'T627','04579','00028','m-t0627-04579-00028.jpg',1940),(2433,3,2,4,NULL,126,'T627','04579','00029','m-t0627-04579-00029.jpg',1940),(2434,3,2,4,NULL,126,'T627','04579','00030','m-t0627-04579-00030.jpg',1940),(2435,3,2,4,NULL,126,'T627','04579','00031','m-t0627-04579-00031.jpg',1940),(2436,3,2,4,NULL,126,'T627','04579','00032','m-t0627-04579-00032.jpg',1940),(2437,3,2,4,NULL,126,'T627','04579','00033','m-t0627-04579-00033.jpg',1940),(2438,3,2,4,NULL,126,'T627','04579','00034','m-t0627-04579-00034.jpg',1940),(2439,3,2,4,NULL,126,'T627','04579','00035','m-t0627-04579-00035.jpg',1940),(2440,3,2,4,NULL,126,'T627','04579','00036','m-t0627-04579-00036.jpg',1940),(2441,3,2,4,NULL,126,'T627','04579','00037','m-t0627-04579-00037.jpg',1940),(2442,3,2,4,NULL,126,'T627','04579','00038','m-t0627-04579-00038.jpg',1940),(2443,3,2,4,NULL,126,'T627','04579','00039','m-t0627-04579-00039.jpg',1940),(2444,3,2,4,NULL,126,'T627','04579','00040','m-t0627-04579-00040.jpg',1940),(2445,3,2,4,NULL,126,'T627','04579','00041','m-t0627-04579-00041.jpg',1940),(2446,3,2,4,NULL,126,'T627','04579','00042','m-t0627-04579-00042.jpg',1940),(2447,3,2,4,NULL,126,'T627','04579','00043','m-t0627-04579-00043.jpg',1940),(2448,3,2,4,NULL,126,'T627','04579','00044','m-t0627-04579-00044.jpg',1940),(2449,3,2,4,NULL,126,'T627','04579','00045','m-t0627-04579-00045.jpg',1940),(2450,3,2,4,NULL,126,'T627','04579','00046','m-t0627-04579-00046.jpg',1940),(2451,3,2,4,NULL,126,'T627','04579','00047','m-t0627-04579-00047.jpg',1940),(2452,3,2,4,NULL,126,'T627','04579','00048','m-t0627-04579-00048.jpg',1940),(2453,3,2,4,NULL,126,'T627','04579','00049','m-t0627-04579-00049.jpg',1940),(2454,3,2,4,NULL,126,'T627','04579','00050','m-t0627-04579-00050.jpg',1940),(2455,3,2,4,NULL,126,'T627','04579','00051','m-t0627-04579-00051.jpg',1940),(2456,3,2,4,NULL,126,'T627','04579','00052','m-t0627-04579-00052.jpg',1940),(2457,3,2,4,NULL,126,'T627','04579','00053','m-t0627-04579-00053.jpg',1940),(2458,3,2,4,NULL,126,'T627','04579','00054','m-t0627-04579-00054.jpg',1940),(2459,3,2,4,NULL,126,'T627','04579','00055','m-t0627-04579-00055.jpg',1940),(2460,3,2,4,NULL,126,'T627','04579','00056','m-t0627-04579-00056.jpg',1940),(2461,3,2,4,NULL,126,'T627','04579','00057','m-t0627-04579-00057.jpg',1940),(2462,3,2,4,NULL,126,'T627','04579','00058','m-t0627-04579-00058.jpg',1940),(2463,3,2,4,NULL,126,'T627','04579','00059','m-t0627-04579-00059.jpg',1940),(2464,3,2,4,NULL,126,'T627','04579','00060','m-t0627-04579-00060.jpg',1940),(2465,3,2,4,NULL,126,'T627','04579','00061','m-t0627-04579-00061.jpg',1940),(2466,3,2,4,NULL,126,'T627','04579','00062','m-t0627-04579-00062.jpg',1940),(2467,3,2,4,NULL,126,'T627','04579','00063','m-t0627-04579-00063.jpg',1940),(2468,3,2,4,NULL,126,'T627','04579','00064','m-t0627-04579-00064.jpg',1940),(2469,3,2,4,NULL,126,'T627','04579','00065','m-t0627-04579-00065.jpg',1940),(2470,3,2,4,NULL,126,'T627','04579','00066','m-t0627-04579-00066.jpg',1940),(2471,3,2,4,NULL,126,'T627','04579','00067','m-t0627-04579-00067.jpg',1940),(2472,3,2,4,NULL,126,'T627','04579','00068','m-t0627-04579-00068.jpg',1940),(2473,3,2,4,NULL,126,'T627','04579','00069','m-t0627-04579-00069.jpg',1940),(2474,3,2,4,NULL,126,'T627','04579','00070','m-t0627-04579-00070.jpg',1940),(2475,3,2,4,NULL,126,'T627','04579','00071','m-t0627-04579-00071.jpg',1940),(2476,3,2,4,NULL,126,'T627','04579','00072','m-t0627-04579-00072.jpg',1940),(2477,3,2,4,NULL,126,'T627','04579','00073','m-t0627-04579-00073.jpg',1940),(2478,3,2,4,NULL,126,'T627','04579','00074','m-t0627-04579-00074.jpg',1940),(2479,3,2,4,NULL,126,'T627','04579','00075','m-t0627-04579-00075.jpg',1940),(2480,3,2,4,NULL,126,'T627','04579','00076','m-t0627-04579-00076.jpg',1940),(2481,3,2,4,NULL,126,'T627','04579','00077','m-t0627-04579-00077.jpg',1940),(2482,3,2,4,NULL,126,'T627','04579','00078','m-t0627-04579-00078.jpg',1940),(2483,3,2,4,NULL,126,'T627','04579','00079','m-t0627-04579-00079.jpg',1940),(2484,3,2,4,NULL,126,'T627','04579','00080','m-t0627-04579-00080.jpg',1940),(2485,3,2,4,NULL,126,'T627','04579','00081','m-t0627-04579-00081.jpg',1940),(2486,2,2,4,NULL,127,'T1224','00118','01059','m-t1224-00118-01059.jpg',1940),(2487,3,2,4,NULL,127,'T627','04579','00082','m-t0627-04579-00082.jpg',1940),(2488,3,2,4,NULL,127,'T627','04579','00083','m-t0627-04579-00083.jpg',1940),(2489,3,2,4,NULL,127,'T627','04579','00084','m-t0627-04579-00084.jpg',1940),(2490,3,2,4,NULL,127,'T627','04579','00085','m-t0627-04579-00085.jpg',1940),(2491,3,2,4,NULL,127,'T627','04579','00086','m-t0627-04579-00086.jpg',1940),(2492,3,2,4,NULL,127,'T627','04579','00087','m-t0627-04579-00087.jpg',1940),(2493,3,2,4,NULL,127,'T627','04579','00088','m-t0627-04579-00088.jpg',1940),(2494,3,2,4,NULL,127,'T627','04579','00089','m-t0627-04579-00089.jpg',1940),(2495,3,2,4,NULL,127,'T627','04579','00090','m-t0627-04579-00090.jpg',1940),(2496,3,2,4,NULL,127,'T627','04579','00091','m-t0627-04579-00091.jpg',1940),(2497,2,2,4,NULL,128,'T1224','00118','01059','m-t1224-00118-01059.jpg',1940),(2498,3,2,4,NULL,128,'T627','04579','00092','m-t0627-04579-00092.jpg',1940),(2499,3,2,4,NULL,128,'T627','04579','00093','m-t0627-04579-00093.jpg',1940),(2500,3,2,4,NULL,128,'T627','04579','00094','m-t0627-04579-00094.jpg',1940),(2501,3,2,4,NULL,128,'T627','04579','00095','m-t0627-04579-00095.jpg',1940),(2502,3,2,4,NULL,128,'T627','04579','00096','m-t0627-04579-00096.jpg',1940),(2503,3,2,4,NULL,128,'T627','04579','00097','m-t0627-04579-00097.jpg',1940),(2504,2,2,4,NULL,129,'T1224','00118','01059','m-t1224-00118-01059.jpg',1940),(2505,3,2,4,NULL,129,'T627','04579','00098','m-t0627-04579-00098.jpg',1940),(2506,3,2,4,NULL,129,'T627','04579','00099','m-t0627-04579-00099.jpg',1940),(2507,3,2,4,NULL,129,'T627','04579','00100','m-t0627-04579-00100.jpg',1940),(2508,3,2,4,NULL,129,'T627','04579','00101','m-t0627-04579-00101.jpg',1940),(2509,3,2,4,NULL,129,'T627','04579','00102','m-t0627-04579-00102.jpg',1940),(2510,3,2,4,NULL,129,'T627','04579','00103','m-t0627-04579-00103.jpg',1940),(2511,3,2,4,NULL,129,'T627','04579','00104','m-t0627-04579-00104.jpg',1940),(2512,3,2,4,NULL,129,'T627','04579','00105','m-t0627-04579-00105.jpg',1940),(2513,3,2,4,NULL,129,'T627','04579','00106','m-t0627-04579-00106.jpg',1940),(2514,3,2,4,NULL,129,'T627','04579','00107','m-t0627-04579-00107.jpg',1940),(2515,3,2,4,NULL,129,'T627','04579','00108','m-t0627-04579-00108.jpg',1940),(2516,3,2,4,NULL,129,'T627','04579','00109','m-t0627-04579-00109.jpg',1940),(2517,2,2,4,NULL,130,'T1224','00118','01059','m-t1224-00118-01059.jpg',1940),(2518,3,2,4,NULL,130,'T627','04579','00110','m-t0627-04579-00110.jpg',1940),(2519,3,2,4,NULL,130,'T627','04579','00111','m-t0627-04579-00111.jpg',1940),(2520,3,2,4,NULL,130,'T627','04579','00112','m-t0627-04579-00112.jpg',1940),(2521,3,2,4,NULL,130,'T627','04579','00113','m-t0627-04579-00113.jpg',1940),(2522,3,2,4,NULL,130,'T627','04579','00114','m-t0627-04579-00114.jpg',1940),(2523,3,2,4,NULL,130,'T627','04579','00115','m-t0627-04579-00115.jpg',1940),(2524,3,2,4,NULL,130,'T627','04579','00116','m-t0627-04579-00116.jpg',1940),(2525,3,2,4,NULL,130,'T627','04579','00117','m-t0627-04579-00117.jpg',1940),(2526,3,2,4,NULL,130,'T627','04579','00118','m-t0627-04579-00118.jpg',1940),(2527,3,2,4,NULL,130,'T627','04579','00119','m-t0627-04579-00119.jpg',1940),(2528,3,2,4,NULL,130,'T627','04579','00120','m-t0627-04579-00120.jpg',1940),(2529,3,2,4,NULL,130,'T627','04579','00121','m-t0627-04579-00121.jpg',1940),(2530,3,2,4,NULL,130,'T627','04579','00122','m-t0627-04579-00122.jpg',1940),(2531,3,2,4,NULL,130,'T627','04579','00123','m-t0627-04579-00123.jpg',1940),(2532,3,2,4,NULL,130,'T627','04579','00124','m-t0627-04579-00124.jpg',1940),(2533,3,2,4,NULL,130,'T627','04579','00125','m-t0627-04579-00125.jpg',1940),(2534,3,2,4,NULL,130,'T627','04579','00126','m-t0627-04579-00126.jpg',1940),(2535,3,2,4,NULL,130,'T627','04579','00127','m-t0627-04579-00127.jpg',1940),(2536,3,2,4,NULL,130,'T627','04579','00128','m-t0627-04579-00128.jpg',1940),(2537,3,2,4,NULL,130,'T627','04579','00129','m-t0627-04579-00129.jpg',1940),(2538,3,2,4,NULL,130,'T627','04579','00130','m-t0627-04579-00130.jpg',1940),(2539,3,2,4,NULL,130,'T627','04579','00131','m-t0627-04579-00131.jpg',1940),(2540,3,2,4,NULL,130,'T627','04579','00132','m-t0627-04579-00132.jpg',1940),(2541,3,2,4,NULL,130,'T627','04579','00133','m-t0627-04579-00133.jpg',1940),(2542,3,2,4,NULL,130,'T627','04579','00134','m-t0627-04579-00134.jpg',1940),(2543,3,2,4,NULL,130,'T627','04579','00135','m-t0627-04579-00135.jpg',1940),(2544,2,2,4,NULL,131,'T1224','00118','01060','m-t1224-00118-01060.jpg',1940),(2545,3,2,4,NULL,131,'T627','04579','00136','m-t0627-04579-00136.jpg',1940),(2546,3,2,4,NULL,131,'T627','04579','00137','m-t0627-04579-00137.jpg',1940),(2547,3,2,4,NULL,131,'T627','04579','00138','m-t0627-04579-00138.jpg',1940),(2548,3,2,4,NULL,131,'T627','04579','00139','m-t0627-04579-00139.jpg',1940),(2549,3,2,4,NULL,131,'T627','04579','00140','m-t0627-04579-00140.jpg',1940),(2550,3,2,4,NULL,131,'T627','04579','00141','m-t0627-04579-00141.jpg',1940),(2551,3,2,4,NULL,131,'T627','04579','00142','m-t0627-04579-00142.jpg',1940),(2552,3,2,4,NULL,131,'T627','04579','00143','m-t0627-04579-00143.jpg',1940),(2553,3,2,4,NULL,131,'T627','04579','00144','m-t0627-04579-00144.jpg',1940),(2554,3,2,4,NULL,131,'T627','04579','00145','m-t0627-04579-00145.jpg',1940),(2555,3,2,4,NULL,131,'T627','04579','00146','m-t0627-04579-00146.jpg',1940),(2556,3,2,4,NULL,131,'T627','04579','00147','m-t0627-04579-00147.jpg',1940),(2557,3,2,4,NULL,131,'T627','04579','00148','m-t0627-04579-00148.jpg',1940),(2558,3,2,4,NULL,131,'T627','04579','00149','m-t0627-04579-00149.jpg',1940),(2559,2,2,4,NULL,132,'T1224','00118','01060','m-t1224-00118-01060.jpg',1940),(2560,3,2,4,NULL,132,'T627','04579','00150','m-t0627-04579-00150.jpg',1940),(2561,3,2,4,NULL,132,'T627','04579','00151','m-t0627-04579-00151.jpg',1940),(2562,3,2,4,NULL,132,'T627','04579','00152','m-t0627-04579-00152.jpg',1940),(2563,3,2,4,NULL,132,'T627','04579','00153','m-t0627-04579-00153.jpg',1940),(2564,3,2,4,NULL,132,'T627','04579','00154','m-t0627-04579-00154.jpg',1940),(2565,3,2,4,NULL,132,'T627','04579','00155','m-t0627-04579-00155.jpg',1940),(2566,3,2,4,NULL,132,'T627','04579','00156','m-t0627-04579-00156.jpg',1940),(2567,3,2,4,NULL,132,'T627','04579','00157','m-t0627-04579-00157.jpg',1940),(2568,2,2,4,NULL,133,'T1224','00118','01060','m-t1224-00118-01060.jpg',1940),(2569,3,2,4,NULL,133,'T627','04579','00158','m-t0627-04579-00158.jpg',1940),(2570,3,2,4,NULL,133,'T627','04579','00159','m-t0627-04579-00159.jpg',1940),(2571,3,2,4,NULL,133,'T627','04579','00160','m-t0627-04579-00160.jpg',1940),(2572,3,2,4,NULL,133,'T627','04579','00161','m-t0627-04579-00161.jpg',1940),(2573,3,2,4,NULL,133,'T627','04579','00162','m-t0627-04579-00162.jpg',1940),(2574,3,2,4,NULL,133,'T627','04579','00163','m-t0627-04579-00163.jpg',1940),(2575,2,2,4,NULL,134,'T1224','00118','01060','m-t1224-00118-01060.jpg',1940),(2576,3,2,4,NULL,134,'T627','04579','00164','m-t0627-04579-00164.jpg',1940),(2577,3,2,4,NULL,134,'T627','04579','00165','m-t0627-04579-00165.jpg',1940),(2578,3,2,4,NULL,134,'T627','04579','00166','m-t0627-04579-00166.jpg',1940),(2579,3,2,4,NULL,134,'T627','04579','00167','m-t0627-04579-00167.jpg',1940),(2580,3,2,4,NULL,134,'T627','04579','00168','m-t0627-04579-00168.jpg',1940),(2581,3,2,4,NULL,134,'T627','04579','00169','m-t0627-04579-00169.jpg',1940),(2582,3,2,4,NULL,134,'T627','04579','00170','m-t0627-04579-00170.jpg',1940),(2583,3,2,4,NULL,134,'T627','04579','00171','m-t0627-04579-00171.jpg',1940),(2584,2,2,4,NULL,135,'T1224','00118','01060','m-t1224-00118-01060.jpg',1940),(2585,3,2,4,NULL,135,'T627','04579','00172','m-t0627-04579-00172.jpg',1940),(2586,3,2,4,NULL,135,'T627','04579','00173','m-t0627-04579-00173.jpg',1940),(2587,3,2,4,NULL,135,'T627','04579','00174','m-t0627-04579-00174.jpg',1940),(2588,3,2,4,NULL,135,'T627','04579','00175','m-t0627-04579-00175.jpg',1940),(2589,3,2,4,NULL,135,'T627','04579','00176','m-t0627-04579-00176.jpg',1940),(2590,3,2,4,NULL,135,'T627','04579','00177','m-t0627-04579-00177.jpg',1940),(2591,2,2,4,NULL,136,'T1224','00118','01060','m-t1224-00118-01060.jpg',1940),(2592,3,2,4,NULL,136,'T627','04579','00178','m-t0627-04579-00178.jpg',1940),(2593,3,2,4,NULL,136,'T627','04579','00179','m-t0627-04579-00179.jpg',1940),(2594,3,2,4,NULL,136,'T627','04579','00180','m-t0627-04579-00180.jpg',1940),(2595,3,2,4,NULL,136,'T627','04579','00181','m-t0627-04579-00181.jpg',1940),(2596,2,2,4,NULL,137,'T1224','00118','01061','m-t1224-00118-01061.jpg',1940),(2597,3,2,4,NULL,137,'T627','04579','00183','m-t0627-04579-00183.jpg',1940),(2598,3,2,4,NULL,137,'T627','04579','00184','m-t0627-04579-00184.jpg',1940),(2599,3,2,4,NULL,137,'T627','04579','00185','m-t0627-04579-00185.jpg',1940),(2600,3,2,4,NULL,137,'T627','04579','00186','m-t0627-04579-00186.jpg',1940),(2601,3,2,4,NULL,137,'T627','04579','00187','m-t0627-04579-00187.jpg',1940),(2602,3,2,4,NULL,137,'T627','04579','00188','m-t0627-04579-00188.jpg',1940),(2603,3,2,4,NULL,137,'T627','04579','00189','m-t0627-04579-00189.jpg',1940),(2604,3,2,4,NULL,137,'T627','04579','00190','m-t0627-04579-00190.jpg',1940),(2605,3,2,4,NULL,137,'T627','04579','00191','m-t0627-04579-00191.jpg',1940),(2606,3,2,4,NULL,137,'T627','04579','00192','m-t0627-04579-00192.jpg',1940),(2607,3,2,4,NULL,137,'T627','04579','00193','m-t0627-04579-00193.jpg',1940),(2608,3,2,4,NULL,137,'T627','04579','00194','m-t0627-04579-00194.jpg',1940),(2609,2,2,4,NULL,138,'T1224','00118','01061','m-t1224-00118-01061.jpg',1940),(2610,3,2,4,NULL,138,'T627','04579','00195','m-t0627-04579-00195.jpg',1940),(2611,3,2,4,NULL,138,'T627','04579','00196','m-t0627-04579-00196.jpg',1940),(2612,3,2,4,NULL,138,'T627','04579','00197','m-t0627-04579-00197.jpg',1940),(2613,3,2,4,NULL,138,'T627','04579','00198','m-t0627-04579-00198.jpg',1940),(2614,3,2,4,NULL,138,'T627','04579','00199','m-t0627-04579-00199.jpg',1940),(2615,3,2,4,NULL,138,'T627','04579','00200','m-t0627-04579-00200.jpg',1940),(2616,3,2,4,NULL,138,'T627','04579','00201','m-t0627-04579-00201.jpg',1940),(2617,3,2,4,NULL,138,'T627','04579','00202','m-t0627-04579-00202.jpg',1940),(2618,2,2,4,NULL,139,'T1224','00118','01061','m-t1224-00118-01061.jpg',1940),(2619,3,2,4,NULL,139,'T627','04579','00203','m-t0627-04579-00203.jpg',1940),(2620,3,2,4,NULL,139,'T627','04579','00204','m-t0627-04579-00204.jpg',1940),(2621,3,2,4,NULL,139,'T627','04579','00205','m-t0627-04579-00205.jpg',1940),(2622,3,2,4,NULL,139,'T627','04579','00206','m-t0627-04579-00206.jpg',1940),(2623,3,2,4,NULL,139,'T627','04579','00207','m-t0627-04579-00207.jpg',1940),(2624,3,2,4,NULL,139,'T627','04579','00208','m-t0627-04579-00208.jpg',1940),(2625,3,2,4,NULL,139,'T627','04579','00209','m-t0627-04579-00209.jpg',1940),(2626,3,2,4,NULL,139,'T627','04579','00210','m-t0627-04579-00210.jpg',1940),(2627,3,2,4,NULL,139,'T627','04579','00211','m-t0627-04579-00211.jpg',1940),(2628,3,2,4,NULL,139,'T627','04579','00212','m-t0627-04579-00212.jpg',1940),(2629,3,2,4,NULL,139,'T627','04579','00213','m-t0627-04579-00213.jpg',1940),(2630,3,2,4,NULL,139,'T627','04579','00214','m-t0627-04579-00214.jpg',1940),(2631,3,2,4,NULL,139,'T627','04579','00215','m-t0627-04579-00215.jpg',1940),(2632,3,2,4,NULL,139,'T627','04579','00216','m-t0627-04579-00216.jpg',1940),(2633,2,2,4,NULL,140,'T1224','00118','01061','m-t1224-00118-01061.jpg',1940),(2634,3,2,4,NULL,140,'T627','04579','00217','m-t0627-04579-00217.jpg',1940),(2635,3,2,4,NULL,140,'T627','04579','00218','m-t0627-04579-00218.jpg',1940),(2636,3,2,4,NULL,140,'T627','04579','00219','m-t0627-04579-00219.jpg',1940),(2637,3,2,4,NULL,140,'T627','04579','00220','m-t0627-04579-00220.jpg',1940),(2638,3,2,4,NULL,140,'T627','04579','00221','m-t0627-04579-00221.jpg',1940),(2639,3,2,4,NULL,140,'T627','04579','00222','m-t0627-04579-00222.jpg',1940),(2640,2,2,4,NULL,141,'T1224','00118','01062','m-t1224-00118-01062.jpg',1940),(2641,3,2,4,NULL,141,'T627','04579','00224','m-t0627-04579-00224.jpg',1940),(2642,3,2,4,NULL,141,'T627','04579','00225','m-t0627-04579-00225.jpg',1940),(2643,3,2,4,NULL,141,'T627','04579','00226','m-t0627-04579-00226.jpg',1940),(2644,3,2,4,NULL,141,'T627','04579','00227','m-t0627-04579-00227.jpg',1940),(2645,3,2,4,NULL,141,'T627','04579','00228','m-t0627-04579-00228.jpg',1940),(2646,3,2,4,NULL,141,'T627','04579','00229','m-t0627-04579-00229.jpg',1940),(2647,3,2,4,NULL,141,'T627','04579','00230','m-t0627-04579-00230.jpg',1940),(2648,3,2,4,NULL,141,'T627','04579','00231','m-t0627-04579-00231.jpg',1940),(2649,3,2,4,NULL,141,'T627','04579','00232','m-t0627-04579-00232.jpg',1940),(2650,3,2,4,NULL,141,'T627','04579','00233','m-t0627-04579-00233.jpg',1940),(2651,3,2,4,NULL,141,'T627','04579','00234','m-t0627-04579-00234.jpg',1940),(2652,3,2,4,NULL,141,'T627','04579','00235','m-t0627-04579-00235.jpg',1940),(2653,2,2,4,NULL,142,'T1224','00118','01062','m-t1224-00118-01062.jpg',1940),(2654,3,2,4,NULL,142,'T627','04579','00237','m-t0627-04579-00237.jpg',1940),(2655,3,2,4,NULL,142,'T627','04579','00238','m-t0627-04579-00238.jpg',1940),(2656,3,2,4,NULL,142,'T627','04579','00239','m-t0627-04579-00239.jpg',1940),(2657,3,2,4,NULL,142,'T627','04579','00240','m-t0627-04579-00240.jpg',1940),(2658,3,2,4,NULL,142,'T627','04579','00241','m-t0627-04579-00241.jpg',1940),(2659,3,2,4,NULL,142,'T627','04579','00242','m-t0627-04579-00242.jpg',1940),(2660,3,2,4,NULL,142,'T627','04579','00243','m-t0627-04579-00243.jpg',1940),(2661,3,2,4,NULL,142,'T627','04579','00244','m-t0627-04579-00244.jpg',1940),(2662,3,2,4,NULL,142,'T627','04579','00245','m-t0627-04579-00245.jpg',1940),(2663,3,2,4,NULL,142,'T627','04579','00246','m-t0627-04579-00246.jpg',1940),(2664,3,2,4,NULL,142,'T627','04579','00247','m-t0627-04579-00247.jpg',1940),(2665,3,2,4,NULL,142,'T627','04579','00248','m-t0627-04579-00248.jpg',1940),(2666,3,2,4,NULL,142,'T627','04579','00249','m-t0627-04579-00249.jpg',1940),(2667,3,2,4,NULL,142,'T627','04579','00250','m-t0627-04579-00250.jpg',1940),(2668,3,2,4,NULL,142,'T627','04579','00251','m-t0627-04579-00251.jpg',1940),(2669,3,2,4,NULL,142,'T627','04579','00252','m-t0627-04579-00252.jpg',1940),(2670,3,2,4,NULL,142,'T627','04579','00253','m-t0627-04579-00253.jpg',1940),(2671,3,2,4,NULL,142,'T627','04579','00254','m-t0627-04579-00254.jpg',1940),(2672,3,2,4,NULL,142,'T627','04579','00255','m-t0627-04579-00255.jpg',1940),(2673,3,2,4,NULL,142,'T627','04579','00256','m-t0627-04579-00256.jpg',1940),(2674,3,2,4,NULL,142,'T627','04579','00257','m-t0627-04579-00257.jpg',1940),(2675,3,2,4,NULL,142,'T627','04579','00258','m-t0627-04579-00258.jpg',1940),(2676,3,2,4,NULL,142,'T627','04579','00259','m-t0627-04579-00259.jpg',1940),(2677,3,2,4,NULL,142,'T627','04579','00260','m-t0627-04579-00260.jpg',1940),(2678,3,2,4,NULL,142,'T627','04579','00261','m-t0627-04579-00261.jpg',1940),(2679,3,2,4,NULL,142,'T627','04579','00262','m-t0627-04579-00262.jpg',1940),(2680,3,2,4,NULL,142,'T627','04579','00263','m-t0627-04579-00263.jpg',1940),(2681,3,2,4,NULL,142,'T627','04579','00264','m-t0627-04579-00264.jpg',1940),(2682,3,2,4,NULL,142,'T627','04579','00265','m-t0627-04579-00265.jpg',1940),(2683,3,2,4,NULL,142,'T627','04579','00266','m-t0627-04579-00266.jpg',1940),(2684,3,2,4,NULL,142,'T627','04579','00267','m-t0627-04579-00267.jpg',1940),(2685,3,2,4,NULL,142,'T627','04579','00268','m-t0627-04579-00268.jpg',1940),(2686,3,2,4,NULL,142,'T627','04579','00269','m-t0627-04579-00269.jpg',1940),(2687,3,2,4,NULL,142,'T627','04579','00270','m-t0627-04579-00270.jpg',1940),(2688,3,2,4,NULL,142,'T627','04579','00271','m-t0627-04579-00271.jpg',1940),(2689,3,2,4,NULL,142,'T627','04579','00272','m-t0627-04579-00272.jpg',1940),(2690,3,2,4,NULL,142,'T627','04579','00273','m-t0627-04579-00273.jpg',1940),(2691,3,2,4,NULL,142,'T627','04579','00274','m-t0627-04579-00274.jpg',1940),(2692,3,2,4,NULL,142,'T627','04579','00275','m-t0627-04579-00275.jpg',1940),(2693,3,2,4,NULL,142,'T627','04579','00276','m-t0627-04579-00276.jpg',1940),(2694,3,2,4,NULL,142,'T627','04579','00277','m-t0627-04579-00277.jpg',1940),(2695,3,2,4,NULL,142,'T627','04579','00278','m-t0627-04579-00278.jpg',1940),(2696,3,2,4,NULL,142,'T627','04579','00279','m-t0627-04579-00279.jpg',1940),(2697,3,2,4,NULL,142,'T627','04579','00280','m-t0627-04579-00280.jpg',1940),(2698,3,2,4,NULL,142,'T627','04579','00281','m-t0627-04579-00281.jpg',1940),(2699,3,2,4,NULL,142,'T627','04579','00282','m-t0627-04579-00282.jpg',1940),(2700,3,2,4,NULL,142,'T627','04579','00283','m-t0627-04579-00283.jpg',1940),(2701,3,2,4,NULL,142,'T627','04579','00284','m-t0627-04579-00284.jpg',1940),(2702,3,2,4,NULL,142,'T627','04579','00285','m-t0627-04579-00285.jpg',1940),(2703,3,2,4,NULL,142,'T627','04579','00286','m-t0627-04579-00286.jpg',1940),(2704,3,2,4,NULL,142,'T627','04579','00287','m-t0627-04579-00287.jpg',1940),(2705,3,2,4,NULL,142,'T627','04579','00288','m-t0627-04579-00288.jpg',1940),(2706,3,2,4,NULL,142,'T627','04579','00289','m-t0627-04579-00289.jpg',1940),(2707,3,2,4,NULL,142,'T627','04579','00290','m-t0627-04579-00290.jpg',1940),(2708,3,2,4,NULL,142,'T627','04579','00291','m-t0627-04579-00291.jpg',1940),(2709,3,2,4,NULL,142,'T627','04579','00292','m-t0627-04579-00292.jpg',1940),(2710,3,2,4,NULL,142,'T627','04579','00293','m-t0627-04579-00293.jpg',1940),(2711,3,2,4,NULL,142,'T627','04579','00294','m-t0627-04579-00294.jpg',1940),(2712,3,2,4,NULL,142,'T627','04579','00295','m-t0627-04579-00295.jpg',1940),(2713,3,2,4,NULL,142,'T627','04579','00296','m-t0627-04579-00296.jpg',1940),(2714,3,2,4,NULL,142,'T627','04579','00297','m-t0627-04579-00297.jpg',1940),(2715,3,2,4,NULL,142,'T627','04579','00298','m-t0627-04579-00298.jpg',1940),(2716,3,2,4,NULL,142,'T627','04579','00299','m-t0627-04579-00299.jpg',1940),(2717,3,2,4,NULL,142,'T627','04579','00300','m-t0627-04579-00300.jpg',1940),(2718,3,2,4,NULL,142,'T627','04579','00301','m-t0627-04579-00301.jpg',1940),(2719,2,2,4,NULL,143,'T1224','00118','01063','m-t1224-00118-01063.jpg',1940),(2720,2,2,4,NULL,143,'T1224','00118','01064','m-t1224-00118-01064.jpg',1940),(2721,3,2,4,NULL,143,'T627','04579','00302','m-t0627-04579-00302.jpg',1940),(2722,3,2,4,NULL,143,'T627','04579','00303','m-t0627-04579-00303.jpg',1940),(2723,2,2,4,NULL,144,'T1224','00118','01063','m-t1224-00118-01063.jpg',1940),(2724,2,2,4,NULL,144,'T1224','00118','01064','m-t1224-00118-01064.jpg',1940),(2725,3,2,4,NULL,144,'T627','04579','00304','m-t0627-04579-00304.jpg',1940),(2726,3,2,4,NULL,144,'T627','04579','00305','m-t0627-04579-00305.jpg',1940),(2727,3,2,4,NULL,144,'T627','04579','00306','m-t0627-04579-00306.jpg',1940),(2728,3,2,4,NULL,144,'T627','04579','00307','m-t0627-04579-00307.jpg',1940),(2729,3,2,4,NULL,144,'T627','04579','00308','m-t0627-04579-00308.jpg',1940),(2730,3,2,4,NULL,144,'T627','04579','00309','m-t0627-04579-00309.jpg',1940),(2731,3,2,4,NULL,144,'T627','04579','00310','m-t0627-04579-00310.jpg',1940),(2732,3,2,4,NULL,144,'T627','04579','00311','m-t0627-04579-00311.jpg',1940),(2733,2,2,4,NULL,145,'T1224','00118','01063','m-t1224-00118-01063.jpg',1940),(2734,2,2,4,NULL,145,'T1224','00118','01064','m-t1224-00118-01064.jpg',1940),(2735,3,2,4,NULL,145,'T627','04579','00312','m-t0627-04579-00312.jpg',1940),(2736,3,2,4,NULL,145,'T627','04579','00313','m-t0627-04579-00313.jpg',1940),(2737,3,2,4,NULL,145,'T627','04579','00314','m-t0627-04579-00314.jpg',1940),(2738,3,2,4,NULL,145,'T627','04579','00315','m-t0627-04579-00315.jpg',1940),(2739,2,2,4,NULL,146,'T1224','00118','01063','m-t1224-00118-01063.jpg',1940),(2740,2,2,4,NULL,146,'T1224','00118','01064','m-t1224-00118-01064.jpg',1940),(2741,3,2,4,NULL,146,'T627','04579','00316','m-t0627-04579-00316.jpg',1940),(2742,3,2,4,NULL,146,'T627','04579','00317','m-t0627-04579-00317.jpg',1940),(2743,3,2,4,NULL,146,'T627','04579','00318','m-t0627-04579-00318.jpg',1940),(2744,3,2,4,NULL,146,'T627','04579','00319','m-t0627-04579-00319.jpg',1940),(2745,3,2,4,NULL,146,'T627','04579','00320','m-t0627-04579-00320.jpg',1940),(2746,3,2,4,NULL,146,'T627','04579','00321','m-t0627-04579-00321.jpg',1940),(2747,3,2,4,NULL,146,'T627','04579','00322','m-t0627-04579-00322.jpg',1940),(2748,3,2,4,NULL,146,'T627','04579','00323','m-t0627-04579-00323.jpg',1940),(2749,3,2,4,NULL,146,'T627','04579','00324','m-t0627-04579-00324.jpg',1940),(2750,3,2,4,NULL,146,'T627','04579','00325','m-t0627-04579-00325.jpg',1940),(2751,3,2,4,NULL,146,'T627','04579','00326','m-t0627-04579-00326.jpg',1940),(2752,3,2,4,NULL,146,'T627','04579','00327','m-t0627-04579-00327.jpg',1940),(2753,3,2,4,NULL,146,'T627','04579','00328','m-t0627-04579-00328.jpg',1940),(2754,3,2,4,NULL,146,'T627','04579','00329','m-t0627-04579-00329.jpg',1940),(2755,3,2,4,NULL,146,'T627','04579','00330','m-t0627-04579-00330.jpg',1940),(2756,3,2,4,NULL,146,'T627','04579','00331','m-t0627-04579-00331.jpg',1940),(2757,3,2,4,NULL,146,'T627','04579','00332','m-t0627-04579-00332.jpg',1940),(2758,3,2,4,NULL,146,'T627','04579','00333','m-t0627-04579-00333.jpg',1940),(2759,2,2,4,NULL,147,'T1224','00118','01063','m-t1224-00118-01063.jpg',1940),(2760,2,2,4,NULL,147,'T1224','00118','01064','m-t1224-00118-01064.jpg',1940),(2761,3,2,4,NULL,147,'T627','04579','00334','m-t0627-04579-00334.jpg',1940),(2762,3,2,4,NULL,147,'T627','04579','00335','m-t0627-04579-00335.jpg',1940),(2763,3,2,4,NULL,147,'T627','04579','00336','m-t0627-04579-00336.jpg',1940),(2764,3,2,4,NULL,147,'T627','04579','00337','m-t0627-04579-00337.jpg',1940),(2765,3,2,4,NULL,147,'T627','04579','00338','m-t0627-04579-00338.jpg',1940),(2766,3,2,4,NULL,147,'T627','04579','00339','m-t0627-04579-00339.jpg',1940),(2767,3,2,4,NULL,147,'T627','04579','00340','m-t0627-04579-00340.jpg',1940),(2768,3,2,4,NULL,147,'T627','04579','00341','m-t0627-04579-00341.jpg',1940),(2769,3,2,4,NULL,147,'T627','04579','00342','m-t0627-04579-00342.jpg',1940),(2770,3,2,4,NULL,147,'T627','04579','00343','m-t0627-04579-00343.jpg',1940),(2771,3,2,4,NULL,147,'T627','04579','00344','m-t0627-04579-00344.jpg',1940),(2772,3,2,4,NULL,147,'T627','04579','00345','m-t0627-04579-00345.jpg',1940),(2773,3,2,4,NULL,147,'T627','04579','00346','m-t0627-04579-00346.jpg',1940),(2774,3,2,4,NULL,147,'T627','04579','00347','m-t0627-04579-00347.jpg',1940),(2775,3,2,4,NULL,147,'T627','04579','00348','m-t0627-04579-00348.jpg',1940),(2776,3,2,4,NULL,147,'T627','04579','00349','m-t0627-04579-00349.jpg',1940),(2777,2,2,4,NULL,148,'T1224','00118','01063','m-t1224-00118-01063.jpg',1940),(2778,2,2,4,NULL,148,'T1224','00118','01064','m-t1224-00118-01064.jpg',1940),(2779,3,2,4,NULL,148,'T627','04579','00350','m-t0627-04579-00350.jpg',1940),(2780,3,2,4,NULL,148,'T627','04579','00351','m-t0627-04579-00351.jpg',1940),(2781,3,2,4,NULL,148,'T627','04579','00352','m-t0627-04579-00352.jpg',1940),(2782,3,2,4,NULL,148,'T627','04579','00353','m-t0627-04579-00353.jpg',1940),(2783,3,2,4,NULL,148,'T627','04579','00354','m-t0627-04579-00354.jpg',1940),(2784,3,2,4,NULL,148,'T627','04579','00355','m-t0627-04579-00355.jpg',1940),(2785,3,2,4,NULL,148,'T627','04579','00356','m-t0627-04579-00356.jpg',1940),(2786,3,2,4,NULL,148,'T627','04579','00357','m-t0627-04579-00357.jpg',1940),(2787,3,2,4,NULL,148,'T627','04579','00358','m-t0627-04579-00358.jpg',1940),(2788,3,2,4,NULL,148,'T627','04579','00359','m-t0627-04579-00359.jpg',1940),(2789,2,2,4,NULL,149,'T1224','00118','01065','m-t1224-00118-01065.jpg',1940),(2790,3,2,4,NULL,149,'T627','04579','00360','m-t0627-04579-00360.jpg',1940),(2791,3,2,4,NULL,149,'T627','04579','00361','m-t0627-04579-00361.jpg',1940),(2792,3,2,4,NULL,149,'T627','04579','00362','m-t0627-04579-00362.jpg',1940),(2793,3,2,4,NULL,149,'T627','04579','00363','m-t0627-04579-00363.jpg',1940),(2794,3,2,4,NULL,149,'T627','04579','00364','m-t0627-04579-00364.jpg',1940),(2795,3,2,4,NULL,149,'T627','04579','00365','m-t0627-04579-00365.jpg',1940),(2796,3,2,4,NULL,149,'T627','04579','00366','m-t0627-04579-00366.jpg',1940),(2797,3,2,4,NULL,149,'T627','04579','00367','m-t0627-04579-00367.jpg',1940),(2798,3,2,4,NULL,149,'T627','04579','00368','m-t0627-04579-00368.jpg',1940),(2799,3,2,4,NULL,149,'T627','04579','00369','m-t0627-04579-00369.jpg',1940),(2800,2,2,4,NULL,150,'T1224','00118','01065','m-t1224-00118-01065.jpg',1940),(2801,3,2,4,NULL,150,'T627','04579','00370','m-t0627-04579-00370.jpg',1940),(2802,3,2,4,NULL,150,'T627','04579','00371','m-t0627-04579-00371.jpg',1940),(2803,3,2,4,NULL,150,'T627','04579','00372','m-t0627-04579-00372.jpg',1940),(2804,3,2,4,NULL,150,'T627','04579','00373','m-t0627-04579-00373.jpg',1940),(2805,3,2,4,NULL,150,'T627','04579','00374','m-t0627-04579-00374.jpg',1940),(2806,3,2,4,NULL,150,'T627','04579','00375','m-t0627-04579-00375.jpg',1940),(2807,3,2,4,NULL,150,'T627','04579','00376','m-t0627-04579-00376.jpg',1940),(2808,3,2,4,NULL,150,'T627','04579','00377','m-t0627-04579-00377.jpg',1940),(2809,3,2,4,NULL,150,'T627','04579','00378','m-t0627-04579-00378.jpg',1940),(2810,3,2,4,NULL,150,'T627','04579','00379','m-t0627-04579-00379.jpg',1940),(2811,2,2,4,NULL,151,'T1224','00118','01065','m-t1224-00118-01065.jpg',1940),(2812,3,2,4,NULL,151,'T627','04579','00380','m-t0627-04579-00380.jpg',1940),(2813,3,2,4,NULL,151,'T627','04579','00381','m-t0627-04579-00381.jpg',1940),(2814,3,2,4,NULL,151,'T627','04579','00382','m-t0627-04579-00382.jpg',1940),(2815,3,2,4,NULL,151,'T627','04579','00383','m-t0627-04579-00383.jpg',1940),(2816,3,2,4,NULL,151,'T627','04579','00384','m-t0627-04579-00384.jpg',1940),(2817,3,2,4,NULL,151,'T627','04579','00385','m-t0627-04579-00385.jpg',1940),(2818,3,2,4,NULL,151,'T627','04579','00386','m-t0627-04579-00386.jpg',1940),(2819,3,2,4,NULL,151,'T627','04579','00387','m-t0627-04579-00387.jpg',1940),(2820,3,2,4,NULL,151,'T627','04579','00388','m-t0627-04579-00388.jpg',1940),(2821,3,2,4,NULL,151,'T627','04579','00389','m-t0627-04579-00389.jpg',1940),(2822,3,2,4,NULL,151,'T627','04579','00390','m-t0627-04579-00390.jpg',1940),(2823,3,2,4,NULL,151,'T627','04579','00391','m-t0627-04579-00391.jpg',1940),(2824,2,2,4,NULL,152,'T1224','00118','01065','m-t1224-00118-01065.jpg',1940),(2825,3,2,4,NULL,152,'T627','04579','00392','m-t0627-04579-00392.jpg',1940),(2826,3,2,4,NULL,152,'T627','04579','00393','m-t0627-04579-00393.jpg',1940),(2827,3,2,4,NULL,152,'T627','04579','00394','m-t0627-04579-00394.jpg',1940),(2828,3,2,4,NULL,152,'T627','04579','00395','m-t0627-04579-00395.jpg',1940),(2829,3,2,4,NULL,152,'T627','04579','00396','m-t0627-04579-00396.jpg',1940),(2830,3,2,4,NULL,152,'T627','04579','00397','m-t0627-04579-00397.jpg',1940),(2831,3,2,4,NULL,152,'T627','04579','00398','m-t0627-04579-00398.jpg',1940),(2832,3,2,4,NULL,152,'T627','04579','00399','m-t0627-04579-00399.jpg',1940),(2833,3,2,4,NULL,152,'T627','04579','00400','m-t0627-04579-00400.jpg',1940),(2834,3,2,4,NULL,152,'T627','04579','00401','m-t0627-04579-00401.jpg',1940),(2835,3,2,4,NULL,152,'T627','04579','00402','m-t0627-04579-00402.jpg',1940),(2836,3,2,4,NULL,152,'T627','04579','00403','m-t0627-04579-00403.jpg',1940),(2837,3,2,4,NULL,152,'T627','04579','00404','m-t0627-04579-00404.jpg',1940),(2838,3,2,4,NULL,152,'T627','04579','00405','m-t0627-04579-00405.jpg',1940),(2839,3,2,4,NULL,152,'T627','04579','00406','m-t0627-04579-00406.jpg',1940),(2840,3,2,4,NULL,152,'T627','04579','00407','m-t0627-04579-00407.jpg',1940),(2841,3,2,4,NULL,152,'T627','04579','00408','m-t0627-04579-00408.jpg',1940),(2842,3,2,4,NULL,152,'T627','04579','00409','m-t0627-04579-00409.jpg',1940),(2843,2,2,4,NULL,153,'T1224','00118','01065','m-t1224-00118-01065.jpg',1940),(2844,3,2,4,NULL,153,'T627','04579','00410','m-t0627-04579-00410.jpg',1940),(2845,3,2,4,NULL,153,'T627','04579','00411','m-t0627-04579-00411.jpg',1940),(2846,3,2,4,NULL,153,'T627','04579','00412','m-t0627-04579-00412.jpg',1940),(2847,3,2,4,NULL,153,'T627','04579','00413','m-t0627-04579-00413.jpg',1940),(2848,3,2,4,NULL,153,'T627','04579','00414','m-t0627-04579-00414.jpg',1940),(2849,3,2,4,NULL,153,'T627','04579','00415','m-t0627-04579-00415.jpg',1940),(2850,2,2,4,NULL,154,'T1224','00118','01066','m-t1224-00118-01066.jpg',1940),(2851,3,2,4,NULL,154,'T627','04579','00416','m-t0627-04579-00416.jpg',1940),(2852,3,2,4,NULL,154,'T627','04579','00417','m-t0627-04579-00417.jpg',1940),(2853,3,2,4,NULL,154,'T627','04579','00418','m-t0627-04579-00418.jpg',1940),(2854,3,2,4,NULL,154,'T627','04579','00419','m-t0627-04579-00419.jpg',1940),(2855,3,2,4,NULL,154,'T627','04579','00420','m-t0627-04579-00420.jpg',1940),(2856,3,2,4,NULL,154,'T627','04579','00421','m-t0627-04579-00421.jpg',1940),(2857,3,2,4,NULL,154,'T627','04579','00422','m-t0627-04579-00422.jpg',1940),(2858,3,2,4,NULL,154,'T627','04579','00423','m-t0627-04579-00423.jpg',1940),(2859,3,2,4,NULL,154,'T627','04579','00424','m-t0627-04579-00424.jpg',1940),(2860,3,2,4,NULL,154,'T627','04579','00425','m-t0627-04579-00425.jpg',1940),(2861,3,2,4,NULL,154,'T627','04579','00426','m-t0627-04579-00426.jpg',1940),(2862,3,2,4,NULL,154,'T627','04579','00427','m-t0627-04579-00427.jpg',1940),(2863,3,2,4,NULL,154,'T627','04579','00428','m-t0627-04579-00428.jpg',1940),(2864,3,2,4,NULL,154,'T627','04579','00429','m-t0627-04579-00429.jpg',1940),(2865,2,2,4,NULL,155,'T1224','00118','01066','m-t1224-00118-01066.jpg',1940),(2866,3,2,4,NULL,155,'T627','04579','00430','m-t0627-04579-00430.jpg',1940),(2867,3,2,4,NULL,155,'T627','04579','00431','m-t0627-04579-00431.jpg',1940),(2868,3,2,4,NULL,155,'T627','04579','00432','m-t0627-04579-00432.jpg',1940),(2869,3,2,4,NULL,155,'T627','04579','00433','m-t0627-04579-00433.jpg',1940),(2870,3,2,4,NULL,155,'T627','04579','00434','m-t0627-04579-00434.jpg',1940),(2871,3,2,4,NULL,155,'T627','04579','00435','m-t0627-04579-00435.jpg',1940),(2872,3,2,4,NULL,155,'T627','04579','00436','m-t0627-04579-00436.jpg',1940),(2873,3,2,4,NULL,155,'T627','04579','00437','m-t0627-04579-00437.jpg',1940),(2874,3,2,4,NULL,155,'T627','04579','00438','m-t0627-04579-00438.jpg',1940),(2875,3,2,4,NULL,155,'T627','04579','00439','m-t0627-04579-00439.jpg',1940),(2876,3,2,4,NULL,155,'T627','04579','00440','m-t0627-04579-00440.jpg',1940),(2877,3,2,4,NULL,155,'T627','04579','00441','m-t0627-04579-00441.jpg',1940),(2878,3,2,4,NULL,155,'T627','04579','00442','m-t0627-04579-00442.jpg',1940),(2879,3,2,4,NULL,155,'T627','04579','00443','m-t0627-04579-00443.jpg',1940),(2880,3,2,4,NULL,155,'T627','04579','00444','m-t0627-04579-00444.jpg',1940),(2881,3,2,4,NULL,155,'T627','04579','00445','m-t0627-04579-00445.jpg',1940),(2882,2,2,4,NULL,156,'T1224','00118','01066','m-t1224-00118-01066.jpg',1940),(2883,3,2,4,NULL,156,'T627','04579','00446','m-t0627-04579-00446.jpg',1940),(2884,3,2,4,NULL,156,'T627','04579','00447','m-t0627-04579-00447.jpg',1940),(2885,2,2,4,NULL,157,'T1224','00118','01066','m-t1224-00118-01066.jpg',1940),(2886,3,2,4,NULL,157,'T627','04579','00448','m-t0627-04579-00448.jpg',1940),(2887,3,2,4,NULL,157,'T627','04579','00449','m-t0627-04579-00449.jpg',1940),(2888,3,2,4,NULL,157,'T627','04579','00450','m-t0627-04579-00450.jpg',1940),(2889,3,2,4,NULL,157,'T627','04579','00451','m-t0627-04579-00451.jpg',1940),(2890,3,2,4,NULL,157,'T627','04579','00452','m-t0627-04579-00452.jpg',1940),(2891,3,2,4,NULL,157,'T627','04579','00453','m-t0627-04579-00453.jpg',1940),(2892,3,2,4,NULL,157,'T627','04579','00454','m-t0627-04579-00454.jpg',1940),(2893,3,2,4,NULL,157,'T627','04579','00455','m-t0627-04579-00455.jpg',1940),(2894,3,2,4,NULL,157,'T627','04579','00456','m-t0627-04579-00456.jpg',1940),(2895,3,2,4,NULL,157,'T627','04579','00457','m-t0627-04579-00457.jpg',1940),(2896,3,2,4,NULL,157,'T627','04579','00458','m-t0627-04579-00458.jpg',1940),(2897,3,2,4,NULL,157,'T627','04579','00459','m-t0627-04579-00459.jpg',1940),(2898,3,2,4,NULL,157,'T627','04579','00460','m-t0627-04579-00460.jpg',1940),(2899,3,2,4,NULL,157,'T627','04579','00461','m-t0627-04579-00461.jpg',1940),(2900,2,2,4,NULL,158,'T1224','00118','01067','m-t1224-00118-01067.jpg',1940),(2901,3,2,4,NULL,158,'T627','04579','00463','m-t0627-04579-00463.jpg',1940),(2902,3,2,4,NULL,158,'T627','04579','00464','m-t0627-04579-00464.jpg',1940),(2903,3,2,4,NULL,158,'T627','04579','00465','m-t0627-04579-00465.jpg',1940),(2904,3,2,4,NULL,158,'T627','04579','00466','m-t0627-04579-00466.jpg',1940),(2905,3,2,4,NULL,158,'T627','04579','00467','m-t0627-04579-00467.jpg',1940),(2906,3,2,4,NULL,158,'T627','04579','00468','m-t0627-04579-00468.jpg',1940),(2907,3,2,4,NULL,158,'T627','04579','00469','m-t0627-04579-00469.jpg',1940),(2908,3,2,4,NULL,158,'T627','04579','00470','m-t0627-04579-00470.jpg',1940),(2909,3,2,4,NULL,158,'T627','04579','00471','m-t0627-04579-00471.jpg',1940),(2910,3,2,4,NULL,158,'T627','04579','00472','m-t0627-04579-00472.jpg',1940),(2911,3,2,4,NULL,158,'T627','04579','00473','m-t0627-04579-00473.jpg',1940),(2912,3,2,4,NULL,158,'T627','04579','00474','m-t0627-04579-00474.jpg',1940),(2913,3,2,4,NULL,158,'T627','04579','00475','m-t0627-04579-00475.jpg',1940),(2914,3,2,4,NULL,158,'T627','04579','00476','m-t0627-04579-00476.jpg',1940),(2915,3,2,4,NULL,158,'T627','04579','00477','m-t0627-04579-00477.jpg',1940),(2916,3,2,4,NULL,158,'T627','04579','00478','m-t0627-04579-00478.jpg',1940),(2917,3,2,4,NULL,158,'T627','04579','00479','m-t0627-04579-00479.jpg',1940),(2918,3,2,4,NULL,158,'T627','04579','00480','m-t0627-04579-00480.jpg',1940),(2919,2,2,4,NULL,159,'T1224','00118','01067','m-t1224-00118-01067.jpg',1940),(2920,3,2,4,NULL,159,'T627','04579','00481','m-t0627-04579-00481.jpg',1940),(2921,3,2,4,NULL,159,'T627','04579','00482','m-t0627-04579-00482.jpg',1940),(2922,3,2,4,NULL,159,'T627','04579','00483','m-t0627-04579-00483.jpg',1940),(2923,3,2,4,NULL,159,'T627','04579','00484','m-t0627-04579-00484.jpg',1940),(2924,3,2,4,NULL,159,'T627','04579','00485','m-t0627-04579-00485.jpg',1940),(2925,3,2,4,NULL,159,'T627','04579','00486','m-t0627-04579-00486.jpg',1940),(2926,3,2,4,NULL,159,'T627','04579','00487','m-t0627-04579-00487.jpg',1940),(2927,3,2,4,NULL,159,'T627','04579','00488','m-t0627-04579-00488.jpg',1940),(2928,3,2,4,NULL,159,'T627','04579','00489','m-t0627-04579-00489.jpg',1940),(2929,3,2,4,NULL,159,'T627','04579','00490','m-t0627-04579-00490.jpg',1940),(2930,3,2,4,NULL,159,'T627','04579','00491','m-t0627-04579-00491.jpg',1940),(2931,3,2,4,NULL,159,'T627','04579','00492','m-t0627-04579-00492.jpg',1940),(2932,2,2,4,NULL,160,'T1224','00118','01067','m-t1224-00118-01067.jpg',1940),(2933,3,2,4,NULL,160,'T627','04579','00493','m-t0627-04579-00493.jpg',1940),(2934,3,2,4,NULL,160,'T627','04579','00494','m-t0627-04579-00494.jpg',1940),(2935,3,2,4,NULL,160,'T627','04579','00495','m-t0627-04579-00495.jpg',1940),(2936,3,2,4,NULL,160,'T627','04579','00496','m-t0627-04579-00496.jpg',1940),(2937,3,2,4,NULL,160,'T627','04579','00497','m-t0627-04579-00497.jpg',1940),(2938,3,2,4,NULL,160,'T627','04579','00498','m-t0627-04579-00498.jpg',1940),(2939,2,2,4,NULL,161,'T1224','00118','01067','m-t1224-00118-01067.jpg',1940),(2940,3,2,4,NULL,161,'T627','04579','00499','m-t0627-04579-00499.jpg',1940),(2941,3,2,4,NULL,161,'T627','04579','00500','m-t0627-04579-00500.jpg',1940),(2942,3,2,4,NULL,161,'T627','04579','00501','m-t0627-04579-00501.jpg',1940),(2943,3,2,4,NULL,161,'T627','04579','00502','m-t0627-04579-00502.jpg',1940),(2944,3,2,4,NULL,161,'T627','04579','00503','m-t0627-04579-00503.jpg',1940),(2945,3,2,4,NULL,161,'T627','04579','00504','m-t0627-04579-00504.jpg',1940),(2946,3,2,4,NULL,161,'T627','04579','00505','m-t0627-04579-00505.jpg',1940),(2947,3,2,4,NULL,161,'T627','04579','00506','m-t0627-04579-00506.jpg',1940),(2948,2,2,4,NULL,162,'T1224','00118','01067','m-t1224-00118-01067.jpg',1940),(2949,3,2,4,NULL,162,'T627','04579','00508','m-t0627-04579-00508.jpg',1940),(2950,3,2,4,NULL,162,'T627','04579','00509','m-t0627-04579-00509.jpg',1940),(2951,3,2,4,NULL,162,'T627','04579','00510','m-t0627-04579-00510.jpg',1940),(2952,3,2,4,NULL,162,'T627','04579','00511','m-t0627-04579-00511.jpg',1940),(2953,3,2,4,NULL,162,'T627','04579','00512','m-t0627-04579-00512.jpg',1940),(2954,3,2,4,NULL,162,'T627','04579','00513','m-t0627-04579-00513.jpg',1940),(2955,3,2,4,NULL,162,'T627','04579','00514','m-t0627-04579-00514.jpg',1940),(2956,3,2,4,NULL,162,'T627','04579','00515','m-t0627-04579-00515.jpg',1940),(2957,3,2,4,NULL,162,'T627','04579','00516','m-t0627-04579-00516.jpg',1940),(2958,3,2,4,NULL,162,'T627','04579','00517','m-t0627-04579-00517.jpg',1940),(2959,2,2,4,NULL,163,'T1224','00118','01067','m-t1224-00118-01067.jpg',1940),(2960,3,2,4,NULL,163,'T627','04579','00518','m-t0627-04579-00518.jpg',1940),(2961,3,2,4,NULL,163,'T627','04579','00519','m-t0627-04579-00519.jpg',1940),(2962,3,2,4,NULL,163,'T627','04579','00520','m-t0627-04579-00520.jpg',1940),(2963,3,2,4,NULL,163,'T627','04579','00521','m-t0627-04579-00521.jpg',1940),(2964,3,2,4,NULL,163,'T627','04579','00522','m-t0627-04579-00522.jpg',1940),(2965,3,2,4,NULL,163,'T627','04579','00523','m-t0627-04579-00523.jpg',1940),(2966,3,2,4,NULL,163,'T627','04579','00524','m-t0627-04579-00524.jpg',1940),(2967,3,2,4,NULL,163,'T627','04579','00525','m-t0627-04579-00525.jpg',1940),(2968,2,2,4,NULL,164,'T1224','00118','01068','m-t1224-00118-01068.jpg',1940),(2969,3,2,4,NULL,164,'T627','04579','00526','m-t0627-04579-00526.jpg',1940),(2970,3,2,4,NULL,164,'T627','04579','00527','m-t0627-04579-00527.jpg',1940),(2971,3,2,4,NULL,164,'T627','04579','00528','m-t0627-04579-00528.jpg',1940),(2972,3,2,4,NULL,164,'T627','04579','00529','m-t0627-04579-00529.jpg',1940),(2973,3,2,4,NULL,164,'T627','04579','00530','m-t0627-04579-00530.jpg',1940),(2974,3,2,4,NULL,164,'T627','04579','00531','m-t0627-04579-00531.jpg',1940),(2975,2,2,4,NULL,165,'T1224','00118','01068','m-t1224-00118-01068.jpg',1940),(2976,3,2,4,NULL,165,'T627','04579','00532','m-t0627-04579-00532.jpg',1940),(2977,3,2,4,NULL,165,'T627','04579','00533','m-t0627-04579-00533.jpg',1940),(2978,3,2,4,NULL,165,'T627','04579','00534','m-t0627-04579-00534.jpg',1940),(2979,3,2,4,NULL,165,'T627','04579','00535','m-t0627-04579-00535.jpg',1940),(2980,3,2,4,NULL,165,'T627','04579','00536','m-t0627-04579-00536.jpg',1940),(2981,3,2,4,NULL,165,'T627','04579','00537','m-t0627-04579-00537.jpg',1940),(2982,3,2,4,NULL,165,'T627','04579','00538','m-t0627-04579-00538.jpg',1940),(2983,3,2,4,NULL,165,'T627','04579','00539','m-t0627-04579-00539.jpg',1940),(2984,3,2,4,NULL,165,'T627','04579','00540','m-t0627-04579-00540.jpg',1940),(2985,3,2,4,NULL,165,'T627','04579','00541','m-t0627-04579-00541.jpg',1940),(2986,3,2,4,NULL,165,'T627','04579','00542','m-t0627-04579-00542.jpg',1940),(2987,3,2,4,NULL,165,'T627','04579','00543','m-t0627-04579-00543.jpg',1940),(2988,3,2,4,NULL,165,'T627','04579','00544','m-t0627-04579-00544.jpg',1940),(2989,3,2,4,NULL,165,'T627','04579','00545','m-t0627-04579-00545.jpg',1940),(2990,2,2,4,NULL,166,'T1224','00118','01068','m-t1224-00118-01068.jpg',1940),(2991,3,2,4,NULL,166,'T627','04579','00546','m-t0627-04579-00546.jpg',1940),(2992,3,2,4,NULL,166,'T627','04579','00547','m-t0627-04579-00547.jpg',1940),(2993,3,2,4,NULL,166,'T627','04579','00548','m-t0627-04579-00548.jpg',1940),(2994,3,2,4,NULL,166,'T627','04579','00549','m-t0627-04579-00549.jpg',1940),(2995,2,2,4,NULL,167,'T1224','00118','01068','m-t1224-00118-01068.jpg',1940),(2996,3,2,4,NULL,167,'T627','04579','00551','m-t0627-04579-00551.jpg',1940),(2997,3,2,4,NULL,167,'T627','04579','00552','m-t0627-04579-00552.jpg',1940),(2998,3,2,4,NULL,167,'T627','04579','00553','m-t0627-04579-00553.jpg',1940),(2999,3,2,4,NULL,167,'T627','04579','00554','m-t0627-04579-00554.jpg',1940),(3000,3,2,4,NULL,167,'T627','04579','00555','m-t0627-04579-00555.jpg',1940),(3001,3,2,4,NULL,167,'T627','04579','00556','m-t0627-04579-00556.jpg',1940),(3002,3,2,4,NULL,167,'T627','04579','00557','m-t0627-04579-00557.jpg',1940),(3003,3,2,4,NULL,167,'T627','04579','00558','m-t0627-04579-00558.jpg',1940),(3004,3,2,4,NULL,167,'T627','04579','00559','m-t0627-04579-00559.jpg',1940),(3005,3,2,4,NULL,167,'T627','04579','00560','m-t0627-04579-00560.jpg',1940),(3006,3,2,4,NULL,167,'T627','04579','00561','m-t0627-04579-00561.jpg',1940),(3007,3,2,4,NULL,167,'T627','04579','00562','m-t0627-04579-00562.jpg',1940),(3008,3,2,4,NULL,167,'T627','04579','00563','m-t0627-04579-00563.jpg',1940),(3009,3,2,4,NULL,167,'T627','04579','00564','m-t0627-04579-00564.jpg',1940),(3010,3,2,4,NULL,167,'T627','04579','00565','m-t0627-04579-00565.jpg',1940),(3011,3,2,4,NULL,167,'T627','04579','00566','m-t0627-04579-00566.jpg',1940),(3012,3,2,4,NULL,167,'T627','04579','00567','m-t0627-04579-00567.jpg',1940),(3013,3,2,4,NULL,167,'T627','04579','00568','m-t0627-04579-00568.jpg',1940),(3014,3,2,4,NULL,167,'T627','04579','00569','m-t0627-04579-00569.jpg',1940),(3015,3,2,4,NULL,167,'T627','04579','00570','m-t0627-04579-00570.jpg',1940),(3016,3,2,4,NULL,167,'T627','04579','00571','m-t0627-04579-00571.jpg',1940),(3017,3,2,4,NULL,167,'T627','04579','00572','m-t0627-04579-00572.jpg',1940),(3018,3,2,4,NULL,167,'T627','04579','00573','m-t0627-04579-00573.jpg',1940),(3019,3,2,4,NULL,167,'T627','04579','00574','m-t0627-04579-00574.jpg',1940),(3020,3,2,4,NULL,167,'T627','04579','00575','m-t0627-04579-00575.jpg',1940),(3021,3,2,4,NULL,167,'T627','04579','00576','m-t0627-04579-00576.jpg',1940),(3022,3,2,4,NULL,167,'T627','04579','00577','m-t0627-04579-00577.jpg',1940),(3023,3,2,4,NULL,167,'T627','04579','00578','m-t0627-04579-00578.jpg',1940),(3024,3,2,4,NULL,167,'T627','04579','00579','m-t0627-04579-00579.jpg',1940),(3025,3,2,4,NULL,167,'T627','04579','00580','m-t0627-04579-00580.jpg',1940),(3026,3,2,4,NULL,167,'T627','04579','00581','m-t0627-04579-00581.jpg',1940),(3027,3,2,4,NULL,167,'T627','04579','00582','m-t0627-04579-00582.jpg',1940),(3028,3,2,4,NULL,167,'T627','04579','00583','m-t0627-04579-00583.jpg',1940),(3029,3,2,4,NULL,167,'T627','04579','00584','m-t0627-04579-00584.jpg',1940),(3030,3,2,4,NULL,167,'T627','04579','00585','m-t0627-04579-00585.jpg',1940),(3031,3,2,4,NULL,167,'T627','04579','00586','m-t0627-04579-00586.jpg',1940),(3032,3,2,4,NULL,167,'T627','04579','00587','m-t0627-04579-00587.jpg',1940),(3033,3,2,4,NULL,167,'T627','04579','00588','m-t0627-04579-00588.jpg',1940),(3034,3,2,4,NULL,167,'T627','04579','00589','m-t0627-04579-00589.jpg',1940),(3035,3,2,4,NULL,167,'T627','04579','00590','m-t0627-04579-00590.jpg',1940),(3036,3,2,4,NULL,167,'T627','04579','00591','m-t0627-04579-00591.jpg',1940),(3037,3,2,4,NULL,167,'T627','04579','00592','m-t0627-04579-00592.jpg',1940),(3038,3,2,4,NULL,167,'T627','04579','00593','m-t0627-04579-00593.jpg',1940),(3039,3,2,4,NULL,167,'T627','04579','00594','m-t0627-04579-00594.jpg',1940),(3040,3,2,4,NULL,167,'T627','04579','00595','m-t0627-04579-00595.jpg',1940),(3041,3,2,4,NULL,167,'T627','04579','00596','m-t0627-04579-00596.jpg',1940),(3042,3,2,4,NULL,167,'T627','04579','00597','m-t0627-04579-00597.jpg',1940),(3043,3,2,4,NULL,167,'T627','04579','00598','m-t0627-04579-00598.jpg',1940),(3044,3,2,4,NULL,167,'T627','04579','00599','m-t0627-04579-00599.jpg',1940),(3045,3,2,4,NULL,167,'T627','04579','00600','m-t0627-04579-00600.jpg',1940),(3046,3,2,4,NULL,167,'T627','04579','00601','m-t0627-04579-00601.jpg',1940),(3047,3,2,4,NULL,167,'T627','04579','00602','m-t0627-04579-00602.jpg',1940),(3048,3,2,4,NULL,167,'T627','04579','00603','m-t0627-04579-00603.jpg',1940),(3049,3,2,4,NULL,167,'T627','04579','00604','m-t0627-04579-00604.jpg',1940),(3050,3,2,4,NULL,167,'T627','04579','00605','m-t0627-04579-00605.jpg',1940),(3051,3,2,4,NULL,167,'T627','04579','00606','m-t0627-04579-00606.jpg',1940),(3052,3,2,4,NULL,167,'T627','04579','00607','m-t0627-04579-00607.jpg',1940),(3053,3,2,4,NULL,167,'T627','04579','00608','m-t0627-04579-00608.jpg',1940),(3054,3,2,4,NULL,167,'T627','04579','00609','m-t0627-04579-00609.jpg',1940),(3055,3,2,4,NULL,167,'T627','04579','00610','m-t0627-04579-00610.jpg',1940),(3056,3,2,4,NULL,167,'T627','04579','00611','m-t0627-04579-00611.jpg',1940),(3057,3,2,4,NULL,167,'T627','04579','00612','m-t0627-04579-00612.jpg',1940),(3058,3,2,4,NULL,167,'T627','04579','00613','m-t0627-04579-00613.jpg',1940),(3059,3,2,4,NULL,167,'T627','04579','00614','m-t0627-04579-00614.jpg',1940),(3060,3,2,4,NULL,167,'T627','04579','00615','m-t0627-04579-00615.jpg',1940),(3061,3,2,4,NULL,167,'T627','04579','00616','m-t0627-04579-00616.jpg',1940),(3062,3,2,4,NULL,167,'T627','04579','00617','m-t0627-04579-00617.jpg',1940),(3063,3,2,4,NULL,167,'T627','04579','00618','m-t0627-04579-00618.jpg',1940),(3064,3,2,4,NULL,167,'T627','04579','00619','m-t0627-04579-00619.jpg',1940),(3065,3,2,4,NULL,167,'T627','04579','00620','m-t0627-04579-00620.jpg',1940),(3066,3,2,4,NULL,167,'T627','04579','00621','m-t0627-04579-00621.jpg',1940),(3067,3,2,4,NULL,167,'T627','04579','00622','m-t0627-04579-00622.jpg',1940),(3068,3,2,4,NULL,167,'T627','04579','00623','m-t0627-04579-00623.jpg',1940),(3069,3,2,4,NULL,167,'T627','04579','00624','m-t0627-04579-00624.jpg',1940),(3070,3,2,4,NULL,167,'T627','04579','00625','m-t0627-04579-00625.jpg',1940),(3071,3,2,4,NULL,167,'T627','04579','00626','m-t0627-04579-00626.jpg',1940),(3072,3,2,4,NULL,167,'T627','04579','00627','m-t0627-04579-00627.jpg',1940),(3073,3,2,4,NULL,167,'T627','04579','00628','m-t0627-04579-00628.jpg',1940),(3074,3,2,4,NULL,167,'T627','04579','00629','m-t0627-04579-00629.jpg',1940),(3075,3,2,4,NULL,167,'T627','04579','00630','m-t0627-04579-00630.jpg',1940),(3076,3,2,4,NULL,167,'T627','04579','00631','m-t0627-04579-00631.jpg',1940),(3077,3,2,4,NULL,167,'T627','04579','00632','m-t0627-04579-00632.jpg',1940),(3078,3,2,4,NULL,167,'T627','04579','00633','m-t0627-04579-00633.jpg',1940),(3079,3,2,4,NULL,167,'T627','04579','00634','m-t0627-04579-00634.jpg',1940),(3080,3,2,4,NULL,167,'T627','04579','00635','m-t0627-04579-00635.jpg',1940),(3081,3,2,4,NULL,167,'T627','04579','00636','m-t0627-04579-00636.jpg',1940),(3082,3,2,4,NULL,167,'T627','04579','00637','m-t0627-04579-00637.jpg',1940),(3083,3,2,4,NULL,167,'T627','04579','00638','m-t0627-04579-00638.jpg',1940),(3084,3,2,4,NULL,167,'T627','04579','00639','m-t0627-04579-00639.jpg',1940),(3085,3,2,4,NULL,167,'T627','04579','00640','m-t0627-04579-00640.jpg',1940),(3086,3,2,4,NULL,167,'T627','04579','00641','m-t0627-04579-00641.jpg',1940),(3087,3,2,4,NULL,167,'T627','04579','00642','m-t0627-04579-00642.jpg',1940),(3088,3,2,4,NULL,167,'T627','04579','00643','m-t0627-04579-00643.jpg',1940),(3089,3,2,4,NULL,167,'T627','04579','00644','m-t0627-04579-00644.jpg',1940),(3090,2,2,4,NULL,168,'T1224','00118','01069','m-t1224-00118-01069.jpg',1940),(3091,3,2,4,NULL,168,'T627','04579','00645','m-t0627-04579-00645.jpg',1940),(3092,3,2,4,NULL,168,'T627','04579','00646','m-t0627-04579-00646.jpg',1940),(3093,3,2,4,NULL,168,'T627','04579','00647','m-t0627-04579-00647.jpg',1940),(3094,3,2,4,NULL,168,'T627','04579','00648','m-t0627-04579-00648.jpg',1940),(3095,3,2,4,NULL,168,'T627','04579','00649','m-t0627-04579-00649.jpg',1940),(3096,3,2,4,NULL,168,'T627','04579','00650','m-t0627-04579-00650.jpg',1940),(3097,3,2,4,NULL,168,'T627','04579','00651','m-t0627-04579-00651.jpg',1940),(3098,3,2,4,NULL,168,'T627','04579','00652','m-t0627-04579-00652.jpg',1940),(3099,2,2,4,NULL,169,'T1224','00118','01069','m-t1224-00118-01069.jpg',1940),(3100,3,2,4,NULL,169,'T627','04579','00653','m-t0627-04579-00653.jpg',1940),(3101,3,2,4,NULL,169,'T627','04579','00654','m-t0627-04579-00654.jpg',1940),(3102,3,2,4,NULL,169,'T627','04579','00655','m-t0627-04579-00655.jpg',1940),(3103,3,2,4,NULL,169,'T627','04579','00656','m-t0627-04579-00656.jpg',1940),(3104,2,2,4,NULL,170,'T1224','00118','01069','m-t1224-00118-01069.jpg',1940),(3105,3,2,4,NULL,170,'T627','04579','00657','m-t0627-04579-00657.jpg',1940),(3106,3,2,4,NULL,170,'T627','04579','00658','m-t0627-04579-00658.jpg',1940),(3107,3,2,4,NULL,170,'T627','04579','00659','m-t0627-04579-00659.jpg',1940),(3108,3,2,4,NULL,170,'T627','04579','00660','m-t0627-04579-00660.jpg',1940),(3109,2,2,4,NULL,171,'T1224','00118','01069','m-t1224-00118-01069.jpg',1940),(3110,3,2,4,NULL,171,'T627','04579','00661','m-t0627-04579-00661.jpg',1940),(3111,3,2,4,NULL,171,'T627','04579','00662','m-t0627-04579-00662.jpg',1940),(3112,2,2,4,NULL,172,'T1224','00118','01069','m-t1224-00118-01069.jpg',1940),(3113,3,2,4,NULL,172,'T627','04579','00663','m-t0627-04579-00663.jpg',1940),(3114,3,2,4,NULL,172,'T627','04579','00664','m-t0627-04579-00664.jpg',1940),(3115,3,2,4,NULL,172,'T627','04579','00665','m-t0627-04579-00665.jpg',1940),(3116,3,2,4,NULL,172,'T627','04579','00666','m-t0627-04579-00666.jpg',1940),(3117,3,2,4,NULL,172,'T627','04579','00667','m-t0627-04579-00667.jpg',1940),(3118,3,2,4,NULL,172,'T627','04579','00668','m-t0627-04579-00668.jpg',1940),(3119,3,2,4,NULL,172,'T627','04579','00669','m-t0627-04579-00669.jpg',1940),(3120,3,2,4,NULL,172,'T627','04579','00670','m-t0627-04579-00670.jpg',1940),(3121,3,2,4,NULL,172,'T627','04579','00671','m-t0627-04579-00671.jpg',1940),(3122,3,2,4,NULL,172,'T627','04579','00672','m-t0627-04579-00672.jpg',1940),(3123,3,2,4,NULL,172,'T627','04579','00673','m-t0627-04579-00673.jpg',1940),(3124,3,2,4,NULL,172,'T627','04579','00674','m-t0627-04579-00674.jpg',1940),(3125,2,2,4,NULL,173,'T1224','00118','01069','m-t1224-00118-01069.jpg',1940),(3126,3,2,4,NULL,173,'T627','04579','00675','m-t0627-04579-00675.jpg',1940),(3127,3,2,4,NULL,173,'T627','04579','00676','m-t0627-04579-00676.jpg',1940),(3128,3,2,4,NULL,173,'T627','04579','00677','m-t0627-04579-00677.jpg',1940),(3129,3,2,4,NULL,173,'T627','04579','00678','m-t0627-04579-00678.jpg',1940),(3130,3,2,4,NULL,173,'T627','04579','00679','m-t0627-04579-00679.jpg',1940),(3131,3,2,4,NULL,173,'T627','04579','00680','m-t0627-04579-00680.jpg',1940),(3132,1,2,4,7,NULL,'A3378','00073','00048','m-a3378-00073-00048.jpg',1940),(3133,1,2,4,7,NULL,'A3378','00073','00049','m-a3378-00073-00049.jpg',1940),(3134,1,2,4,7,NULL,'A3378','00073','00050','m-a3378-00073-00050.jpg',1940),(3135,2,2,5,NULL,174,'T1224','00118','01070','m-t1224-00118-01070.jpg',1940),(3136,3,2,5,NULL,174,'T627','04580','00807','m-t0627-04580-00807.jpg',1940),(3137,3,2,5,NULL,174,'T627','04580','00808','m-t0627-04580-00808.jpg',1940),(3138,3,2,5,NULL,174,'T627','04580','00809','m-t0627-04580-00809.jpg',1940),(3139,3,2,5,NULL,174,'T627','04580','00810','m-t0627-04580-00810.jpg',1940),(3140,3,2,5,NULL,174,'T627','04580','00811','m-t0627-04580-00811.jpg',1940),(3141,3,2,5,NULL,174,'T627','04580','00812','m-t0627-04580-00812.jpg',1940),(3142,3,2,5,NULL,174,'T627','04580','00813','m-t0627-04580-00813.jpg',1940),(3143,3,2,5,NULL,174,'T627','04580','00814','m-t0627-04580-00814.jpg',1940),(3144,3,2,5,NULL,174,'T627','04580','00815','m-t0627-04580-00815.jpg',1940),(3145,3,2,5,NULL,174,'T627','04580','00816','m-t0627-04580-00816.jpg',1940),(3146,3,2,5,NULL,174,'T627','04580','00817','m-t0627-04580-00817.jpg',1940),(3147,3,2,5,NULL,174,'T627','04580','00818','m-t0627-04580-00818.jpg',1940),(3148,3,2,5,NULL,174,'T627','04580','00819','m-t0627-04580-00819.jpg',1940),(3149,3,2,5,NULL,174,'T627','04580','00820','m-t0627-04580-00820.jpg',1940),(3150,3,2,5,NULL,174,'T627','04580','00821','m-t0627-04580-00821.jpg',1940),(3151,3,2,5,NULL,174,'T627','04580','00822','m-t0627-04580-00822.jpg',1940),(3152,3,2,5,NULL,174,'T627','04580','00823','m-t0627-04580-00823.jpg',1940),(3153,3,2,5,NULL,174,'T627','04580','00824','m-t0627-04580-00824.jpg',1940),(3154,3,2,5,NULL,174,'T627','04580','00825','m-t0627-04580-00825.jpg',1940),(3155,3,2,5,NULL,174,'T627','04580','00826','m-t0627-04580-00826.jpg',1940),(3156,3,2,5,NULL,174,'T627','04580','00827','m-t0627-04580-00827.jpg',1940),(3157,3,2,5,NULL,174,'T627','04580','00828','m-t0627-04580-00828.jpg',1940),(3158,3,2,5,NULL,174,'T627','04580','00829','m-t0627-04580-00829.jpg',1940),(3159,3,2,5,NULL,174,'T627','04580','00830','m-t0627-04580-00830.jpg',1940),(3160,3,2,5,NULL,174,'T627','04580','00831','m-t0627-04580-00831.jpg',1940),(3161,3,2,5,NULL,174,'T627','04580','00832','m-t0627-04580-00832.jpg',1940),(3162,3,2,5,NULL,174,'T627','04580','00833','m-t0627-04580-00833.jpg',1940),(3163,3,2,5,NULL,174,'T627','04580','00834','m-t0627-04580-00834.jpg',1940),(3164,3,2,5,NULL,174,'T627','04580','00835','m-t0627-04580-00835.jpg',1940),(3165,3,2,5,NULL,174,'T627','04580','00836','m-t0627-04580-00836.jpg',1940),(3166,3,2,5,NULL,174,'T627','04580','00837','m-t0627-04580-00837.jpg',1940),(3167,3,2,5,NULL,174,'T627','04580','00838','m-t0627-04580-00838.jpg',1940),(3168,3,2,5,NULL,174,'T627','04580','00839','m-t0627-04580-00839.jpg',1940),(3169,3,2,5,NULL,174,'T627','04580','00840','m-t0627-04580-00840.jpg',1940),(3170,3,2,5,NULL,174,'T627','04580','00841','m-t0627-04580-00841.jpg',1940),(3171,3,2,5,NULL,174,'T627','04580','00842','m-t0627-04580-00842.jpg',1940),(3172,3,2,5,NULL,174,'T627','04580','00843','m-t0627-04580-00843.jpg',1940),(3173,3,2,5,NULL,174,'T627','04580','00844','m-t0627-04580-00844.jpg',1940),(3174,3,2,5,NULL,174,'T627','04580','00845','m-t0627-04580-00845.jpg',1940),(3175,3,2,5,NULL,174,'T627','04580','00846','m-t0627-04580-00846.jpg',1940),(3176,3,2,5,NULL,174,'T627','04580','00847','m-t0627-04580-00847.jpg',1940),(3177,3,2,5,NULL,174,'T627','04580','00848','m-t0627-04580-00848.jpg',1940),(3178,3,2,5,NULL,174,'T627','04580','00849','m-t0627-04580-00849.jpg',1940),(3179,3,2,5,NULL,174,'T627','04580','00850','m-t0627-04580-00850.jpg',1940),(3180,3,2,5,NULL,174,'T627','04580','00851','m-t0627-04580-00851.jpg',1940),(3181,3,2,5,NULL,174,'T627','04580','00852','m-t0627-04580-00852.jpg',1940),(3182,3,2,5,NULL,174,'T627','04580','00853','m-t0627-04580-00853.jpg',1940),(3183,3,2,5,NULL,174,'T627','04580','00854','m-t0627-04580-00854.jpg',1940),(3184,3,2,5,NULL,174,'T627','04580','00855','m-t0627-04580-00855.jpg',1940),(3185,3,2,5,NULL,174,'T627','04580','00856','m-t0627-04580-00856.jpg',1940),(3186,3,2,5,NULL,174,'T627','04580','00857','m-t0627-04580-00857.jpg',1940),(3187,3,2,5,NULL,174,'T627','04580','00858','m-t0627-04580-00858.jpg',1940),(3188,3,2,5,NULL,174,'T627','04580','00859','m-t0627-04580-00859.jpg',1940),(3189,3,2,5,NULL,174,'T627','04580','00860','m-t0627-04580-00860.jpg',1940),(3190,2,2,5,NULL,175,'T1224','00118','01070','m-t1224-00118-01070.jpg',1940),(3191,3,2,5,NULL,175,'T627','04580','00861','m-t0627-04580-00861.jpg',1940),(3192,3,2,5,NULL,175,'T627','04580','00862','m-t0627-04580-00862.jpg',1940),(3193,3,2,5,NULL,175,'T627','04580','00863','m-t0627-04580-00863.jpg',1940),(3194,3,2,5,NULL,175,'T627','04580','00864','m-t0627-04580-00864.jpg',1940),(3195,3,2,5,NULL,175,'T627','04580','00865','m-t0627-04580-00865.jpg',1940),(3196,3,2,5,NULL,175,'T627','04580','00866','m-t0627-04580-00866.jpg',1940),(3197,3,2,5,NULL,175,'T627','04580','00867','m-t0627-04580-00867.jpg',1940),(3198,3,2,5,NULL,175,'T627','04580','00868','m-t0627-04580-00868.jpg',1940),(3199,3,2,5,NULL,175,'T627','04580','00869','m-t0627-04580-00869.jpg',1940),(3200,3,2,5,NULL,175,'T627','04580','00870','m-t0627-04580-00870.jpg',1940),(3201,3,2,5,NULL,175,'T627','04580','00871','m-t0627-04580-00871.jpg',1940),(3202,3,2,5,NULL,175,'T627','04580','00872','m-t0627-04580-00872.jpg',1940),(3203,3,2,5,NULL,175,'T627','04580','00873','m-t0627-04580-00873.jpg',1940),(3204,3,2,5,NULL,175,'T627','04580','00874','m-t0627-04580-00874.jpg',1940),(3205,3,2,5,NULL,175,'T627','04580','00875','m-t0627-04580-00875.jpg',1940),(3206,3,2,5,NULL,175,'T627','04580','00876','m-t0627-04580-00876.jpg',1940),(3207,3,2,5,NULL,175,'T627','04580','00877','m-t0627-04580-00877.jpg',1940),(3208,3,2,5,NULL,175,'T627','04580','00878','m-t0627-04580-00878.jpg',1940),(3209,3,2,5,NULL,175,'T627','04580','00879','m-t0627-04580-00879.jpg',1940),(3210,3,2,5,NULL,175,'T627','04580','00880','m-t0627-04580-00880.jpg',1940),(3211,3,2,5,NULL,175,'T627','04580','00881','m-t0627-04580-00881.jpg',1940),(3212,3,2,5,NULL,175,'T627','04580','00882','m-t0627-04580-00882.jpg',1940),(3213,3,2,5,NULL,175,'T627','04580','00883','m-t0627-04580-00883.jpg',1940),(3214,3,2,5,NULL,175,'T627','04580','00884','m-t0627-04580-00884.jpg',1940),(3215,3,2,5,NULL,175,'T627','04580','00885','m-t0627-04580-00885.jpg',1940),(3216,3,2,5,NULL,175,'T627','04580','00886','m-t0627-04580-00886.jpg',1940),(3217,2,2,5,NULL,176,'T1224','00118','01070','m-t1224-00118-01070.jpg',1940),(3218,3,2,5,NULL,176,'T627','04580','00887','m-t0627-04580-00887.jpg',1940),(3219,3,2,5,NULL,176,'T627','04580','00888','m-t0627-04580-00888.jpg',1940),(3220,2,2,5,NULL,177,'T1224','00118','01071','m-t1224-00118-01071.jpg',1940),(3221,3,2,5,NULL,177,'T627','04580','00979','m-t0627-04580-00979.jpg',1940),(3222,3,2,5,NULL,177,'T627','04580','00980','m-t0627-04580-00980.jpg',1940),(3223,3,2,5,NULL,177,'T627','04580','00981','m-t0627-04580-00981.jpg',1940),(3224,3,2,5,NULL,177,'T627','04580','00982','m-t0627-04580-00982.jpg',1940),(3225,3,2,5,NULL,177,'T627','04580','00983','m-t0627-04580-00983.jpg',1940),(3226,3,2,5,NULL,177,'T627','04580','00984','m-t0627-04580-00984.jpg',1940),(3227,3,2,5,NULL,177,'T627','04580','00985','m-t0627-04580-00985.jpg',1940),(3228,3,2,5,NULL,177,'T627','04580','00986','m-t0627-04580-00986.jpg',1940),(3229,3,2,5,NULL,177,'T627','04580','00987','m-t0627-04580-00987.jpg',1940),(3230,3,2,5,NULL,177,'T627','04580','00988','m-t0627-04580-00988.jpg',1940),(3231,3,2,5,NULL,177,'T627','04580','00989','m-t0627-04580-00989.jpg',1940),(3232,3,2,5,NULL,177,'T627','04580','00990','m-t0627-04580-00990.jpg',1940),(3233,3,2,5,NULL,177,'T627','04580','00991','m-t0627-04580-00991.jpg',1940),(3234,3,2,5,NULL,177,'T627','04580','00992','m-t0627-04580-00992.jpg',1940),(3235,3,2,5,NULL,177,'T627','04580','00993','m-t0627-04580-00993.jpg',1940),(3236,3,2,5,NULL,177,'T627','04580','00994','m-t0627-04580-00994.jpg',1940),(3237,3,2,5,NULL,177,'T627','04580','00995','m-t0627-04580-00995.jpg',1940),(3238,3,2,5,NULL,177,'T627','04580','00996','m-t0627-04580-00996.jpg',1940),(3239,3,2,5,NULL,177,'T627','04580','00997','m-t0627-04580-00997.jpg',1940),(3240,3,2,5,NULL,177,'T627','04580','00998','m-t0627-04580-00998.jpg',1940),(3241,3,2,5,NULL,177,'T627','04580','00999','m-t0627-04580-00999.jpg',1940),(3242,3,2,5,NULL,177,'T627','04580','01000','m-t0627-04580-01000.jpg',1940),(3243,2,2,5,NULL,178,'T1224','00118','01071','m-t1224-00118-01071.jpg',1940),(3244,2,2,5,NULL,178,'T1224','00118','01072','m-t1224-00118-01072.jpg',1940),(3245,3,2,5,NULL,178,'T627','04580','01001','m-t0627-04580-01001.jpg',1940),(3246,3,2,5,NULL,178,'T627','04580','01002','m-t0627-04580-01002.jpg',1940),(3247,3,2,5,NULL,178,'T627','04580','01003','m-t0627-04580-01003.jpg',1940),(3248,3,2,5,NULL,178,'T627','04580','01004','m-t0627-04580-01004.jpg',1940),(3249,3,2,5,NULL,178,'T627','04580','01005','m-t0627-04580-01005.jpg',1940),(3250,3,2,5,NULL,178,'T627','04580','01006','m-t0627-04580-01006.jpg',1940),(3251,3,2,5,NULL,178,'T627','04580','01007','m-t0627-04580-01007.jpg',1940),(3252,3,2,5,NULL,178,'T627','04580','01008','m-t0627-04580-01008.jpg',1940),(3253,3,2,5,NULL,178,'T627','04580','01009','m-t0627-04580-01009.jpg',1940),(3254,3,2,5,NULL,178,'T627','04580','01010','m-t0627-04580-01010.jpg',1940),(3255,3,2,5,NULL,178,'T627','04580','01011','m-t0627-04580-01011.jpg',1940),(3256,3,2,5,NULL,178,'T627','04580','01012','m-t0627-04580-01012.jpg',1940),(3257,3,2,5,NULL,178,'T627','04580','01013','m-t0627-04580-01013.jpg',1940),(3258,3,2,5,NULL,178,'T627','04580','01014','m-t0627-04580-01014.jpg',1940),(3259,3,2,5,NULL,178,'T627','04580','01015','m-t0627-04580-01015.jpg',1940),(3260,3,2,5,NULL,178,'T627','04580','01016','m-t0627-04580-01016.jpg',1940),(3261,3,2,5,NULL,178,'T627','04580','01017','m-t0627-04580-01017.jpg',1940),(3262,3,2,5,NULL,178,'T627','04580','01018','m-t0627-04580-01018.jpg',1940),(3263,3,2,5,NULL,178,'T627','04580','01019','m-t0627-04580-01019.jpg',1940),(3264,3,2,5,NULL,178,'T627','04580','01020','m-t0627-04580-01020.jpg',1940),(3265,3,2,5,NULL,178,'T627','04580','01021','m-t0627-04580-01021.jpg',1940),(3266,3,2,5,NULL,178,'T627','04580','01022','m-t0627-04580-01022.jpg',1940),(3267,2,2,5,NULL,179,'T1224','00118','01072','m-t1224-00118-01072.jpg',1940),(3268,3,2,5,NULL,179,'T627','04580','00402','m-t0627-04580-00402.jpg',1940),(3269,3,2,5,NULL,179,'T627','04580','00403','m-t0627-04580-00403.jpg',1940),(3270,3,2,5,NULL,179,'T627','04580','00404','m-t0627-04580-00404.jpg',1940),(3271,3,2,5,NULL,179,'T627','04580','00405','m-t0627-04580-00405.jpg',1940),(3272,3,2,5,NULL,179,'T627','04580','00406','m-t0627-04580-00406.jpg',1940),(3273,3,2,5,NULL,179,'T627','04580','00407','m-t0627-04580-00407.jpg',1940),(3274,3,2,5,NULL,179,'T627','04580','00408','m-t0627-04580-00408.jpg',1940),(3275,3,2,5,NULL,179,'T627','04580','00409','m-t0627-04580-00409.jpg',1940),(3276,3,2,5,NULL,179,'T627','04580','00410','m-t0627-04580-00410.jpg',1940),(3277,3,2,5,NULL,179,'T627','04580','00411','m-t0627-04580-00411.jpg',1940),(3278,3,2,5,NULL,179,'T627','04580','00412','m-t0627-04580-00412.jpg',1940),(3279,3,2,5,NULL,179,'T627','04580','00413','m-t0627-04580-00413.jpg',1940),(3280,3,2,5,NULL,179,'T627','04580','00414','m-t0627-04580-00414.jpg',1940),(3281,3,2,5,NULL,179,'T627','04580','00415','m-t0627-04580-00415.jpg',1940),(3282,3,2,5,NULL,179,'T627','04580','00416','m-t0627-04580-00416.jpg',1940),(3283,3,2,5,NULL,179,'T627','04580','00417','m-t0627-04580-00417.jpg',1940),(3284,3,2,5,NULL,179,'T627','04580','00418','m-t0627-04580-00418.jpg',1940),(3285,3,2,5,NULL,179,'T627','04580','00419','m-t0627-04580-00419.jpg',1940),(3286,3,2,5,NULL,179,'T627','04580','00420','m-t0627-04580-00420.jpg',1940),(3287,3,2,5,NULL,179,'T627','04580','00421','m-t0627-04580-00421.jpg',1940),(3288,3,2,5,NULL,179,'T627','04580','00422','m-t0627-04580-00422.jpg',1940),(3289,3,2,5,NULL,179,'T627','04580','00423','m-t0627-04580-00423.jpg',1940),(3290,3,2,5,NULL,179,'T627','04580','00424','m-t0627-04580-00424.jpg',1940),(3291,3,2,5,NULL,179,'T627','04580','00425','m-t0627-04580-00425.jpg',1940),(3292,3,2,5,NULL,179,'T627','04580','00426','m-t0627-04580-00426.jpg',1940),(3293,3,2,5,NULL,179,'T627','04580','00427','m-t0627-04580-00427.jpg',1940),(3294,3,2,5,NULL,179,'T627','04580','00428','m-t0627-04580-00428.jpg',1940),(3295,3,2,5,NULL,179,'T627','04580','00429','m-t0627-04580-00429.jpg',1940),(3296,3,2,5,NULL,179,'T627','04580','00430','m-t0627-04580-00430.jpg',1940),(3297,3,2,5,NULL,179,'T627','04580','00431','m-t0627-04580-00431.jpg',1940),(3298,3,2,5,NULL,179,'T627','04580','00432','m-t0627-04580-00432.jpg',1940),(3299,3,2,5,NULL,179,'T627','04580','00433','m-t0627-04580-00433.jpg',1940),(3300,3,2,5,NULL,179,'T627','04580','00434','m-t0627-04580-00434.jpg',1940),(3301,3,2,5,NULL,179,'T627','04580','00435','m-t0627-04580-00435.jpg',1940),(3302,3,2,5,NULL,179,'T627','04580','00436','m-t0627-04580-00436.jpg',1940),(3303,3,2,5,NULL,179,'T627','04580','00437','m-t0627-04580-00437.jpg',1940),(3304,3,2,5,NULL,179,'T627','04580','00438','m-t0627-04580-00438.jpg',1940),(3305,3,2,5,NULL,179,'T627','04580','00439','m-t0627-04580-00439.jpg',1940),(3306,3,2,5,NULL,179,'T627','04580','00440','m-t0627-04580-00440.jpg',1940),(3307,3,2,5,NULL,179,'T627','04580','00441','m-t0627-04580-00441.jpg',1940),(3308,3,2,5,NULL,179,'T627','04580','00442','m-t0627-04580-00442.jpg',1940),(3309,3,2,5,NULL,179,'T627','04580','00443','m-t0627-04580-00443.jpg',1940),(3310,2,2,5,NULL,180,'T1224','00118','01072','m-t1224-00118-01072.jpg',1940),(3311,3,2,5,NULL,180,'T627','04580','00448','m-t0627-04580-00448.jpg',1940),(3312,3,2,5,NULL,180,'T627','04580','00449','m-t0627-04580-00449.jpg',1940),(3313,2,2,5,NULL,181,'T1224','00118','01072','m-t1224-00118-01072.jpg',1940),(3314,3,2,5,NULL,181,'T627','04580','00446','m-t0627-04580-00446.jpg',1940),(3315,3,2,5,NULL,181,'T627','04580','00447','m-t0627-04580-00447.jpg',1940),(3316,2,2,5,NULL,182,'T1224','00118','01072','m-t1224-00118-01072.jpg',1940),(3317,3,2,5,NULL,182,'T627','04580','00444','m-t0627-04580-00444.jpg',1940),(3318,3,2,5,NULL,182,'T627','04580','00445','m-t0627-04580-00445.jpg',1940),(3319,2,2,5,NULL,183,'T1224','00118','01072','m-t1224-00118-01072.jpg',1940),(3320,3,2,5,NULL,183,'T627','04580','00450','m-t0627-04580-00450.jpg',1940),(3321,3,2,5,NULL,183,'T627','04580','00451','m-t0627-04580-00451.jpg',1940),(3322,2,2,5,NULL,184,'T1224','00118','01072','m-t1224-00118-01072.jpg',1940),(3323,3,2,5,NULL,184,'T627','04580','00452','m-t0627-04580-00452.jpg',1940),(3324,3,2,5,NULL,184,'T627','04580','00453','m-t0627-04580-00453.jpg',1940),(3325,3,2,5,NULL,184,'T627','04580','00454','m-t0627-04580-00454.jpg',1940),(3326,3,2,5,NULL,184,'T627','04580','00455','m-t0627-04580-00455.jpg',1940),(3327,3,2,5,NULL,184,'T627','04580','00456','m-t0627-04580-00456.jpg',1940),(3328,3,2,5,NULL,184,'T627','04580','00457','m-t0627-04580-00457.jpg',1940),(3329,3,2,5,NULL,184,'T627','04580','00458','m-t0627-04580-00458.jpg',1940),(3330,3,2,5,NULL,184,'T627','04580','00459','m-t0627-04580-00459.jpg',1940),(3331,3,2,5,NULL,184,'T627','04580','00460','m-t0627-04580-00460.jpg',1940),(3332,3,2,5,NULL,184,'T627','04580','00461','m-t0627-04580-00461.jpg',1940),(3333,3,2,5,NULL,184,'T627','04580','00462','m-t0627-04580-00462.jpg',1940),(3334,3,2,5,NULL,184,'T627','04580','00463','m-t0627-04580-00463.jpg',1940),(3335,3,2,5,NULL,184,'T627','04580','00464','m-t0627-04580-00464.jpg',1940),(3336,3,2,5,NULL,184,'T627','04580','00465','m-t0627-04580-00465.jpg',1940),(3337,3,2,5,NULL,184,'T627','04580','00466','m-t0627-04580-00466.jpg',1940),(3338,3,2,5,NULL,184,'T627','04580','00467','m-t0627-04580-00467.jpg',1940),(3339,3,2,5,NULL,184,'T627','04580','00468','m-t0627-04580-00468.jpg',1940),(3340,3,2,5,NULL,184,'T627','04580','00469','m-t0627-04580-00469.jpg',1940),(3341,3,2,5,NULL,184,'T627','04580','00470','m-t0627-04580-00470.jpg',1940),(3342,3,2,5,NULL,184,'T627','04580','00471','m-t0627-04580-00471.jpg',1940),(3343,2,2,5,NULL,185,'T1224','00118','01073','m-t1224-00118-01073.jpg',1940),(3344,3,2,5,NULL,185,'T627','04580','00472','m-t0627-04580-00472.jpg',1940),(3345,3,2,5,NULL,185,'T627','04580','00473','m-t0627-04580-00473.jpg',1940),(3346,3,2,5,NULL,185,'T627','04580','00474','m-t0627-04580-00474.jpg',1940),(3347,3,2,5,NULL,185,'T627','04580','00475','m-t0627-04580-00475.jpg',1940),(3348,3,2,5,NULL,185,'T627','04580','00476','m-t0627-04580-00476.jpg',1940),(3349,3,2,5,NULL,185,'T627','04580','00477','m-t0627-04580-00477.jpg',1940),(3350,2,2,5,NULL,186,'T1224','00118','01073','m-t1224-00118-01073.jpg',1940),(3351,3,2,5,NULL,186,'T627','04580','00478','m-t0627-04580-00478.jpg',1940),(3352,3,2,5,NULL,186,'T627','04580','00479','m-t0627-04580-00479.jpg',1940),(3353,3,2,5,NULL,186,'T627','04580','00480','m-t0627-04580-00480.jpg',1940),(3354,3,2,5,NULL,186,'T627','04580','00481','m-t0627-04580-00481.jpg',1940),(3355,3,2,5,NULL,186,'T627','04580','00482','m-t0627-04580-00482.jpg',1940),(3356,3,2,5,NULL,186,'T627','04580','00483','m-t0627-04580-00483.jpg',1940),(3357,2,2,5,NULL,187,'T1224','00118','01073','m-t1224-00118-01073.jpg',1940),(3358,3,2,5,NULL,187,'T627','04580','00688','m-t0627-04580-00688.jpg',1940),(3359,3,2,5,NULL,187,'T627','04580','00689','m-t0627-04580-00689.jpg',1940),(3360,3,2,5,NULL,187,'T627','04580','00690','m-t0627-04580-00690.jpg',1940),(3361,3,2,5,NULL,187,'T627','04580','00691','m-t0627-04580-00691.jpg',1940),(3362,3,2,5,NULL,187,'T627','04580','00692','m-t0627-04580-00692.jpg',1940),(3363,3,2,5,NULL,187,'T627','04580','00693','m-t0627-04580-00693.jpg',1940),(3364,2,2,5,NULL,188,'T1224','00118','01074','m-t1224-00118-01074.jpg',1940),(3365,3,2,5,NULL,188,'T627','04580','00351','m-t0627-04580-00351.jpg',1940),(3366,3,2,5,NULL,188,'T627','04580','00352','m-t0627-04580-00352.jpg',1940),(3367,3,2,5,NULL,188,'T627','04580','00353','m-t0627-04580-00353.jpg',1940),(3368,3,2,5,NULL,188,'T627','04580','00354','m-t0627-04580-00354.jpg',1940),(3369,3,2,5,NULL,188,'T627','04580','00355','m-t0627-04580-00355.jpg',1940),(3370,3,2,5,NULL,188,'T627','04580','00356','m-t0627-04580-00356.jpg',1940),(3371,3,2,5,NULL,188,'T627','04580','00357','m-t0627-04580-00357.jpg',1940),(3372,3,2,5,NULL,188,'T627','04580','00358','m-t0627-04580-00358.jpg',1940),(3373,2,2,5,NULL,189,'T1224','00118','01074','m-t1224-00118-01074.jpg',1940),(3374,3,2,5,NULL,189,'T627','04580','00359','m-t0627-04580-00359.jpg',1940),(3375,3,2,5,NULL,189,'T627','04580','00360','m-t0627-04580-00360.jpg',1940),(3376,3,2,5,NULL,189,'T627','04580','00361','m-t0627-04580-00361.jpg',1940),(3377,3,2,5,NULL,189,'T627','04580','00362','m-t0627-04580-00362.jpg',1940),(3378,3,2,5,NULL,189,'T627','04580','00363','m-t0627-04580-00363.jpg',1940),(3379,3,2,5,NULL,189,'T627','04580','00364','m-t0627-04580-00364.jpg',1940),(3380,3,2,5,NULL,189,'T627','04580','00365','m-t0627-04580-00365.jpg',1940),(3381,3,2,5,NULL,189,'T627','04580','00366','m-t0627-04580-00366.jpg',1940),(3382,2,2,5,NULL,190,'T1224','00118','01074','m-t1224-00118-01074.jpg',1940),(3383,3,2,5,NULL,190,'T627','04580','00367','m-t0627-04580-00367.jpg',1940),(3384,3,2,5,NULL,190,'T627','04580','00368','m-t0627-04580-00368.jpg',1940),(3385,3,2,5,NULL,190,'T627','04580','00369','m-t0627-04580-00369.jpg',1940),(3386,3,2,5,NULL,190,'T627','04580','00370','m-t0627-04580-00370.jpg',1940),(3387,3,2,5,NULL,190,'T627','04580','00371','m-t0627-04580-00371.jpg',1940),(3388,3,2,5,NULL,190,'T627','04580','00372','m-t0627-04580-00372.jpg',1940),(3389,3,2,5,NULL,190,'T627','04580','00373','m-t0627-04580-00373.jpg',1940),(3390,3,2,5,NULL,190,'T627','04580','00374','m-t0627-04580-00374.jpg',1940),(3391,3,2,5,NULL,190,'T627','04580','00375','m-t0627-04580-00375.jpg',1940),(3392,3,2,5,NULL,190,'T627','04580','00376','m-t0627-04580-00376.jpg',1940),(3393,3,2,5,NULL,190,'T627','04580','00377','m-t0627-04580-00377.jpg',1940),(3394,3,2,5,NULL,190,'T627','04580','00378','m-t0627-04580-00378.jpg',1940),(3395,3,2,5,NULL,190,'T627','04580','00379','m-t0627-04580-00379.jpg',1940),(3396,3,2,5,NULL,190,'T627','04580','00380','m-t0627-04580-00380.jpg',1940),(3397,3,2,5,NULL,190,'T627','04580','00381','m-t0627-04580-00381.jpg',1940),(3398,3,2,5,NULL,190,'T627','04580','00382','m-t0627-04580-00382.jpg',1940),(3399,3,2,5,NULL,190,'T627','04580','00383','m-t0627-04580-00383.jpg',1940),(3400,3,2,5,NULL,190,'T627','04580','00384','m-t0627-04580-00384.jpg',1940),(3401,3,2,5,NULL,190,'T627','04580','00385','m-t0627-04580-00385.jpg',1940),(3402,3,2,5,NULL,190,'T627','04580','00386','m-t0627-04580-00386.jpg',1940),(3403,3,2,5,NULL,190,'T627','04580','00387','m-t0627-04580-00387.jpg',1940),(3404,3,2,5,NULL,190,'T627','04580','00388','m-t0627-04580-00388.jpg',1940),(3405,2,2,5,NULL,191,'T1224','00118','01074','m-t1224-00118-01074.jpg',1940),(3406,3,2,5,NULL,191,'T627','04580','00389','m-t0627-04580-00389.jpg',1940),(3407,3,2,5,NULL,191,'T627','04580','00390','m-t0627-04580-00390.jpg',1940),(3408,2,2,5,NULL,192,'T1224','00118','01074','m-t1224-00118-01074.jpg',1940),(3409,3,2,5,NULL,192,'T627','04580','00391','m-t0627-04580-00391.jpg',1940),(3410,3,2,5,NULL,192,'T627','04580','00392','m-t0627-04580-00392.jpg',1940),(3411,3,2,5,NULL,192,'T627','04580','00393','m-t0627-04580-00393.jpg',1940),(3412,3,2,5,NULL,192,'T627','04580','00394','m-t0627-04580-00394.jpg',1940),(3413,3,2,5,NULL,192,'T627','04580','00395','m-t0627-04580-00395.jpg',1940),(3414,3,2,5,NULL,192,'T627','04580','00396','m-t0627-04580-00396.jpg',1940),(3415,2,2,5,NULL,193,'T1224','00118','01074','m-t1224-00118-01074.jpg',1940),(3416,3,2,5,NULL,193,'T627','04580','00397','m-t0627-04580-00397.jpg',1940),(3417,3,2,5,NULL,193,'T627','04580','00398','m-t0627-04580-00398.jpg',1940),(3418,3,2,5,NULL,193,'T627','04580','00399','m-t0627-04580-00399.jpg',1940),(3419,3,2,5,NULL,193,'T627','04580','00400','m-t0627-04580-00400.jpg',1940),(3420,2,2,5,NULL,194,'T1224','00118','01075','m-t1224-00118-01075.jpg',1940),(3421,3,2,5,NULL,194,'T627','04580','00081','m-t0627-04580-00081.jpg',1940),(3422,3,2,5,NULL,194,'T627','04580','00082','m-t0627-04580-00082.jpg',1940),(3423,3,2,5,NULL,194,'T627','04580','00083','m-t0627-04580-00083.jpg',1940),(3424,3,2,5,NULL,194,'T627','04580','00084','m-t0627-04580-00084.jpg',1940),(3425,3,2,5,NULL,194,'T627','04580','00085','m-t0627-04580-00085.jpg',1940),(3426,3,2,5,NULL,194,'T627','04580','00086','m-t0627-04580-00086.jpg',1940),(3427,3,2,5,NULL,194,'T627','04580','00087','m-t0627-04580-00087.jpg',1940),(3428,3,2,5,NULL,194,'T627','04580','00088','m-t0627-04580-00088.jpg',1940),(3429,3,2,5,NULL,194,'T627','04580','00089','m-t0627-04580-00089.jpg',1940),(3430,3,2,5,NULL,194,'T627','04580','00090','m-t0627-04580-00090.jpg',1940),(3431,3,2,5,NULL,194,'T627','04580','00091','m-t0627-04580-00091.jpg',1940),(3432,3,2,5,NULL,194,'T627','04580','00092','m-t0627-04580-00092.jpg',1940),(3433,3,2,5,NULL,194,'T627','04580','00093','m-t0627-04580-00093.jpg',1940),(3434,3,2,5,NULL,194,'T627','04580','00094','m-t0627-04580-00094.jpg',1940),(3435,3,2,5,NULL,194,'T627','04580','00095','m-t0627-04580-00095.jpg',1940),(3436,3,2,5,NULL,194,'T627','04580','00096','m-t0627-04580-00096.jpg',1940),(3437,3,2,5,NULL,194,'T627','04580','00097','m-t0627-04580-00097.jpg',1940),(3438,3,2,5,NULL,194,'T627','04580','00098','m-t0627-04580-00098.jpg',1940),(3439,3,2,5,NULL,194,'T627','04580','00099','m-t0627-04580-00099.jpg',1940),(3440,3,2,5,NULL,194,'T627','04580','00100','m-t0627-04580-00100.jpg',1940),(3441,3,2,5,NULL,194,'T627','04580','00101','m-t0627-04580-00101.jpg',1940),(3442,3,2,5,NULL,194,'T627','04580','00102','m-t0627-04580-00102.jpg',1940),(3443,3,2,5,NULL,194,'T627','04580','00103','m-t0627-04580-00103.jpg',1940),(3444,3,2,5,NULL,194,'T627','04580','00104','m-t0627-04580-00104.jpg',1940),(3445,3,2,5,NULL,194,'T627','04580','00105','m-t0627-04580-00105.jpg',1940),(3446,3,2,5,NULL,194,'T627','04580','00106','m-t0627-04580-00106.jpg',1940),(3447,3,2,5,NULL,194,'T627','04580','00107','m-t0627-04580-00107.jpg',1940),(3448,3,2,5,NULL,194,'T627','04580','00108','m-t0627-04580-00108.jpg',1940),(3449,3,2,5,NULL,194,'T627','04580','00109','m-t0627-04580-00109.jpg',1940),(3450,3,2,5,NULL,194,'T627','04580','00110','m-t0627-04580-00110.jpg',1940),(3451,3,2,5,NULL,194,'T627','04580','00111','m-t0627-04580-00111.jpg',1940),(3452,3,2,5,NULL,194,'T627','04580','00112','m-t0627-04580-00112.jpg',1940),(3453,3,2,5,NULL,194,'T627','04580','00113','m-t0627-04580-00113.jpg',1940),(3454,3,2,5,NULL,194,'T627','04580','00114','m-t0627-04580-00114.jpg',1940),(3455,3,2,5,NULL,194,'T627','04580','00115','m-t0627-04580-00115.jpg',1940),(3456,3,2,5,NULL,194,'T627','04580','00116','m-t0627-04580-00116.jpg',1940),(3457,3,2,5,NULL,194,'T627','04580','00117','m-t0627-04580-00117.jpg',1940),(3458,3,2,5,NULL,194,'T627','04580','00118','m-t0627-04580-00118.jpg',1940),(3459,3,2,5,NULL,194,'T627','04580','00119','m-t0627-04580-00119.jpg',1940),(3460,3,2,5,NULL,194,'T627','04580','00120','m-t0627-04580-00120.jpg',1940),(3461,3,2,5,NULL,194,'T627','04580','00121','m-t0627-04580-00121.jpg',1940),(3462,3,2,5,NULL,194,'T627','04580','00122','m-t0627-04580-00122.jpg',1940),(3463,3,2,5,NULL,194,'T627','04580','00123','m-t0627-04580-00123.jpg',1940),(3464,3,2,5,NULL,194,'T627','04580','00124','m-t0627-04580-00124.jpg',1940),(3465,3,2,5,NULL,194,'T627','04580','00125','m-t0627-04580-00125.jpg',1940),(3466,3,2,5,NULL,194,'T627','04580','00126','m-t0627-04580-00126.jpg',1940),(3467,3,2,5,NULL,194,'T627','04580','00127','m-t0627-04580-00127.jpg',1940),(3468,3,2,5,NULL,194,'T627','04580','00128','m-t0627-04580-00128.jpg',1940),(3469,3,2,5,NULL,194,'T627','04580','00129','m-t0627-04580-00129.jpg',1940),(3470,3,2,5,NULL,194,'T627','04580','00130','m-t0627-04580-00130.jpg',1940),(3471,3,2,5,NULL,194,'T627','04580','00131','m-t0627-04580-00131.jpg',1940),(3472,3,2,5,NULL,194,'T627','04580','00132','m-t0627-04580-00132.jpg',1940),(3473,3,2,5,NULL,194,'T627','04580','00133','m-t0627-04580-00133.jpg',1940),(3474,3,2,5,NULL,194,'T627','04580','00134','m-t0627-04580-00134.jpg',1940),(3475,3,2,5,NULL,194,'T627','04580','00135','m-t0627-04580-00135.jpg',1940),(3476,3,2,5,NULL,194,'T627','04580','00136','m-t0627-04580-00136.jpg',1940),(3477,3,2,5,NULL,194,'T627','04580','00137','m-t0627-04580-00137.jpg',1940),(3478,3,2,5,NULL,194,'T627','04580','00138','m-t0627-04580-00138.jpg',1940),(3479,3,2,5,NULL,194,'T627','04580','00139','m-t0627-04580-00139.jpg',1940),(3480,3,2,5,NULL,194,'T627','04580','00140','m-t0627-04580-00140.jpg',1940),(3481,3,2,5,NULL,194,'T627','04580','00141','m-t0627-04580-00141.jpg',1940),(3482,3,2,5,NULL,194,'T627','04580','00142','m-t0627-04580-00142.jpg',1940),(3483,3,2,5,NULL,194,'T627','04580','00143','m-t0627-04580-00143.jpg',1940),(3484,3,2,5,NULL,194,'T627','04580','00144','m-t0627-04580-00144.jpg',1940),(3485,3,2,5,NULL,194,'T627','04580','00145','m-t0627-04580-00145.jpg',1940),(3486,3,2,5,NULL,194,'T627','04580','00146','m-t0627-04580-00146.jpg',1940),(3487,3,2,5,NULL,194,'T627','04580','00147','m-t0627-04580-00147.jpg',1940),(3488,3,2,5,NULL,194,'T627','04580','00148','m-t0627-04580-00148.jpg',1940),(3489,3,2,5,NULL,194,'T627','04580','00149','m-t0627-04580-00149.jpg',1940),(3490,3,2,5,NULL,194,'T627','04580','00150','m-t0627-04580-00150.jpg',1940),(3491,3,2,5,NULL,194,'T627','04580','00151','m-t0627-04580-00151.jpg',1940),(3492,3,2,5,NULL,194,'T627','04580','00152','m-t0627-04580-00152.jpg',1940),(3493,3,2,5,NULL,194,'T627','04580','00153','m-t0627-04580-00153.jpg',1940),(3494,3,2,5,NULL,194,'T627','04580','00154','m-t0627-04580-00154.jpg',1940),(3495,3,2,5,NULL,194,'T627','04580','00155','m-t0627-04580-00155.jpg',1940),(3496,3,2,5,NULL,194,'T627','04580','00156','m-t0627-04580-00156.jpg',1940),(3497,3,2,5,NULL,194,'T627','04580','00157','m-t0627-04580-00157.jpg',1940),(3498,3,2,5,NULL,194,'T627','04580','00158','m-t0627-04580-00158.jpg',1940),(3499,3,2,5,NULL,194,'T627','04580','00159','m-t0627-04580-00159.jpg',1940),(3500,3,2,5,NULL,194,'T627','04580','00160','m-t0627-04580-00160.jpg',1940),(3501,3,2,5,NULL,194,'T627','04580','00161','m-t0627-04580-00161.jpg',1940),(3502,3,2,5,NULL,194,'T627','04580','00162','m-t0627-04580-00162.jpg',1940),(3503,3,2,5,NULL,194,'T627','04580','00163','m-t0627-04580-00163.jpg',1940),(3504,3,2,5,NULL,194,'T627','04580','00164','m-t0627-04580-00164.jpg',1940),(3505,3,2,5,NULL,194,'T627','04580','00165','m-t0627-04580-00165.jpg',1940),(3506,3,2,5,NULL,194,'T627','04580','00166','m-t0627-04580-00166.jpg',1940),(3507,2,2,5,NULL,195,'T1224','00118','01075','m-t1224-00118-01075.jpg',1940),(3508,3,2,5,NULL,195,'T627','04580','00167','m-t0627-04580-00167.jpg',1940),(3509,3,2,5,NULL,195,'T627','04580','00168','m-t0627-04580-00168.jpg',1940),(3510,3,2,5,NULL,195,'T627','04580','00169','m-t0627-04580-00169.jpg',1940),(3511,3,2,5,NULL,195,'T627','04580','00170','m-t0627-04580-00170.jpg',1940),(3512,3,2,5,NULL,195,'T627','04580','00171','m-t0627-04580-00171.jpg',1940),(3513,3,2,5,NULL,195,'T627','04580','00172','m-t0627-04580-00172.jpg',1940),(3514,3,2,5,NULL,195,'T627','04580','00173','m-t0627-04580-00173.jpg',1940),(3515,3,2,5,NULL,195,'T627','04580','00174','m-t0627-04580-00174.jpg',1940),(3516,3,2,5,NULL,195,'T627','04580','00175','m-t0627-04580-00175.jpg',1940),(3517,3,2,5,NULL,195,'T627','04580','00176','m-t0627-04580-00176.jpg',1940),(3518,3,2,5,NULL,195,'T627','04580','00177','m-t0627-04580-00177.jpg',1940),(3519,3,2,5,NULL,195,'T627','04580','00178','m-t0627-04580-00178.jpg',1940),(3520,3,2,5,NULL,195,'T627','04580','00179','m-t0627-04580-00179.jpg',1940),(3521,3,2,5,NULL,195,'T627','04580','00180','m-t0627-04580-00180.jpg',1940),(3522,3,2,5,NULL,195,'T627','04580','00181','m-t0627-04580-00181.jpg',1940),(3523,3,2,5,NULL,195,'T627','04580','00182','m-t0627-04580-00182.jpg',1940),(3524,3,2,5,NULL,195,'T627','04580','00183','m-t0627-04580-00183.jpg',1940),(3525,3,2,5,NULL,195,'T627','04580','00184','m-t0627-04580-00184.jpg',1940),(3526,3,2,5,NULL,195,'T627','04580','00185','m-t0627-04580-00185.jpg',1940),(3527,3,2,5,NULL,195,'T627','04580','00186','m-t0627-04580-00186.jpg',1940),(3528,3,2,5,NULL,195,'T627','04580','00187','m-t0627-04580-00187.jpg',1940),(3529,3,2,5,NULL,195,'T627','04580','00188','m-t0627-04580-00188.jpg',1940),(3530,3,2,5,NULL,195,'T627','04580','00189','m-t0627-04580-00189.jpg',1940),(3531,3,2,5,NULL,195,'T627','04580','00190','m-t0627-04580-00190.jpg',1940),(3532,3,2,5,NULL,195,'T627','04580','00191','m-t0627-04580-00191.jpg',1940),(3533,3,2,5,NULL,195,'T627','04580','00192','m-t0627-04580-00192.jpg',1940),(3534,3,2,5,NULL,195,'T627','04580','00193','m-t0627-04580-00193.jpg',1940),(3535,3,2,5,NULL,195,'T627','04580','00194','m-t0627-04580-00194.jpg',1940),(3536,3,2,5,NULL,195,'T627','04580','00195','m-t0627-04580-00195.jpg',1940),(3537,3,2,5,NULL,195,'T627','04580','00196','m-t0627-04580-00196.jpg',1940),(3538,3,2,5,NULL,195,'T627','04580','00197','m-t0627-04580-00197.jpg',1940),(3539,3,2,5,NULL,195,'T627','04580','00198','m-t0627-04580-00198.jpg',1940),(3540,3,2,5,NULL,195,'T627','04580','00199','m-t0627-04580-00199.jpg',1940),(3541,3,2,5,NULL,195,'T627','04580','00200','m-t0627-04580-00200.jpg',1940),(3542,3,2,5,NULL,195,'T627','04580','00201','m-t0627-04580-00201.jpg',1940),(3543,3,2,5,NULL,195,'T627','04580','00202','m-t0627-04580-00202.jpg',1940),(3544,3,2,5,NULL,195,'T627','04580','00203','m-t0627-04580-00203.jpg',1940),(3545,3,2,5,NULL,195,'T627','04580','00204','m-t0627-04580-00204.jpg',1940),(3546,3,2,5,NULL,195,'T627','04580','00205','m-t0627-04580-00205.jpg',1940),(3547,3,2,5,NULL,195,'T627','04580','00206','m-t0627-04580-00206.jpg',1940),(3548,3,2,5,NULL,195,'T627','04580','00207','m-t0627-04580-00207.jpg',1940),(3549,3,2,5,NULL,195,'T627','04580','00208','m-t0627-04580-00208.jpg',1940),(3550,3,2,5,NULL,195,'T627','04580','00209','m-t0627-04580-00209.jpg',1940),(3551,3,2,5,NULL,195,'T627','04580','00210','m-t0627-04580-00210.jpg',1940),(3552,3,2,5,NULL,195,'T627','04580','00211','m-t0627-04580-00211.jpg',1940),(3553,3,2,5,NULL,195,'T627','04580','00212','m-t0627-04580-00212.jpg',1940),(3554,3,2,5,NULL,195,'T627','04580','00213','m-t0627-04580-00213.jpg',1940),(3555,3,2,5,NULL,195,'T627','04580','00214','m-t0627-04580-00214.jpg',1940),(3556,3,2,5,NULL,195,'T627','04580','00215','m-t0627-04580-00215.jpg',1940),(3557,3,2,5,NULL,195,'T627','04580','00216','m-t0627-04580-00216.jpg',1940),(3558,3,2,5,NULL,195,'T627','04580','00217','m-t0627-04580-00217.jpg',1940),(3559,3,2,5,NULL,195,'T627','04580','00218','m-t0627-04580-00218.jpg',1940),(3560,3,2,5,NULL,195,'T627','04580','00219','m-t0627-04580-00219.jpg',1940),(3561,3,2,5,NULL,195,'T627','04580','00220','m-t0627-04580-00220.jpg',1940),(3562,3,2,5,NULL,195,'T627','04580','00221','m-t0627-04580-00221.jpg',1940),(3563,3,2,5,NULL,195,'T627','04580','00222','m-t0627-04580-00222.jpg',1940),(3564,3,2,5,NULL,195,'T627','04580','00223','m-t0627-04580-00223.jpg',1940),(3565,3,2,5,NULL,195,'T627','04580','00224','m-t0627-04580-00224.jpg',1940),(3566,3,2,5,NULL,195,'T627','04580','00225','m-t0627-04580-00225.jpg',1940),(3567,3,2,5,NULL,195,'T627','04580','00226','m-t0627-04580-00226.jpg',1940),(3568,3,2,5,NULL,195,'T627','04580','00227','m-t0627-04580-00227.jpg',1940),(3569,3,2,5,NULL,195,'T627','04580','00228','m-t0627-04580-00228.jpg',1940),(3570,3,2,5,NULL,195,'T627','04580','00229','m-t0627-04580-00229.jpg',1940),(3571,3,2,5,NULL,195,'T627','04580','00230','m-t0627-04580-00230.jpg',1940),(3572,3,2,5,NULL,195,'T627','04580','00231','m-t0627-04580-00231.jpg',1940),(3573,3,2,5,NULL,195,'T627','04580','00232','m-t0627-04580-00232.jpg',1940),(3574,3,2,5,NULL,195,'T627','04580','00233','m-t0627-04580-00233.jpg',1940),(3575,3,2,5,NULL,195,'T627','04580','00234','m-t0627-04580-00234.jpg',1940),(3576,3,2,5,NULL,195,'T627','04580','00235','m-t0627-04580-00235.jpg',1940),(3577,3,2,5,NULL,195,'T627','04580','00236','m-t0627-04580-00236.jpg',1940),(3578,3,2,5,NULL,195,'T627','04580','00237','m-t0627-04580-00237.jpg',1940),(3579,3,2,5,NULL,195,'T627','04580','00238','m-t0627-04580-00238.jpg',1940),(3580,3,2,5,NULL,195,'T627','04580','00239','m-t0627-04580-00239.jpg',1940),(3581,3,2,5,NULL,195,'T627','04580','00240','m-t0627-04580-00240.jpg',1940),(3582,3,2,5,NULL,195,'T627','04580','00241','m-t0627-04580-00241.jpg',1940),(3583,3,2,5,NULL,195,'T627','04580','00242','m-t0627-04580-00242.jpg',1940),(3584,3,2,5,NULL,195,'T627','04580','00243','m-t0627-04580-00243.jpg',1940),(3585,3,2,5,NULL,195,'T627','04580','00244','m-t0627-04580-00244.jpg',1940),(3586,2,2,5,NULL,196,'T1224','00118','01075','m-t1224-00118-01075.jpg',1940),(3587,3,2,5,NULL,196,'T627','04580','00245','m-t0627-04580-00245.jpg',1940),(3588,3,2,5,NULL,196,'T627','04580','00246','m-t0627-04580-00246.jpg',1940),(3589,3,2,5,NULL,196,'T627','04580','00247','m-t0627-04580-00247.jpg',1940),(3590,3,2,5,NULL,196,'T627','04580','00248','m-t0627-04580-00248.jpg',1940),(3591,3,2,5,NULL,196,'T627','04580','00249','m-t0627-04580-00249.jpg',1940),(3592,3,2,5,NULL,196,'T627','04580','00250','m-t0627-04580-00250.jpg',1940),(3593,3,2,5,NULL,196,'T627','04580','00251','m-t0627-04580-00251.jpg',1940),(3594,3,2,5,NULL,196,'T627','04580','00252','m-t0627-04580-00252.jpg',1940),(3595,3,2,5,NULL,196,'T627','04580','00253','m-t0627-04580-00253.jpg',1940),(3596,3,2,5,NULL,196,'T627','04580','00254','m-t0627-04580-00254.jpg',1940),(3597,2,2,5,NULL,197,'T1224','00118','01075','m-t1224-00118-01075.jpg',1940),(3598,2,2,5,NULL,197,'T1224','00118','01076','m-t1224-00118-01076.jpg',1940),(3599,3,2,5,NULL,197,'T627','04580','00255','m-t0627-04580-00255.jpg',1940),(3600,3,2,5,NULL,197,'T627','04580','00256','m-t0627-04580-00256.jpg',1940),(3601,3,2,5,NULL,197,'T627','04580','00257','m-t0627-04580-00257.jpg',1940),(3602,3,2,5,NULL,197,'T627','04580','00258','m-t0627-04580-00258.jpg',1940),(3603,3,2,5,NULL,197,'T627','04580','00259','m-t0627-04580-00259.jpg',1940),(3604,3,2,5,NULL,197,'T627','04580','00260','m-t0627-04580-00260.jpg',1940),(3605,3,2,5,NULL,197,'T627','04580','00261','m-t0627-04580-00261.jpg',1940),(3606,3,2,5,NULL,197,'T627','04580','00262','m-t0627-04580-00262.jpg',1940),(3607,3,2,5,NULL,197,'T627','04580','00263','m-t0627-04580-00263.jpg',1940),(3608,3,2,5,NULL,197,'T627','04580','00264','m-t0627-04580-00264.jpg',1940),(3609,3,2,5,NULL,197,'T627','04580','00265','m-t0627-04580-00265.jpg',1940),(3610,3,2,5,NULL,197,'T627','04580','00266','m-t0627-04580-00266.jpg',1940),(3611,3,2,5,NULL,197,'T627','04580','00267','m-t0627-04580-00267.jpg',1940),(3612,3,2,5,NULL,197,'T627','04580','00268','m-t0627-04580-00268.jpg',1940),(3613,3,2,5,NULL,197,'T627','04580','00269','m-t0627-04580-00269.jpg',1940),(3614,3,2,5,NULL,197,'T627','04580','00270','m-t0627-04580-00270.jpg',1940),(3615,3,2,5,NULL,197,'T627','04580','00271','m-t0627-04580-00271.jpg',1940),(3616,3,2,5,NULL,197,'T627','04580','00272','m-t0627-04580-00272.jpg',1940),(3617,3,2,5,NULL,197,'T627','04580','00273','m-t0627-04580-00273.jpg',1940),(3618,3,2,5,NULL,197,'T627','04580','00274','m-t0627-04580-00274.jpg',1940),(3619,3,2,5,NULL,197,'T627','04580','00275','m-t0627-04580-00275.jpg',1940),(3620,3,2,5,NULL,197,'T627','04580','00276','m-t0627-04580-00276.jpg',1940),(3621,2,2,5,NULL,198,'T1224','00118','01076','m-t1224-00118-01076.jpg',1940),(3622,3,2,5,NULL,198,'T627','04580','00277','m-t0627-04580-00277.jpg',1940),(3623,3,2,5,NULL,198,'T627','04580','00278','m-t0627-04580-00278.jpg',1940),(3624,3,2,5,NULL,198,'T627','04580','00279','m-t0627-04580-00279.jpg',1940),(3625,3,2,5,NULL,198,'T627','04580','00280','m-t0627-04580-00280.jpg',1940),(3626,3,2,5,NULL,198,'T627','04580','00281','m-t0627-04580-00281.jpg',1940),(3627,3,2,5,NULL,198,'T627','04580','00282','m-t0627-04580-00282.jpg',1940),(3628,3,2,5,NULL,198,'T627','04580','00283','m-t0627-04580-00283.jpg',1940),(3629,3,2,5,NULL,198,'T627','04580','00284','m-t0627-04580-00284.jpg',1940),(3630,2,2,5,NULL,199,'T1224','00118','01076','m-t1224-00118-01076.jpg',1940),(3631,3,2,5,NULL,199,'T627','04580','00285','m-t0627-04580-00285.jpg',1940),(3632,3,2,5,NULL,199,'T627','04580','00286','m-t0627-04580-00286.jpg',1940),(3633,3,2,5,NULL,199,'T627','04580','00287','m-t0627-04580-00287.jpg',1940),(3634,3,2,5,NULL,199,'T627','04580','00288','m-t0627-04580-00288.jpg',1940),(3635,3,2,5,NULL,199,'T627','04580','00289','m-t0627-04580-00289.jpg',1940),(3636,3,2,5,NULL,199,'T627','04580','00290','m-t0627-04580-00290.jpg',1940),(3637,2,2,5,NULL,200,'T1224','00118','01076','m-t1224-00118-01076.jpg',1940),(3638,3,2,5,NULL,200,'T627','04580','00695','m-t0627-04580-00695.jpg',1940),(3639,3,2,5,NULL,200,'T627','04580','00696','m-t0627-04580-00696.jpg',1940),(3640,3,2,5,NULL,200,'T627','04580','00697','m-t0627-04580-00697.jpg',1940),(3641,3,2,5,NULL,200,'T627','04580','00698','m-t0627-04580-00698.jpg',1940),(3642,3,2,5,NULL,200,'T627','04580','00699','m-t0627-04580-00699.jpg',1940),(3643,3,2,5,NULL,200,'T627','04580','00700','m-t0627-04580-00700.jpg',1940),(3644,3,2,5,NULL,200,'T627','04580','00701','m-t0627-04580-00701.jpg',1940),(3645,3,2,5,NULL,200,'T627','04580','00702','m-t0627-04580-00702.jpg',1940),(3646,3,2,5,NULL,200,'T627','04580','00703','m-t0627-04580-00703.jpg',1940),(3647,3,2,5,NULL,200,'T627','04580','00704','m-t0627-04580-00704.jpg',1940),(3648,3,2,5,NULL,200,'T627','04580','00705','m-t0627-04580-00705.jpg',1940),(3649,3,2,5,NULL,200,'T627','04580','00706','m-t0627-04580-00706.jpg',1940),(3650,3,2,5,NULL,200,'T627','04580','00707','m-t0627-04580-00707.jpg',1940),(3651,3,2,5,NULL,200,'T627','04580','00708','m-t0627-04580-00708.jpg',1940),(3652,3,2,5,NULL,200,'T627','04580','00709','m-t0627-04580-00709.jpg',1940),(3653,3,2,5,NULL,200,'T627','04580','00710','m-t0627-04580-00710.jpg',1940),(3654,3,2,5,NULL,200,'T627','04580','00711','m-t0627-04580-00711.jpg',1940),(3655,3,2,5,NULL,200,'T627','04580','00712','m-t0627-04580-00712.jpg',1940),(3656,3,2,5,NULL,200,'T627','04580','00713','m-t0627-04580-00713.jpg',1940),(3657,3,2,5,NULL,200,'T627','04580','00714','m-t0627-04580-00714.jpg',1940),(3658,3,2,5,NULL,200,'T627','04580','00715','m-t0627-04580-00715.jpg',1940),(3659,3,2,5,NULL,200,'T627','04580','00716','m-t0627-04580-00716.jpg',1940),(3660,3,2,5,NULL,200,'T627','04580','00717','m-t0627-04580-00717.jpg',1940),(3661,3,2,5,NULL,200,'T627','04580','00718','m-t0627-04580-00718.jpg',1940),(3662,3,2,5,NULL,200,'T627','04580','00719','m-t0627-04580-00719.jpg',1940),(3663,3,2,5,NULL,200,'T627','04580','00720','m-t0627-04580-00720.jpg',1940),(3664,3,2,5,NULL,200,'T627','04580','00721','m-t0627-04580-00721.jpg',1940),(3665,3,2,5,NULL,200,'T627','04580','00722','m-t0627-04580-00722.jpg',1940),(3666,3,2,5,NULL,200,'T627','04580','00723','m-t0627-04580-00723.jpg',1940),(3667,3,2,5,NULL,200,'T627','04580','00724','m-t0627-04580-00724.jpg',1940),(3668,3,2,5,NULL,200,'T627','04580','00725','m-t0627-04580-00725.jpg',1940),(3669,3,2,5,NULL,200,'T627','04580','00726','m-t0627-04580-00726.jpg',1940),(3670,3,2,5,NULL,200,'T627','04580','00727','m-t0627-04580-00727.jpg',1940),(3671,3,2,5,NULL,200,'T627','04580','00728','m-t0627-04580-00728.jpg',1940),(3672,3,2,5,NULL,200,'T627','04580','00729','m-t0627-04580-00729.jpg',1940),(3673,3,2,5,NULL,200,'T627','04580','00730','m-t0627-04580-00730.jpg',1940),(3674,3,2,5,NULL,200,'T627','04580','00731','m-t0627-04580-00731.jpg',1940),(3675,3,2,5,NULL,200,'T627','04580','00732','m-t0627-04580-00732.jpg',1940),(3676,3,2,5,NULL,200,'T627','04580','00733','m-t0627-04580-00733.jpg',1940),(3677,3,2,5,NULL,200,'T627','04580','00734','m-t0627-04580-00734.jpg',1940),(3678,3,2,5,NULL,200,'T627','04580','00735','m-t0627-04580-00735.jpg',1940),(3679,3,2,5,NULL,200,'T627','04580','00736','m-t0627-04580-00736.jpg',1940),(3680,3,2,5,NULL,200,'T627','04580','00737','m-t0627-04580-00737.jpg',1940),(3681,3,2,5,NULL,200,'T627','04580','00738','m-t0627-04580-00738.jpg',1940),(3682,3,2,5,NULL,200,'T627','04580','00739','m-t0627-04580-00739.jpg',1940),(3683,3,2,5,NULL,200,'T627','04580','00740','m-t0627-04580-00740.jpg',1940),(3684,3,2,5,NULL,200,'T627','04580','00741','m-t0627-04580-00741.jpg',1940),(3685,3,2,5,NULL,200,'T627','04580','00742','m-t0627-04580-00742.jpg',1940),(3686,3,2,5,NULL,200,'T627','04580','00743','m-t0627-04580-00743.jpg',1940),(3687,3,2,5,NULL,200,'T627','04580','00744','m-t0627-04580-00744.jpg',1940),(3688,3,2,5,NULL,200,'T627','04580','00745','m-t0627-04580-00745.jpg',1940),(3689,3,2,5,NULL,200,'T627','04580','00746','m-t0627-04580-00746.jpg',1940),(3690,3,2,5,NULL,200,'T627','04580','00747','m-t0627-04580-00747.jpg',1940),(3691,3,2,5,NULL,200,'T627','04580','00748','m-t0627-04580-00748.jpg',1940),(3692,3,2,5,NULL,200,'T627','04580','00749','m-t0627-04580-00749.jpg',1940),(3693,3,2,5,NULL,200,'T627','04580','00750','m-t0627-04580-00750.jpg',1940),(3694,3,2,5,NULL,200,'T627','04580','00751','m-t0627-04580-00751.jpg',1940),(3695,3,2,5,NULL,200,'T627','04580','00752','m-t0627-04580-00752.jpg',1940),(3696,3,2,5,NULL,200,'T627','04580','00753','m-t0627-04580-00753.jpg',1940),(3697,3,2,5,NULL,200,'T627','04580','00754','m-t0627-04580-00754.jpg',1940),(3698,3,2,5,NULL,200,'T627','04580','00755','m-t0627-04580-00755.jpg',1940),(3699,3,2,5,NULL,200,'T627','04580','00756','m-t0627-04580-00756.jpg',1940),(3700,3,2,5,NULL,200,'T627','04580','00757','m-t0627-04580-00757.jpg',1940),(3701,3,2,5,NULL,200,'T627','04580','00758','m-t0627-04580-00758.jpg',1940),(3702,2,2,5,NULL,201,'T1224','00118','01077','m-t1224-00118-01077.jpg',1940),(3703,3,2,5,NULL,201,'T627','04580','01024','m-t0627-04580-01024.jpg',1940),(3704,3,2,5,NULL,201,'T627','04580','01025','m-t0627-04580-01025.jpg',1940),(3705,3,2,5,NULL,201,'T627','04580','01026','m-t0627-04580-01026.jpg',1940),(3706,3,2,5,NULL,201,'T627','04580','01027','m-t0627-04580-01027.jpg',1940),(3707,3,2,5,NULL,201,'T627','04580','01028','m-t0627-04580-01028.jpg',1940),(3708,3,2,5,NULL,201,'T627','04580','01029','m-t0627-04580-01029.jpg',1940),(3709,3,2,5,NULL,201,'T627','04580','01030','m-t0627-04580-01030.jpg',1940),(3710,3,2,5,NULL,201,'T627','04580','01031','m-t0627-04580-01031.jpg',1940),(3711,3,2,5,NULL,201,'T627','04580','01032','m-t0627-04580-01032.jpg',1940),(3712,3,2,5,NULL,201,'T627','04580','01033','m-t0627-04580-01033.jpg',1940),(3713,3,2,5,NULL,201,'T627','04580','01034','m-t0627-04580-01034.jpg',1940),(3714,3,2,5,NULL,201,'T627','04580','01035','m-t0627-04580-01035.jpg',1940),(3715,3,2,5,NULL,201,'T627','04580','01036','m-t0627-04580-01036.jpg',1940),(3716,3,2,5,NULL,201,'T627','04580','01037','m-t0627-04580-01037.jpg',1940),(3717,3,2,5,NULL,201,'T627','04580','01038','m-t0627-04580-01038.jpg',1940),(3718,3,2,5,NULL,201,'T627','04580','01039','m-t0627-04580-01039.jpg',1940),(3719,3,2,5,NULL,201,'T627','04580','01040','m-t0627-04580-01040.jpg',1940),(3720,3,2,5,NULL,201,'T627','04580','01041','m-t0627-04580-01041.jpg',1940),(3721,3,2,5,NULL,201,'T627','04580','01042','m-t0627-04580-01042.jpg',1940),(3722,3,2,5,NULL,201,'T627','04580','01043','m-t0627-04580-01043.jpg',1940),(3723,3,2,5,NULL,201,'T627','04580','01044','m-t0627-04580-01044.jpg',1940),(3724,3,2,5,NULL,201,'T627','04580','01045','m-t0627-04580-01045.jpg',1940),(3725,3,2,5,NULL,201,'T627','04580','01046','m-t0627-04580-01046.jpg',1940),(3726,3,2,5,NULL,201,'T627','04580','01047','m-t0627-04580-01047.jpg',1940),(3727,3,2,5,NULL,201,'T627','04580','01048','m-t0627-04580-01048.jpg',1940),(3728,3,2,5,NULL,201,'T627','04580','01049','m-t0627-04580-01049.jpg',1940),(3729,3,2,5,NULL,201,'T627','04580','01050','m-t0627-04580-01050.jpg',1940),(3730,3,2,5,NULL,201,'T627','04580','01051','m-t0627-04580-01051.jpg',1940),(3731,3,2,5,NULL,201,'T627','04580','01052','m-t0627-04580-01052.jpg',1940),(3732,3,2,5,NULL,201,'T627','04580','01053','m-t0627-04580-01053.jpg',1940),(3733,3,2,5,NULL,201,'T627','04580','01054','m-t0627-04580-01054.jpg',1940),(3734,3,2,5,NULL,201,'T627','04580','01055','m-t0627-04580-01055.jpg',1940),(3735,2,2,5,NULL,202,'T1224','00118','01077','m-t1224-00118-01077.jpg',1940),(3736,3,2,5,NULL,202,'T627','04580','00890','m-t0627-04580-00890.jpg',1940),(3737,3,2,5,NULL,202,'T627','04580','00891','m-t0627-04580-00891.jpg',1940),(3738,3,2,5,NULL,202,'T627','04580','00892','m-t0627-04580-00892.jpg',1940),(3739,3,2,5,NULL,202,'T627','04580','00893','m-t0627-04580-00893.jpg',1940),(3740,3,2,5,NULL,202,'T627','04580','00894','m-t0627-04580-00894.jpg',1940),(3741,3,2,5,NULL,202,'T627','04580','00895','m-t0627-04580-00895.jpg',1940),(3742,3,2,5,NULL,202,'T627','04580','00896','m-t0627-04580-00896.jpg',1940),(3743,3,2,5,NULL,202,'T627','04580','00897','m-t0627-04580-00897.jpg',1940),(3744,3,2,5,NULL,202,'T627','04580','00898','m-t0627-04580-00898.jpg',1940),(3745,3,2,5,NULL,202,'T627','04580','00899','m-t0627-04580-00899.jpg',1940),(3746,3,2,5,NULL,202,'T627','04580','00900','m-t0627-04580-00900.jpg',1940),(3747,3,2,5,NULL,202,'T627','04580','00901','m-t0627-04580-00901.jpg',1940),(3748,3,2,5,NULL,202,'T627','04580','00902','m-t0627-04580-00902.jpg',1940),(3749,3,2,5,NULL,202,'T627','04580','00903','m-t0627-04580-00903.jpg',1940),(3750,3,2,5,NULL,202,'T627','04580','00904','m-t0627-04580-00904.jpg',1940),(3751,3,2,5,NULL,202,'T627','04580','00905','m-t0627-04580-00905.jpg',1940),(3752,3,2,5,NULL,202,'T627','04580','00906','m-t0627-04580-00906.jpg',1940),(3753,3,2,5,NULL,202,'T627','04580','00907','m-t0627-04580-00907.jpg',1940),(3754,3,2,5,NULL,202,'T627','04580','00908','m-t0627-04580-00908.jpg',1940),(3755,3,2,5,NULL,202,'T627','04580','00909','m-t0627-04580-00909.jpg',1940),(3756,3,2,5,NULL,202,'T627','04580','00910','m-t0627-04580-00910.jpg',1940),(3757,3,2,5,NULL,202,'T627','04580','00911','m-t0627-04580-00911.jpg',1940),(3758,3,2,5,NULL,202,'T627','04580','00912','m-t0627-04580-00912.jpg',1940),(3759,3,2,5,NULL,202,'T627','04580','00913','m-t0627-04580-00913.jpg',1940),(3760,3,2,5,NULL,202,'T627','04580','00914','m-t0627-04580-00914.jpg',1940),(3761,3,2,5,NULL,202,'T627','04580','00915','m-t0627-04580-00915.jpg',1940),(3762,3,2,5,NULL,202,'T627','04580','00916','m-t0627-04580-00916.jpg',1940),(3763,3,2,5,NULL,202,'T627','04580','00917','m-t0627-04580-00917.jpg',1940),(3764,2,2,5,NULL,203,'T1224','00118','01078','m-t1224-00118-01078.jpg',1940),(3765,3,2,5,NULL,203,'T627','04580','00518','m-t0627-04580-00518.jpg',1940),(3766,3,2,5,NULL,203,'T627','04580','00519','m-t0627-04580-00519.jpg',1940),(3767,3,2,5,NULL,203,'T627','04580','00520','m-t0627-04580-00520.jpg',1940),(3768,3,2,5,NULL,203,'T627','04580','00521','m-t0627-04580-00521.jpg',1940),(3769,3,2,5,NULL,203,'T627','04580','00522','m-t0627-04580-00522.jpg',1940),(3770,3,2,5,NULL,203,'T627','04580','00523','m-t0627-04580-00523.jpg',1940),(3771,3,2,5,NULL,203,'T627','04580','00524','m-t0627-04580-00524.jpg',1940),(3772,3,2,5,NULL,203,'T627','04580','00525','m-t0627-04580-00525.jpg',1940),(3773,3,2,5,NULL,203,'T627','04580','00526','m-t0627-04580-00526.jpg',1940),(3774,3,2,5,NULL,203,'T627','04580','00527','m-t0627-04580-00527.jpg',1940),(3775,3,2,5,NULL,203,'T627','04580','00528','m-t0627-04580-00528.jpg',1940),(3776,3,2,5,NULL,203,'T627','04580','00529','m-t0627-04580-00529.jpg',1940),(3777,3,2,5,NULL,203,'T627','04580','00530','m-t0627-04580-00530.jpg',1940),(3778,3,2,5,NULL,203,'T627','04580','00531','m-t0627-04580-00531.jpg',1940),(3779,3,2,5,NULL,203,'T627','04580','00532','m-t0627-04580-00532.jpg',1940),(3780,3,2,5,NULL,203,'T627','04580','00533','m-t0627-04580-00533.jpg',1940),(3781,3,2,5,NULL,203,'T627','04580','00534','m-t0627-04580-00534.jpg',1940),(3782,3,2,5,NULL,203,'T627','04580','00535','m-t0627-04580-00535.jpg',1940),(3783,3,2,5,NULL,203,'T627','04580','00536','m-t0627-04580-00536.jpg',1940),(3784,3,2,5,NULL,203,'T627','04580','00537','m-t0627-04580-00537.jpg',1940),(3785,3,2,5,NULL,203,'T627','04580','00538','m-t0627-04580-00538.jpg',1940),(3786,3,2,5,NULL,203,'T627','04580','00539','m-t0627-04580-00539.jpg',1940),(3787,3,2,5,NULL,203,'T627','04580','00540','m-t0627-04580-00540.jpg',1940),(3788,3,2,5,NULL,203,'T627','04580','00541','m-t0627-04580-00541.jpg',1940),(3789,2,2,5,NULL,204,'T1224','00118','01078','m-t1224-00118-01078.jpg',1940),(3790,3,2,5,NULL,204,'T627','04580','00760','m-t0627-04580-00760.jpg',1940),(3791,3,2,5,NULL,204,'T627','04580','00761','m-t0627-04580-00761.jpg',1940),(3792,3,2,5,NULL,204,'T627','04580','00762','m-t0627-04580-00762.jpg',1940),(3793,3,2,5,NULL,204,'T627','04580','00763','m-t0627-04580-00763.jpg',1940),(3794,3,2,5,NULL,204,'T627','04580','00764','m-t0627-04580-00764.jpg',1940),(3795,3,2,5,NULL,204,'T627','04580','00765','m-t0627-04580-00765.jpg',1940),(3796,3,2,5,NULL,204,'T627','04580','00766','m-t0627-04580-00766.jpg',1940),(3797,3,2,5,NULL,204,'T627','04580','00767','m-t0627-04580-00767.jpg',1940),(3798,3,2,5,NULL,204,'T627','04580','00768','m-t0627-04580-00768.jpg',1940),(3799,3,2,5,NULL,204,'T627','04580','00769','m-t0627-04580-00769.jpg',1940),(3800,3,2,5,NULL,204,'T627','04580','00770','m-t0627-04580-00770.jpg',1940),(3801,3,2,5,NULL,204,'T627','04580','00771','m-t0627-04580-00771.jpg',1940),(3802,3,2,5,NULL,204,'T627','04580','00772','m-t0627-04580-00772.jpg',1940),(3803,3,2,5,NULL,204,'T627','04580','00773','m-t0627-04580-00773.jpg',1940),(3804,3,2,5,NULL,204,'T627','04580','00774','m-t0627-04580-00774.jpg',1940),(3805,3,2,5,NULL,204,'T627','04580','00775','m-t0627-04580-00775.jpg',1940),(3806,3,2,5,NULL,204,'T627','04580','00776','m-t0627-04580-00776.jpg',1940),(3807,3,2,5,NULL,204,'T627','04580','00777','m-t0627-04580-00777.jpg',1940),(3808,3,2,5,NULL,204,'T627','04580','00778','m-t0627-04580-00778.jpg',1940),(3809,3,2,5,NULL,204,'T627','04580','00779','m-t0627-04580-00779.jpg',1940),(3810,3,2,5,NULL,204,'T627','04580','00780','m-t0627-04580-00780.jpg',1940),(3811,3,2,5,NULL,204,'T627','04580','00781','m-t0627-04580-00781.jpg',1940),(3812,3,2,5,NULL,204,'T627','04580','00782','m-t0627-04580-00782.jpg',1940),(3813,3,2,5,NULL,204,'T627','04580','00783','m-t0627-04580-00783.jpg',1940),(3814,3,2,5,NULL,204,'T627','04580','00784','m-t0627-04580-00784.jpg',1940),(3815,3,2,5,NULL,204,'T627','04580','00785','m-t0627-04580-00785.jpg',1940),(3816,3,2,5,NULL,204,'T627','04580','00786','m-t0627-04580-00786.jpg',1940),(3817,3,2,5,NULL,204,'T627','04580','00787','m-t0627-04580-00787.jpg',1940),(3818,3,2,5,NULL,204,'T627','04580','00788','m-t0627-04580-00788.jpg',1940),(3819,3,2,5,NULL,204,'T627','04580','00789','m-t0627-04580-00789.jpg',1940),(3820,3,2,5,NULL,204,'T627','04580','00790','m-t0627-04580-00790.jpg',1940),(3821,3,2,5,NULL,204,'T627','04580','00791','m-t0627-04580-00791.jpg',1940),(3822,3,2,5,NULL,204,'T627','04580','00792','m-t0627-04580-00792.jpg',1940),(3823,3,2,5,NULL,204,'T627','04580','00793','m-t0627-04580-00793.jpg',1940),(3824,3,2,5,NULL,204,'T627','04580','00794','m-t0627-04580-00794.jpg',1940),(3825,3,2,5,NULL,204,'T627','04580','00795','m-t0627-04580-00795.jpg',1940),(3826,3,2,5,NULL,204,'T627','04580','00796','m-t0627-04580-00796.jpg',1940),(3827,3,2,5,NULL,204,'T627','04580','00797','m-t0627-04580-00797.jpg',1940),(3828,3,2,5,NULL,204,'T627','04580','00798','m-t0627-04580-00798.jpg',1940),(3829,3,2,5,NULL,204,'T627','04580','00799','m-t0627-04580-00799.jpg',1940),(3830,3,2,5,NULL,204,'T627','04580','00800','m-t0627-04580-00800.jpg',1940),(3831,3,2,5,NULL,204,'T627','04580','00801','m-t0627-04580-00801.jpg',1940),(3832,3,2,5,NULL,204,'T627','04580','00802','m-t0627-04580-00802.jpg',1940),(3833,3,2,5,NULL,204,'T627','04580','00803','m-t0627-04580-00803.jpg',1940),(3834,3,2,5,NULL,204,'T627','04580','00804','m-t0627-04580-00804.jpg',1940),(3835,3,2,5,NULL,204,'T627','04580','00805','m-t0627-04580-00805.jpg',1940),(3836,2,2,5,NULL,205,'T1224','00118','01079','m-t1224-00118-01079.jpg',1940),(3837,3,2,5,NULL,205,'T627','04580','00485','m-t0627-04580-00485.jpg',1940),(3838,3,2,5,NULL,205,'T627','04580','00486','m-t0627-04580-00486.jpg',1940),(3839,3,2,5,NULL,205,'T627','04580','00487','m-t0627-04580-00487.jpg',1940),(3840,3,2,5,NULL,205,'T627','04580','00488','m-t0627-04580-00488.jpg',1940),(3841,3,2,5,NULL,205,'T627','04580','00489','m-t0627-04580-00489.jpg',1940),(3842,3,2,5,NULL,205,'T627','04580','00490','m-t0627-04580-00490.jpg',1940),(3843,3,2,5,NULL,205,'T627','04580','00491','m-t0627-04580-00491.jpg',1940),(3844,3,2,5,NULL,205,'T627','04580','00492','m-t0627-04580-00492.jpg',1940),(3845,3,2,5,NULL,205,'T627','04580','00493','m-t0627-04580-00493.jpg',1940),(3846,3,2,5,NULL,205,'T627','04580','00494','m-t0627-04580-00494.jpg',1940),(3847,3,2,5,NULL,205,'T627','04580','00495','m-t0627-04580-00495.jpg',1940),(3848,3,2,5,NULL,205,'T627','04580','00496','m-t0627-04580-00496.jpg',1940),(3849,3,2,5,NULL,205,'T627','04580','00497','m-t0627-04580-00497.jpg',1940),(3850,3,2,5,NULL,205,'T627','04580','00498','m-t0627-04580-00498.jpg',1940),(3851,3,2,5,NULL,205,'T627','04580','00499','m-t0627-04580-00499.jpg',1940),(3852,3,2,5,NULL,205,'T627','04580','00500','m-t0627-04580-00500.jpg',1940),(3853,3,2,5,NULL,205,'T627','04580','00501','m-t0627-04580-00501.jpg',1940),(3854,3,2,5,NULL,205,'T627','04580','00502','m-t0627-04580-00502.jpg',1940),(3855,3,2,5,NULL,205,'T627','04580','00503','m-t0627-04580-00503.jpg',1940),(3856,3,2,5,NULL,205,'T627','04580','00504','m-t0627-04580-00504.jpg',1940),(3857,3,2,5,NULL,205,'T627','04580','00505','m-t0627-04580-00505.jpg',1940),(3858,3,2,5,NULL,205,'T627','04580','00506','m-t0627-04580-00506.jpg',1940),(3859,3,2,5,NULL,205,'T627','04580','00507','m-t0627-04580-00507.jpg',1940),(3860,3,2,5,NULL,205,'T627','04580','00508','m-t0627-04580-00508.jpg',1940),(3861,3,2,5,NULL,205,'T627','04580','00509','m-t0627-04580-00509.jpg',1940),(3862,3,2,5,NULL,205,'T627','04580','00510','m-t0627-04580-00510.jpg',1940),(3863,3,2,5,NULL,205,'T627','04580','00511','m-t0627-04580-00511.jpg',1940),(3864,3,2,5,NULL,205,'T627','04580','00512','m-t0627-04580-00512.jpg',1940),(3865,3,2,5,NULL,205,'T627','04580','00513','m-t0627-04580-00513.jpg',1940),(3866,3,2,5,NULL,205,'T627','04580','00514','m-t0627-04580-00514.jpg',1940),(3867,3,2,5,NULL,205,'T627','04580','00515','m-t0627-04580-00515.jpg',1940),(3868,3,2,5,NULL,205,'T627','04580','00516','m-t0627-04580-00516.jpg',1940),(3869,2,2,5,NULL,206,'T1224','00118','01079','m-t1224-00118-01079.jpg',1940),(3870,3,2,5,NULL,206,'T627','04580','00292','m-t0627-04580-00292.jpg',1940),(3871,3,2,5,NULL,206,'T627','04580','00293','m-t0627-04580-00293.jpg',1940),(3872,3,2,5,NULL,206,'T627','04580','00294','m-t0627-04580-00294.jpg',1940),(3873,3,2,5,NULL,206,'T627','04580','00295','m-t0627-04580-00295.jpg',1940),(3874,3,2,5,NULL,206,'T627','04580','00296','m-t0627-04580-00296.jpg',1940),(3875,3,2,5,NULL,206,'T627','04580','00297','m-t0627-04580-00297.jpg',1940),(3876,2,2,5,NULL,207,'T1224','00118','01079','m-t1224-00118-01079.jpg',1940),(3877,3,2,5,NULL,207,'T627','04580','00298','m-t0627-04580-00298.jpg',1940),(3878,3,2,5,NULL,207,'T627','04580','00299','m-t0627-04580-00299.jpg',1940),(3879,3,2,5,NULL,207,'T627','04580','00300','m-t0627-04580-00300.jpg',1940),(3880,3,2,5,NULL,207,'T627','04580','00301','m-t0627-04580-00301.jpg',1940),(3881,3,2,5,NULL,207,'T627','04580','00302','m-t0627-04580-00302.jpg',1940),(3882,3,2,5,NULL,207,'T627','04580','00303','m-t0627-04580-00303.jpg',1940),(3883,3,2,5,NULL,207,'T627','04580','00304','m-t0627-04580-00304.jpg',1940),(3884,3,2,5,NULL,207,'T627','04580','00305','m-t0627-04580-00305.jpg',1940),(3885,3,2,5,NULL,207,'T627','04580','00306','m-t0627-04580-00306.jpg',1940),(3886,3,2,5,NULL,207,'T627','04580','00307','m-t0627-04580-00307.jpg',1940),(3887,3,2,5,NULL,207,'T627','04580','00308','m-t0627-04580-00308.jpg',1940),(3888,3,2,5,NULL,207,'T627','04580','00309','m-t0627-04580-00309.jpg',1940),(3889,2,2,5,NULL,208,'T1224','00118','01080','m-t1224-00118-01080.jpg',1940),(3890,3,2,5,NULL,208,'T627','04580','00310','m-t0627-04580-00310.jpg',1940),(3891,3,2,5,NULL,208,'T627','04580','00311','m-t0627-04580-00311.jpg',1940),(3892,2,2,5,NULL,209,'T1224','00118','01080','m-t1224-00118-01080.jpg',1940),(3893,3,2,5,NULL,209,'T627','04580','00312','m-t0627-04580-00312.jpg',1940),(3894,3,2,5,NULL,209,'T627','04580','00313','m-t0627-04580-00313.jpg',1940),(3895,3,2,5,NULL,209,'T627','04580','00314','m-t0627-04580-00314.jpg',1940),(3896,3,2,5,NULL,209,'T627','04580','00315','m-t0627-04580-00315.jpg',1940),(3897,3,2,5,NULL,209,'T627','04580','00316','m-t0627-04580-00316.jpg',1940),(3898,3,2,5,NULL,209,'T627','04580','00317','m-t0627-04580-00317.jpg',1940),(3899,3,2,5,NULL,209,'T627','04580','00318','m-t0627-04580-00318.jpg',1940),(3900,3,2,5,NULL,209,'T627','04580','00319','m-t0627-04580-00319.jpg',1940),(3901,3,2,5,NULL,209,'T627','04580','00320','m-t0627-04580-00320.jpg',1940),(3902,3,2,5,NULL,209,'T627','04580','00321','m-t0627-04580-00321.jpg',1940),(3903,3,2,5,NULL,209,'T627','04580','00322','m-t0627-04580-00322.jpg',1940),(3904,3,2,5,NULL,209,'T627','04580','00323','m-t0627-04580-00323.jpg',1940),(3905,2,2,5,NULL,210,'T1224','00118','01080','m-t1224-00118-01080.jpg',1940),(3906,3,2,5,NULL,210,'T627','04580','00324','m-t0627-04580-00324.jpg',1940),(3907,3,2,5,NULL,210,'T627','04580','00325','m-t0627-04580-00325.jpg',1940),(3908,3,2,5,NULL,210,'T627','04580','00326','m-t0627-04580-00326.jpg',1940),(3909,3,2,5,NULL,210,'T627','04580','00327','m-t0627-04580-00327.jpg',1940),(3910,2,2,5,NULL,211,'T1224','00118','01080','m-t1224-00118-01080.jpg',1940),(3911,3,2,5,NULL,211,'T627','04580','00328','m-t0627-04580-00328.jpg',1940),(3912,3,2,5,NULL,211,'T627','04580','00329','m-t0627-04580-00329.jpg',1940),(3913,3,2,5,NULL,211,'T627','04580','00330','m-t0627-04580-00330.jpg',1940),(3914,3,2,5,NULL,211,'T627','04580','00331','m-t0627-04580-00331.jpg',1940),(3915,3,2,5,NULL,211,'T627','04580','00332','m-t0627-04580-00332.jpg',1940),(3916,3,2,5,NULL,211,'T627','04580','00333','m-t0627-04580-00333.jpg',1940),(3917,3,2,5,NULL,211,'T627','04580','00334','m-t0627-04580-00334.jpg',1940),(3918,3,2,5,NULL,211,'T627','04580','00335','m-t0627-04580-00335.jpg',1940),(3919,3,2,5,NULL,211,'T627','04580','00336','m-t0627-04580-00336.jpg',1940),(3920,3,2,5,NULL,211,'T627','04580','00337','m-t0627-04580-00337.jpg',1940),(3921,3,2,5,NULL,211,'T627','04580','00338','m-t0627-04580-00338.jpg',1940),(3922,3,2,5,NULL,211,'T627','04580','00339','m-t0627-04580-00339.jpg',1940),(3923,3,2,5,NULL,211,'T627','04580','00340','m-t0627-04580-00340.jpg',1940),(3924,3,2,5,NULL,211,'T627','04580','00341','m-t0627-04580-00341.jpg',1940),(3925,3,2,5,NULL,211,'T627','04580','00342','m-t0627-04580-00342.jpg',1940),(3926,3,2,5,NULL,211,'T627','04580','00343','m-t0627-04580-00343.jpg',1940),(3927,3,2,5,NULL,211,'T627','04580','00344','m-t0627-04580-00344.jpg',1940),(3928,3,2,5,NULL,211,'T627','04580','00345','m-t0627-04580-00345.jpg',1940),(3929,3,2,5,NULL,211,'T627','04580','00346','m-t0627-04580-00346.jpg',1940),(3930,3,2,5,NULL,211,'T627','04580','00347','m-t0627-04580-00347.jpg',1940),(3931,3,2,5,NULL,211,'T627','04580','00348','m-t0627-04580-00348.jpg',1940),(3932,3,2,5,NULL,211,'T627','04580','00349','m-t0627-04580-00349.jpg',1940),(3933,2,2,5,NULL,212,'T1224','00118','01081','m-t1224-00118-01081.jpg',1940),(3934,3,2,5,NULL,212,'T627','04580','00651','m-t0627-04580-00651.jpg',1940),(3935,3,2,5,NULL,212,'T627','04580','00652','m-t0627-04580-00652.jpg',1940),(3936,3,2,5,NULL,212,'T627','04580','00653','m-t0627-04580-00653.jpg',1940),(3937,3,2,5,NULL,212,'T627','04580','00654','m-t0627-04580-00654.jpg',1940),(3938,3,2,5,NULL,212,'T627','04580','00655','m-t0627-04580-00655.jpg',1940),(3939,3,2,5,NULL,212,'T627','04580','00656','m-t0627-04580-00656.jpg',1940),(3940,2,2,5,NULL,213,'T1224','00118','01081','m-t1224-00118-01081.jpg',1940),(3941,3,2,5,NULL,213,'T627','04580','00657','m-t0627-04580-00657.jpg',1940),(3942,3,2,5,NULL,213,'T627','04580','00658','m-t0627-04580-00658.jpg',1940),(3943,3,2,5,NULL,213,'T627','04580','00659','m-t0627-04580-00659.jpg',1940),(3944,3,2,5,NULL,213,'T627','04580','00660','m-t0627-04580-00660.jpg',1940),(3945,3,2,5,NULL,213,'T627','04580','00661','m-t0627-04580-00661.jpg',1940),(3946,3,2,5,NULL,213,'T627','04580','00662','m-t0627-04580-00662.jpg',1940),(3947,3,2,5,NULL,213,'T627','04580','00663','m-t0627-04580-00663.jpg',1940),(3948,3,2,5,NULL,213,'T627','04580','00664','m-t0627-04580-00664.jpg',1940),(3949,2,2,5,NULL,214,'T1224','00118','01081','m-t1224-00118-01081.jpg',1940),(3950,3,2,5,NULL,214,'T627','04580','00665','m-t0627-04580-00665.jpg',1940),(3951,3,2,5,NULL,214,'T627','04580','00666','m-t0627-04580-00666.jpg',1940),(3952,3,2,5,NULL,214,'T627','04580','00667','m-t0627-04580-00667.jpg',1940),(3953,3,2,5,NULL,214,'T627','04580','00668','m-t0627-04580-00668.jpg',1940),(3954,3,2,5,NULL,214,'T627','04580','00669','m-t0627-04580-00669.jpg',1940),(3955,3,2,5,NULL,214,'T627','04580','00670','m-t0627-04580-00670.jpg',1940),(3956,2,2,5,NULL,215,'T1224','00118','01081','m-t1224-00118-01081.jpg',1940),(3957,3,2,5,NULL,215,'T627','04580','00671','m-t0627-04580-00671.jpg',1940),(3958,3,2,5,NULL,215,'T627','04580','00672','m-t0627-04580-00672.jpg',1940),(3959,3,2,5,NULL,215,'T627','04580','00673','m-t0627-04580-00673.jpg',1940),(3960,3,2,5,NULL,215,'T627','04580','00674','m-t0627-04580-00674.jpg',1940),(3961,3,2,5,NULL,215,'T627','04580','00675','m-t0627-04580-00675.jpg',1940),(3962,3,2,5,NULL,215,'T627','04580','00676','m-t0627-04580-00676.jpg',1940),(3963,3,2,5,NULL,215,'T627','04580','00677','m-t0627-04580-00677.jpg',1940),(3964,3,2,5,NULL,215,'T627','04580','00678','m-t0627-04580-00678.jpg',1940),(3965,2,2,5,NULL,216,'T1224','00118','01081','m-t1224-00118-01081.jpg',1940),(3966,3,2,5,NULL,216,'T627','04580','00679','m-t0627-04580-00679.jpg',1940),(3967,3,2,5,NULL,216,'T627','04580','00680','m-t0627-04580-00680.jpg',1940),(3968,3,2,5,NULL,216,'T627','04580','00681','m-t0627-04580-00681.jpg',1940),(3969,3,2,5,NULL,216,'T627','04580','00682','m-t0627-04580-00682.jpg',1940),(3970,3,2,5,NULL,216,'T627','04580','00683','m-t0627-04580-00683.jpg',1940),(3971,3,2,5,NULL,216,'T627','04580','00684','m-t0627-04580-00684.jpg',1940),(3972,3,2,5,NULL,216,'T627','04580','00685','m-t0627-04580-00685.jpg',1940),(3973,3,2,5,NULL,216,'T627','04580','00686','m-t0627-04580-00686.jpg',1940),(3974,2,2,5,NULL,217,'T1224','00118','01082','m-t1224-00118-01082.jpg',1940),(3975,3,2,5,NULL,217,'T627','04580','00543','m-t0627-04580-00543.jpg',1940),(3976,3,2,5,NULL,217,'T627','04580','00544','m-t0627-04580-00544.jpg',1940),(3977,3,2,5,NULL,217,'T627','04580','00545','m-t0627-04580-00545.jpg',1940),(3978,3,2,5,NULL,217,'T627','04580','00546','m-t0627-04580-00546.jpg',1940),(3979,3,2,5,NULL,217,'T627','04580','00547','m-t0627-04580-00547.jpg',1940),(3980,3,2,5,NULL,217,'T627','04580','00548','m-t0627-04580-00548.jpg',1940),(3981,3,2,5,NULL,217,'T627','04580','00549','m-t0627-04580-00549.jpg',1940),(3982,3,2,5,NULL,217,'T627','04580','00550','m-t0627-04580-00550.jpg',1940),(3983,2,2,5,NULL,218,'T1224','00118','01082','m-t1224-00118-01082.jpg',1940),(3984,3,2,5,NULL,218,'T627','04580','00551','m-t0627-04580-00551.jpg',1940),(3985,3,2,5,NULL,218,'T627','04580','00552','m-t0627-04580-00552.jpg',1940),(3986,2,2,5,NULL,219,'T1224','00118','01082','m-t1224-00118-01082.jpg',1940),(3987,3,2,5,NULL,219,'T627','04580','00553','m-t0627-04580-00553.jpg',1940),(3988,3,2,5,NULL,219,'T627','04580','00554','m-t0627-04580-00554.jpg',1940),(3989,3,2,5,NULL,219,'T627','04580','00555','m-t0627-04580-00555.jpg',1940),(3990,3,2,5,NULL,219,'T627','04580','00556','m-t0627-04580-00556.jpg',1940),(3991,3,2,5,NULL,219,'T627','04580','00557','m-t0627-04580-00557.jpg',1940),(3992,3,2,5,NULL,219,'T627','04580','00558','m-t0627-04580-00558.jpg',1940),(3993,3,2,5,NULL,219,'T627','04580','00559','m-t0627-04580-00559.jpg',1940),(3994,3,2,5,NULL,219,'T627','04580','00560','m-t0627-04580-00560.jpg',1940),(3995,3,2,5,NULL,219,'T627','04580','00561','m-t0627-04580-00561.jpg',1940),(3996,3,2,5,NULL,219,'T627','04580','00562','m-t0627-04580-00562.jpg',1940),(3997,3,2,5,NULL,219,'T627','04580','00563','m-t0627-04580-00563.jpg',1940),(3998,3,2,5,NULL,219,'T627','04580','00564','m-t0627-04580-00564.jpg',1940),(3999,3,2,5,NULL,219,'T627','04580','00565','m-t0627-04580-00565.jpg',1940),(4000,3,2,5,NULL,219,'T627','04580','00566','m-t0627-04580-00566.jpg',1940),(4001,3,2,5,NULL,219,'T627','04580','00567','m-t0627-04580-00567.jpg',1940),(4002,3,2,5,NULL,219,'T627','04580','00568','m-t0627-04580-00568.jpg',1940),(4003,3,2,5,NULL,219,'T627','04580','00569','m-t0627-04580-00569.jpg',1940),(4004,3,2,5,NULL,219,'T627','04580','00570','m-t0627-04580-00570.jpg',1940),(4005,3,2,5,NULL,219,'T627','04580','00571','m-t0627-04580-00571.jpg',1940),(4006,3,2,5,NULL,219,'T627','04580','00572','m-t0627-04580-00572.jpg',1940),(4007,3,2,5,NULL,219,'T627','04580','00573','m-t0627-04580-00573.jpg',1940),(4008,3,2,5,NULL,219,'T627','04580','00574','m-t0627-04580-00574.jpg',1940),(4009,3,2,5,NULL,219,'T627','04580','00575','m-t0627-04580-00575.jpg',1940),(4010,3,2,5,NULL,219,'T627','04580','00576','m-t0627-04580-00576.jpg',1940),(4011,3,2,5,NULL,219,'T627','04580','00577','m-t0627-04580-00577.jpg',1940),(4012,3,2,5,NULL,219,'T627','04580','00578','m-t0627-04580-00578.jpg',1940),(4013,3,2,5,NULL,219,'T627','04580','00579','m-t0627-04580-00579.jpg',1940),(4014,3,2,5,NULL,219,'T627','04580','00580','m-t0627-04580-00580.jpg',1940),(4015,3,2,5,NULL,219,'T627','04580','00581','m-t0627-04580-00581.jpg',1940),(4016,3,2,5,NULL,219,'T627','04580','00582','m-t0627-04580-00582.jpg',1940),(4017,3,2,5,NULL,219,'T627','04580','00583','m-t0627-04580-00583.jpg',1940),(4018,3,2,5,NULL,219,'T627','04580','00584','m-t0627-04580-00584.jpg',1940),(4019,3,2,5,NULL,219,'T627','04580','00585','m-t0627-04580-00585.jpg',1940),(4020,3,2,5,NULL,219,'T627','04580','00586','m-t0627-04580-00586.jpg',1940),(4021,3,2,5,NULL,219,'T627','04580','00587','m-t0627-04580-00587.jpg',1940),(4022,3,2,5,NULL,219,'T627','04580','00588','m-t0627-04580-00588.jpg',1940),(4023,3,2,5,NULL,219,'T627','04580','00589','m-t0627-04580-00589.jpg',1940),(4024,3,2,5,NULL,219,'T627','04580','00590','m-t0627-04580-00590.jpg',1940),(4025,3,2,5,NULL,219,'T627','04580','00591','m-t0627-04580-00591.jpg',1940),(4026,3,2,5,NULL,219,'T627','04580','00592','m-t0627-04580-00592.jpg',1940),(4027,3,2,5,NULL,219,'T627','04580','00593','m-t0627-04580-00593.jpg',1940),(4028,3,2,5,NULL,219,'T627','04580','00594','m-t0627-04580-00594.jpg',1940),(4029,3,2,5,NULL,219,'T627','04580','00595','m-t0627-04580-00595.jpg',1940),(4030,3,2,5,NULL,219,'T627','04580','00596','m-t0627-04580-00596.jpg',1940),(4031,2,2,5,NULL,220,'T1224','00118','01082','m-t1224-00118-01082.jpg',1940),(4032,3,2,5,NULL,220,'T627','04580','00597','m-t0627-04580-00597.jpg',1940),(4033,3,2,5,NULL,220,'T627','04580','00598','m-t0627-04580-00598.jpg',1940),(4034,3,2,5,NULL,220,'T627','04580','00599','m-t0627-04580-00599.jpg',1940),(4035,3,2,5,NULL,220,'T627','04580','00600','m-t0627-04580-00600.jpg',1940),(4036,3,2,5,NULL,220,'T627','04580','00601','m-t0627-04580-00601.jpg',1940),(4037,3,2,5,NULL,220,'T627','04580','00602','m-t0627-04580-00602.jpg',1940),(4038,3,2,5,NULL,220,'T627','04580','00603','m-t0627-04580-00603.jpg',1940),(4039,3,2,5,NULL,220,'T627','04580','00604','m-t0627-04580-00604.jpg',1940),(4040,2,2,5,NULL,221,'T1224','00118','01082','m-t1224-00118-01082.jpg',1940),(4041,3,2,5,NULL,221,'T627','04580','00605','m-t0627-04580-00605.jpg',1940),(4042,3,2,5,NULL,221,'T627','04580','00606','m-t0627-04580-00606.jpg',1940),(4043,3,2,5,NULL,221,'T627','04580','00607','m-t0627-04580-00607.jpg',1940),(4044,3,2,5,NULL,221,'T627','04580','00608','m-t0627-04580-00608.jpg',1940),(4045,2,2,5,NULL,222,'T1224','00118','01082','m-t1224-00118-01082.jpg',1940),(4046,3,2,5,NULL,222,'T627','04580','00609','m-t0627-04580-00609.jpg',1940),(4047,3,2,5,NULL,222,'T627','04580','00610','m-t0627-04580-00610.jpg',1940),(4048,3,2,5,NULL,222,'T627','04580','00611','m-t0627-04580-00611.jpg',1940),(4049,3,2,5,NULL,222,'T627','04580','00612','m-t0627-04580-00612.jpg',1940),(4050,3,2,5,NULL,222,'T627','04580','00613','m-t0627-04580-00613.jpg',1940),(4051,3,2,5,NULL,222,'T627','04580','00614','m-t0627-04580-00614.jpg',1940),(4052,3,2,5,NULL,222,'T627','04580','00615','m-t0627-04580-00615.jpg',1940),(4053,3,2,5,NULL,222,'T627','04580','00616','m-t0627-04580-00616.jpg',1940),(4054,2,2,5,NULL,223,'T1224','00118','01082','m-t1224-00118-01082.jpg',1940),(4055,3,2,5,NULL,223,'T627','04580','00617','m-t0627-04580-00617.jpg',1940),(4056,3,2,5,NULL,223,'T627','04580','00618','m-t0627-04580-00618.jpg',1940),(4057,3,2,5,NULL,223,'T627','04580','00619','m-t0627-04580-00619.jpg',1940),(4058,3,2,5,NULL,223,'T627','04580','00620','m-t0627-04580-00620.jpg',1940),(4059,3,2,5,NULL,223,'T627','04580','00621','m-t0627-04580-00621.jpg',1940),(4060,3,2,5,NULL,223,'T627','04580','00622','m-t0627-04580-00622.jpg',1940),(4061,2,2,5,NULL,224,'T1224','00118','01082','m-t1224-00118-01082.jpg',1940),(4062,3,2,5,NULL,224,'T627','04580','00623','m-t0627-04580-00623.jpg',1940),(4063,3,2,5,NULL,224,'T627','04580','00624','m-t0627-04580-00624.jpg',1940),(4064,3,2,5,NULL,224,'T627','04580','00625','m-t0627-04580-00625.jpg',1940),(4065,3,2,5,NULL,224,'T627','04580','00626','m-t0627-04580-00626.jpg',1940),(4066,3,2,5,NULL,224,'T627','04580','00627','m-t0627-04580-00627.jpg',1940),(4067,3,2,5,NULL,224,'T627','04580','00628','m-t0627-04580-00628.jpg',1940),(4068,3,2,5,NULL,224,'T627','04580','00629','m-t0627-04580-00629.jpg',1940),(4069,3,2,5,NULL,224,'T627','04580','00630','m-t0627-04580-00630.jpg',1940),(4070,3,2,5,NULL,224,'T627','04580','00631','m-t0627-04580-00631.jpg',1940),(4071,3,2,5,NULL,224,'T627','04580','00632','m-t0627-04580-00632.jpg',1940),(4072,3,2,5,NULL,224,'T627','04580','00633','m-t0627-04580-00633.jpg',1940),(4073,3,2,5,NULL,224,'T627','04580','00634','m-t0627-04580-00634.jpg',1940),(4074,2,2,5,NULL,225,'T1224','00118','01083','m-t1224-00118-01083.jpg',1940),(4075,3,2,5,NULL,225,'T627','04580','00635','m-t0627-04580-00635.jpg',1940),(4076,3,2,5,NULL,225,'T627','04580','00636','m-t0627-04580-00636.jpg',1940),(4077,3,2,5,NULL,225,'T627','04580','00637','m-t0627-04580-00637.jpg',1940),(4078,3,2,5,NULL,225,'T627','04580','00638','m-t0627-04580-00638.jpg',1940),(4079,2,2,5,NULL,226,'T1224','00118','01083','m-t1224-00118-01083.jpg',1940),(4080,3,2,5,NULL,226,'T627','04580','00639','m-t0627-04580-00639.jpg',1940),(4081,3,2,5,NULL,226,'T627','04580','00640','m-t0627-04580-00640.jpg',1940),(4082,3,2,5,NULL,226,'T627','04580','00641','m-t0627-04580-00641.jpg',1940),(4083,3,2,5,NULL,226,'T627','04580','00642','m-t0627-04580-00642.jpg',1940),(4084,3,2,5,NULL,226,'T627','04580','00643','m-t0627-04580-00643.jpg',1940),(4085,3,2,5,NULL,226,'T627','04580','00644','m-t0627-04580-00644.jpg',1940),(4086,3,2,5,NULL,226,'T627','04580','00645','m-t0627-04580-00645.jpg',1940),(4087,3,2,5,NULL,226,'T627','04580','00646','m-t0627-04580-00646.jpg',1940),(4088,3,2,5,NULL,226,'T627','04580','00647','m-t0627-04580-00647.jpg',1940),(4089,3,2,5,NULL,226,'T627','04580','00648','m-t0627-04580-00648.jpg',1940),(4090,3,2,5,NULL,226,'T627','04580','00649','m-t0627-04580-00649.jpg',1940),(4091,2,2,5,NULL,227,'T1224','00118','01084','m-t1224-00118-01084.jpg',1940),(4092,3,2,5,NULL,227,'T627','04580','00919','m-t0627-04580-00919.jpg',1940),(4093,3,2,5,NULL,227,'T627','04580','00920','m-t0627-04580-00920.jpg',1940),(4094,3,2,5,NULL,227,'T627','04580','00921','m-t0627-04580-00921.jpg',1940),(4095,3,2,5,NULL,227,'T627','04580','00922','m-t0627-04580-00922.jpg',1940),(4096,3,2,5,NULL,227,'T627','04580','00923','m-t0627-04580-00923.jpg',1940),(4097,3,2,5,NULL,227,'T627','04580','00924','m-t0627-04580-00924.jpg',1940),(4098,3,2,5,NULL,227,'T627','04580','00925','m-t0627-04580-00925.jpg',1940),(4099,3,2,5,NULL,227,'T627','04580','00926','m-t0627-04580-00926.jpg',1940),(4100,3,2,5,NULL,227,'T627','04580','00927','m-t0627-04580-00927.jpg',1940),(4101,2,2,5,NULL,228,'T1224','00118','01084','m-t1224-00118-01084.jpg',1940),(4102,3,2,5,NULL,228,'T627','04580','00928','m-t0627-04580-00928.jpg',1940),(4103,3,2,5,NULL,228,'T627','04580','00929','m-t0627-04580-00929.jpg',1940),(4104,3,2,5,NULL,228,'T627','04580','00930','m-t0627-04580-00930.jpg',1940),(4105,3,2,5,NULL,228,'T627','04580','00931','m-t0627-04580-00931.jpg',1940),(4106,2,2,5,NULL,229,'T1224','00118','01084','m-t1224-00118-01084.jpg',1940),(4107,3,2,5,NULL,229,'T627','04580','00932','m-t0627-04580-00932.jpg',1940),(4108,3,2,5,NULL,229,'T627','04580','00933','m-t0627-04580-00933.jpg',1940),(4109,3,2,5,NULL,229,'T627','04580','00934','m-t0627-04580-00934.jpg',1940),(4110,3,2,5,NULL,229,'T627','04580','00935','m-t0627-04580-00935.jpg',1940),(4111,3,2,5,NULL,229,'T627','04580','00936','m-t0627-04580-00936.jpg',1940),(4112,3,2,5,NULL,229,'T627','04580','00937','m-t0627-04580-00937.jpg',1940),(4113,3,2,5,NULL,229,'T627','04580','00938','m-t0627-04580-00938.jpg',1940),(4114,3,2,5,NULL,229,'T627','04580','00939','m-t0627-04580-00939.jpg',1940),(4115,2,2,5,NULL,230,'T1224','00118','01084','m-t1224-00118-01084.jpg',1940),(4116,2,2,5,NULL,230,'T1224','00118','01085','m-t1224-00118-01085.jpg',1940),(4117,3,2,5,NULL,230,'T627','04580','00940','m-t0627-04580-00940.jpg',1940),(4118,3,2,5,NULL,230,'T627','04580','00941','m-t0627-04580-00941.jpg',1940),(4119,3,2,5,NULL,230,'T627','04580','00942','m-t0627-04580-00942.jpg',1940),(4120,3,2,5,NULL,230,'T627','04580','00943','m-t0627-04580-00943.jpg',1940),(4121,3,2,5,NULL,230,'T627','04580','00944','m-t0627-04580-00944.jpg',1940),(4122,3,2,5,NULL,230,'T627','04580','00945','m-t0627-04580-00945.jpg',1940),(4123,3,2,5,NULL,230,'T627','04580','00946','m-t0627-04580-00946.jpg',1940),(4124,3,2,5,NULL,230,'T627','04580','00947','m-t0627-04580-00947.jpg',1940),(4125,3,2,5,NULL,230,'T627','04580','00948','m-t0627-04580-00948.jpg',1940),(4126,3,2,5,NULL,230,'T627','04580','00949','m-t0627-04580-00949.jpg',1940),(4127,3,2,5,NULL,230,'T627','04580','00950','m-t0627-04580-00950.jpg',1940),(4128,3,2,5,NULL,230,'T627','04580','00951','m-t0627-04580-00951.jpg',1940),(4129,3,2,5,NULL,230,'T627','04580','00952','m-t0627-04580-00952.jpg',1940),(4130,3,2,5,NULL,230,'T627','04580','00953','m-t0627-04580-00953.jpg',1940),(4131,3,2,5,NULL,230,'T627','04580','00954','m-t0627-04580-00954.jpg',1940),(4132,3,2,5,NULL,230,'T627','04580','00955','m-t0627-04580-00955.jpg',1940),(4133,3,2,5,NULL,230,'T627','04580','00956','m-t0627-04580-00956.jpg',1940),(4134,3,2,5,NULL,230,'T627','04580','00957','m-t0627-04580-00957.jpg',1940),(4135,3,2,5,NULL,230,'T627','04580','00958','m-t0627-04580-00958.jpg',1940),(4136,3,2,5,NULL,230,'T627','04580','00959','m-t0627-04580-00959.jpg',1940),(4137,3,2,5,NULL,230,'T627','04580','00960','m-t0627-04580-00960.jpg',1940),(4138,3,2,5,NULL,230,'T627','04580','00961','m-t0627-04580-00961.jpg',1940),(4139,3,2,5,NULL,230,'T627','04580','00962','m-t0627-04580-00962.jpg',1940),(4140,3,2,5,NULL,230,'T627','04580','00963','m-t0627-04580-00963.jpg',1940),(4141,3,2,5,NULL,230,'T627','04580','00964','m-t0627-04580-00964.jpg',1940),(4142,3,2,5,NULL,230,'T627','04580','00965','m-t0627-04580-00965.jpg',1940),(4143,3,2,5,NULL,230,'T627','04580','00966','m-t0627-04580-00966.jpg',1940),(4144,3,2,5,NULL,230,'T627','04580','00967','m-t0627-04580-00967.jpg',1940),(4145,3,2,5,NULL,230,'T627','04580','00968','m-t0627-04580-00968.jpg',1940),(4146,3,2,5,NULL,230,'T627','04580','00969','m-t0627-04580-00969.jpg',1940),(4147,3,2,5,NULL,230,'T627','04580','00970','m-t0627-04580-00970.jpg',1940),(4148,3,2,5,NULL,230,'T627','04580','00971','m-t0627-04580-00971.jpg',1940),(4149,3,2,5,NULL,230,'T627','04580','00972','m-t0627-04580-00972.jpg',1940),(4150,3,2,5,NULL,230,'T627','04580','00973','m-t0627-04580-00973.jpg',1940),(4151,3,2,5,NULL,230,'T627','04580','00974','m-t0627-04580-00974.jpg',1940),(4152,3,2,5,NULL,230,'T627','04580','00975','m-t0627-04580-00975.jpg',1940),(4153,3,2,5,NULL,230,'T627','04580','00976','m-t0627-04580-00976.jpg',1940),(4154,3,2,5,NULL,230,'T627','04580','00977','m-t0627-04580-00977.jpg',1940),(4155,2,2,5,NULL,231,'T1224','00118','01085','m-t1224-00118-01085.jpg',1940),(4156,3,2,5,NULL,231,'T627','04580','00006','m-t0627-04580-00006.jpg',1940),(4157,3,2,5,NULL,231,'T627','04580','00007','m-t0627-04580-00007.jpg',1940),(4158,3,2,5,NULL,231,'T627','04580','00008','m-t0627-04580-00008.jpg',1940),(4159,3,2,5,NULL,231,'T627','04580','00009','m-t0627-04580-00009.jpg',1940),(4160,2,2,5,NULL,232,'T1224','00118','01085','m-t1224-00118-01085.jpg',1940),(4161,3,2,5,NULL,232,'T627','04580','00010','m-t0627-04580-00010.jpg',1940),(4162,3,2,5,NULL,232,'T627','04580','00011','m-t0627-04580-00011.jpg',1940),(4163,3,2,5,NULL,232,'T627','04580','00012','m-t0627-04580-00012.jpg',1940),(4164,3,2,5,NULL,232,'T627','04580','00013','m-t0627-04580-00013.jpg',1940),(4165,2,2,5,NULL,233,'T1224','00118','01085','m-t1224-00118-01085.jpg',1940),(4166,3,2,5,NULL,233,'T627','04580','00014','m-t0627-04580-00014.jpg',1940),(4167,3,2,5,NULL,233,'T627','04580','00015','m-t0627-04580-00015.jpg',1940),(4168,2,2,5,NULL,234,'T1224','00118','01085','m-t1224-00118-01085.jpg',1940),(4169,3,2,5,NULL,234,'T627','04580','00016','m-t0627-04580-00016.jpg',1940),(4170,3,2,5,NULL,234,'T627','04580','00017','m-t0627-04580-00017.jpg',1940),(4171,2,2,5,NULL,235,'T1224','00118','01085','m-t1224-00118-01085.jpg',1940),(4172,3,2,5,NULL,235,'T627','04580','00018','m-t0627-04580-00018.jpg',1940),(4173,3,2,5,NULL,235,'T627','04580','00019','m-t0627-04580-00019.jpg',1940),(4174,3,2,5,NULL,235,'T627','04580','00020','m-t0627-04580-00020.jpg',1940),(4175,3,2,5,NULL,235,'T627','04580','00021','m-t0627-04580-00021.jpg',1940),(4176,2,2,5,NULL,236,'T1224','00118','01086','m-t1224-00118-01086.jpg',1940),(4177,3,2,5,NULL,236,'T627','04580','00022','m-t0627-04580-00022.jpg',1940),(4178,3,2,5,NULL,236,'T627','04580','00023','m-t0627-04580-00023.jpg',1940),(4179,3,2,5,NULL,236,'T627','04580','00024','m-t0627-04580-00024.jpg',1940),(4180,3,2,5,NULL,236,'T627','04580','00025','m-t0627-04580-00025.jpg',1940),(4181,3,2,5,NULL,236,'T627','04580','00026','m-t0627-04580-00026.jpg',1940),(4182,3,2,5,NULL,236,'T627','04580','00027','m-t0627-04580-00027.jpg',1940),(4183,3,2,5,NULL,236,'T627','04580','00028','m-t0627-04580-00028.jpg',1940),(4184,3,2,5,NULL,236,'T627','04580','00029','m-t0627-04580-00029.jpg',1940),(4185,3,2,5,NULL,236,'T627','04580','00030','m-t0627-04580-00030.jpg',1940),(4186,3,2,5,NULL,236,'T627','04580','00031','m-t0627-04580-00031.jpg',1940),(4187,3,2,5,NULL,236,'T627','04580','00032','m-t0627-04580-00032.jpg',1940),(4188,3,2,5,NULL,236,'T627','04580','00033','m-t0627-04580-00033.jpg',1940),(4189,3,2,5,NULL,236,'T627','04580','00034','m-t0627-04580-00034.jpg',1940),(4190,3,2,5,NULL,236,'T627','04580','00035','m-t0627-04580-00035.jpg',1940),(4191,2,2,5,NULL,237,'T1224','00118','01086','m-t1224-00118-01086.jpg',1940),(4192,3,2,5,NULL,237,'T627','04580','00036','m-t0627-04580-00036.jpg',1940),(4193,3,2,5,NULL,237,'T627','04580','00037','m-t0627-04580-00037.jpg',1940),(4194,3,2,5,NULL,237,'T627','04580','00038','m-t0627-04580-00038.jpg',1940),(4195,3,2,5,NULL,237,'T627','04580','00039','m-t0627-04580-00039.jpg',1940),(4196,2,2,5,NULL,238,'T1224','00118','01086','m-t1224-00118-01086.jpg',1940),(4197,3,2,5,NULL,238,'T627','04580','00040','m-t0627-04580-00040.jpg',1940),(4198,3,2,5,NULL,238,'T627','04580','00041','m-t0627-04580-00041.jpg',1940),(4199,3,2,5,NULL,238,'T627','04580','00042','m-t0627-04580-00042.jpg',1940),(4200,3,2,5,NULL,238,'T627','04580','00043','m-t0627-04580-00043.jpg',1940),(4201,3,2,5,NULL,238,'T627','04580','00044','m-t0627-04580-00044.jpg',1940),(4202,3,2,5,NULL,238,'T627','04580','00045','m-t0627-04580-00045.jpg',1940),(4203,2,2,5,NULL,239,'T1224','00118','01086','m-t1224-00118-01086.jpg',1940),(4204,3,2,5,NULL,239,'T627','04580','00046','m-t0627-04580-00046.jpg',1940),(4205,3,2,5,NULL,239,'T627','04580','00047','m-t0627-04580-00047.jpg',1940),(4206,2,2,5,NULL,240,'T1224','00118','01086','m-t1224-00118-01086.jpg',1940),(4207,3,2,5,NULL,240,'T627','04580','00048','m-t0627-04580-00048.jpg',1940),(4208,3,2,5,NULL,240,'T627','04580','00049','m-t0627-04580-00049.jpg',1940),(4209,2,2,5,NULL,241,'T1224','00118','01086','m-t1224-00118-01086.jpg',1940),(4210,3,2,5,NULL,241,'T627','04580','00050','m-t0627-04580-00050.jpg',1940),(4211,3,2,5,NULL,241,'T627','04580','00051','m-t0627-04580-00051.jpg',1940),(4212,3,2,5,NULL,241,'T627','04580','00052','m-t0627-04580-00052.jpg',1940),(4213,3,2,5,NULL,241,'T627','04580','00053','m-t0627-04580-00053.jpg',1940),(4214,3,2,5,NULL,241,'T627','04580','00054','m-t0627-04580-00054.jpg',1940),(4215,3,2,5,NULL,241,'T627','04580','00055','m-t0627-04580-00055.jpg',1940),(4216,3,2,5,NULL,241,'T627','04580','00056','m-t0627-04580-00056.jpg',1940),(4217,3,2,5,NULL,241,'T627','04580','00057','m-t0627-04580-00057.jpg',1940),(4218,2,2,5,NULL,242,'T1224','00118','01087','m-t1224-00118-01087.jpg',1940),(4219,3,2,5,NULL,242,'T627','04580','00058','m-t0627-04580-00058.jpg',1940),(4220,3,2,5,NULL,242,'T627','04580','00059','m-t0627-04580-00059.jpg',1940),(4221,3,2,5,NULL,242,'T627','04580','00060','m-t0627-04580-00060.jpg',1940),(4222,3,2,5,NULL,242,'T627','04580','00061','m-t0627-04580-00061.jpg',1940),(4223,3,2,5,NULL,242,'T627','04580','00062','m-t0627-04580-00062.jpg',1940),(4224,3,2,5,NULL,242,'T627','04580','00063','m-t0627-04580-00063.jpg',1940),(4225,3,2,5,NULL,242,'T627','04580','00064','m-t0627-04580-00064.jpg',1940),(4226,3,2,5,NULL,242,'T627','04580','00065','m-t0627-04580-00065.jpg',1940),(4227,3,2,5,NULL,242,'T627','04580','00066','m-t0627-04580-00066.jpg',1940),(4228,3,2,5,NULL,242,'T627','04580','00067','m-t0627-04580-00067.jpg',1940),(4229,3,2,5,NULL,242,'T627','04580','00068','m-t0627-04580-00068.jpg',1940),(4230,3,2,5,NULL,242,'T627','04580','00069','m-t0627-04580-00069.jpg',1940),(4231,3,2,5,NULL,242,'T627','04580','00070','m-t0627-04580-00070.jpg',1940),(4232,3,2,5,NULL,242,'T627','04580','00071','m-t0627-04580-00071.jpg',1940),(4233,2,2,5,NULL,243,'T1224','00118','01087','m-t1224-00118-01087.jpg',1940),(4234,3,2,5,NULL,243,'T627','04580','00072','m-t0627-04580-00072.jpg',1940),(4235,3,2,5,NULL,243,'T627','04580','00073','m-t0627-04580-00073.jpg',1940),(4236,3,2,5,NULL,243,'T627','04580','00074','m-t0627-04580-00074.jpg',1940),(4237,3,2,5,NULL,243,'T627','04580','00075','m-t0627-04580-00075.jpg',1940),(4238,3,2,5,NULL,243,'T627','04580','00076','m-t0627-04580-00076.jpg',1940),(4239,3,2,5,NULL,243,'T627','04580','00077','m-t0627-04580-00077.jpg',1940),(4240,3,2,5,NULL,243,'T627','04580','00078','m-t0627-04580-00078.jpg',1940),(4241,3,2,5,NULL,243,'T627','04580','00079','m-t0627-04580-00079.jpg',1940),(4242,1,2,5,8,NULL,'A3378','00073','00031','m-a3378-00073-00031.jpg',1940),(4243,1,2,5,8,NULL,'A3378','00073','00032','m-a3378-00073-00032.jpg',1940),(4244,1,2,5,8,NULL,'A3378','00073','00033','m-a3378-00073-00033.jpg',1940),(4245,1,2,5,8,NULL,'A3378','00073','00034','m-a3378-00073-00034.jpg',1940),(4246,1,2,5,NULL,NULL,'A3378','00073','00077','m-a3378-00073-00077.jpg',1940),(4247,1,2,5,NULL,NULL,'A3378','00073','00078','m-a3378-00073-00078.jpg',1940),(4248,1,2,5,NULL,NULL,'A3378','00073','00079','m-a3378-00073-00079.jpg',1940),(4249,1,2,5,NULL,NULL,'A3378','00073','00080','m-a3378-00073-00080.jpg',1940),(4250,1,2,5,NULL,NULL,'A3378','00073','00081','m-a3378-00073-00081.jpg',1940),(4251,1,2,5,NULL,NULL,'A3378','00073','00082','m-a3378-00073-00082.jpg',1940);
/*!40000 ALTER TABLE `map_image` ENABLE KEYS */;
UNLOCK TABLES;

--
-- Table structure for table `record_type`
--

DROP TABLE IF EXISTS `record_type`;
/*!40101 SET @saved_cs_client     = @@character_set_client */;
/*!50503 SET character_set_client = utf8mb4 */;
CREATE TABLE `record_type` (
  `id` int(11) NOT NULL AUTO_INCREMENT,
  `name` varchar(20) COLLATE utf8mb4_unicode_ci NOT NULL,
  `label` varchar(20) COLLATE utf8mb4_unicode_ci NOT NULL,
  PRIMARY KEY (`id`)
) ENGINE=InnoDB AUTO_INCREMENT=4 DEFAULT CHARSET=utf8mb4 COLLATE=utf8mb4_unicode_ci;
/*!40101 SET character_set_client = @saved_cs_client */;

--
-- Dumping data for table `record_type`
--

LOCK TABLES `record_type` WRITE;
/*!40000 ALTER TABLE `record_type` DISABLE KEYS */;
INSERT INTO `record_type` VALUES (1,'maps','Maps'),(2,'descriptions','Descriptions'),(3,'schedules','Schedules');
/*!40000 ALTER TABLE `record_type` ENABLE KEYS */;
UNLOCK TABLES;

--
-- Table structure for table `state`
--

DROP TABLE IF EXISTS `state`;
/*!40101 SET @saved_cs_client     = @@character_set_client */;
/*!50503 SET character_set_client = utf8mb4 */;
CREATE TABLE `state` (
  `id` int(11) NOT NULL AUTO_INCREMENT,
  `name` varchar(40) COLLATE utf8mb4_unicode_ci NOT NULL,
  `abbr` varchar(2) COLLATE utf8mb4_unicode_ci NOT NULL,
  PRIMARY KEY (`id`)
) ENGINE=InnoDB AUTO_INCREMENT=57 DEFAULT CHARSET=utf8mb4 COLLATE=utf8mb4_unicode_ci;
/*!40101 SET character_set_client = @saved_cs_client */;

--
-- Dumping data for table `state`
--

LOCK TABLES `state` WRITE;
/*!40000 ALTER TABLE `state` DISABLE KEYS */;
INSERT INTO `state` VALUES (1,'Alabama','AL'),(2,'Alaska','AK'),(3,'American Samoa','AS'),(4,'Arizona','AZ'),(5,'Arkansas','AR'),(6,'California','CA'),(7,'Colorado','CO'),(8,'Connecticut','CT'),(9,'Delaware','DE'),(10,'District of Columbia','DC'),(11,'Florida','FL'),(12,'Georgia','GA'),(13,'Guam','GU'),(14,'Hawaii','HI'),(15,'Idaho','ID'),(16,'Illinois','IL'),(17,'Indiana','IN'),(18,'Iowa','IA'),(19,'Kansas','KS'),(20,'Kentucky','KY'),(21,'Louisiana','LA'),(22,'Maine','ME'),(23,'Maryland','MD'),(24,'Massachusetts','MA'),(25,'Michigan','MI'),(26,'Minnesota','MN'),(27,'Mississippi','MS'),(28,'Missouri','MO'),(29,'Montana','MT'),(30,'Nebraska','NE'),(31,'Nevada','NV'),(32,'New Hampshire','NH'),(33,'New Jersey','NJ'),(34,'New Mexico','NM'),(35,'New York','NY'),(36,'North Carolina','NC'),(37,'North Dakota','ND'),(38,'Ohio','OH'),(39,'Oklahoma','OK'),(40,'Oregon','OR'),(41,'Pennsylvania','PA'),(42,'Trust Territory of the Pacific Islands','PC'),(43,'Puerto Rico','PR'),(44,'Rhode Island','RI'),(45,'South Carolina','SC'),(46,'South Dakota','SD'),(47,'Tennessee','TN'),(48,'Texas','TX'),(49,'Utah','UT'),(50,'Vermont','VT'),(51,'Virginia','VA'),(52,'Virgin Islands','VI'),(53,'Washington','WA'),(54,'West Virginia','WV'),(55,'Wisconsin','WI'),(56,'Wyoming','WY');
/*!40000 ALTER TABLE `state` ENABLE KEYS */;
UNLOCK TABLES;
/*!40103 SET TIME_ZONE=@OLD_TIME_ZONE */;

/*!40101 SET SQL_MODE=@OLD_SQL_MODE */;
/*!40014 SET FOREIGN_KEY_CHECKS=@OLD_FOREIGN_KEY_CHECKS */;
/*!40014 SET UNIQUE_CHECKS=@OLD_UNIQUE_CHECKS */;
/*!40101 SET CHARACTER_SET_CLIENT=@OLD_CHARACTER_SET_CLIENT */;
/*!40101 SET CHARACTER_SET_RESULTS=@OLD_CHARACTER_SET_RESULTS */;
/*!40101 SET COLLATION_CONNECTION=@OLD_COLLATION_CONNECTION */;
/*!40111 SET SQL_NOTES=@OLD_SQL_NOTES */;

-- Dump completed on 2020-08-10  1:17:41
